{"format_version":"1.8.0","animations":{"animation.spark.kamino_door_large.open":{"loop":"hold_on_last_frame","animation_length":1,"bones":{"door_part_1":{"position":{"0.0":[0,0,0],"0.04":[1.57162,0,0],"0.08":[4.48733,0,0],"0.12":[7.81751,0,0],"0.16":[11.26685,0,0],"0.2":[14.70385,0,0],"0.24":[18.05982,0,0],"0.28":[21.2956,0,0],"0.32":[24.38693,0,0],"0.36":[27.31938,0,0],"0.4":[30.08295,0,0],"0.44":[32.67198,0,0],"0.48":[35.08229,0,0],"0.52":[37.31218,0,0],"0.56":[39.35966,0,0],"0.6":[41.22509,0,0],"0.64":[42.9082,0,0],"0.68":[44.40959,0,0],"0.72":[45.7306,0,0],"0.76":[46.87036,0,0],"0.8":[47.83231,0,0],"0.84":[48.61606,0,0],"0.88":[49.2231,0,0],"0.92":[49.6552,0,0],"0.96":[49.91366,0,0],"1.0":[50,0,0]}},"door_part_2":{"position":{"0.0":[0,0,0],"0.04":[-1.57162,0,0],"0.08":[-4.48733,0,0],"0.12":[-7.81751,0,0],"0.16":[-11.26685,0,0],"0.2":[-14.70385,0,0],"0.24":[-18.05982,0,0],"0.28":[-21.2956,0,0],"0.32":[-24.38693,0,0],"0.36":[-27.31938,0,0],"0.4":[-30.08295,0,0],"0.44":[-32.67198,0,0],"0.48":[-35.08229,0,0],"0.52":[-37.31218,0,0],"0.56":[-39.35966,0,0],"0.6":[-41.22509,0,0],"0.64":[-42.9082,0,0],"0.68":[-44.40959,0,0],"0.72":[-45.7306,0,0],"0.76":[-46.87036,0,0],"0.8":[-47.83231,0,0],"0.84":[-48.61606,0,0],"0.88":[-49.2231,0,0],"0.92":[-49.6552,0,0],"0.96":[-49.91366,0,0],"1.0":[-50,0,0]}}}},"animation.spark.kamino_door_large.close":{"loop":"hold_on_last_frame","animation_length":1,"bones":{"door_part_1":{"position":{"0.0":[50,0,0],"0.04":[45.56995,0,0],"0.08":[41.63207,0,0],"0.12":[37.96402,0,0],"0.16":[34.5195,0,0],"0.2":[31.27481,0,0],"0.24":[28.2157,0,0],"0.28":[25.3315,0,0],"0.32":[22.61589,0,0],"0.36":[20.06301,0,0],"0.4":[17.66878,0,0],"0.44":[15.43148,0,0],"0.48":[13.34768,0,0],"0.52":[11.41609,0,0],"0.56":[9.63537,0,0],"0.6":[8.00526,0,0],"0.64":[6.52504,0,0],"0.68":[5.19472,0,0],"0.72":[4.0139,0,0],"0.76":[2.98329,0,0],"0.8":[2.10365,0,0],"0.84":[1.37579,0,0],"0.88":[0.80058,0,0],"0.92":[0.37889,0,0],"0.96":[0.1117,0,0],"1.0":[0,0,0]}},"door_part_2":{"position":{"0.0":[-50,0,0],"0.04":[-45.51819,0,0],"0.08":[-41.50389,0,0],"0.12":[-37.76728,0,0],"0.16":[-34.26301,0,0],"0.2":[-30.967,0,0],"0.24":[-27.86394,0,0],"0.28":[-24.94421,0,0],"0.32":[-22.19971,0,0],"0.36":[-19.62537,0,0],"0.4":[-17.2171,0,0],"0.44":[-14.97113,0,0],"0.48":[-12.88568,0,0],"0.52":[-10.95834,0,0],"0.56":[-9.18767,0,0],"0.6":[-7.5738,0,0],"0.64":[-6.11471,0,0],"0.68":[-4.81124,0,0],"0.72":[-3.66231,0,0],"0.76":[-2.6685,0,0],"0.8":[-1.83043,0,0],"0.84":[-1.14873,0,0],"0.88":[-0.62411,0,0],"0.92":[-0.25726,0,0],"0.96":[-0.04896,0,0],"1.0":[0,0,0]}}}},"animation.spark.kamino_door_large.opened":{"loop":true,"bones":{"door_part_1":{"position":[50,0,0]},"door_part_2":{"position":[-50,0,0]}}},"animation.spark.kamino_door_large.closed":{"loop":true,"bones":{"door_part_1":{"position":[50,0,0]},"door_part_2":{"position":[-50,0,0]}}}}}
