{"format_version":"1.8.0","animations":{"animation.spark.torren_gate_large.open":{"loop":"hold_on_last_frame","animation_length":1.16,"sound_effects":{"0.0":[{"effect":"door_sound"}]},"bones":{"gate_left2":{"position":{"0.0":[0,0,0],"0.04":[1.14314,0,0],"0.08":[3.39749,0,0],"0.12":[5.97435,0,0],"0.16":[8.69793,0,0],"0.2":[11.49354,0,0],"0.28":[17.15433,0,0],"0.32":[19.97665,0,0],"0.36":[22.7747,0,0],"0.4":[25.5378,0,0],"0.44":[28.25715,0,0],"0.48":[30.92482,0,0],"0.52":[33.53349,0,0],"0.56":[36.07576,0,0],"0.6":[38.54477,0,0],"0.64":[40.93373,0,0],"0.68":[43.23421,0,0],"0.72":[45.43951,0,0],"0.76":[47.53979,0,0],"0.8":[49.52695,0,0],"0.84":[51.38967,0,0],"0.88":[53.11716,0,0],"0.92":[54.69574,0,0],"0.96":[56.11114,0,0],"1.0":[57.34482,0,0],"1.04":[58.37786,0,0],"1.08":[59.18564,0,0],"1.12":[59.73788,0,0],"1.16":[60,0,0]}},"gate_right2":{"position":{"0.0":[0,0,0],"0.04":[-1.96057,0,0],"0.08":[-4.62467,0,0],"0.12":[-7.47149,0,0],"0.16":[-10.38609,0,0],"0.24":[-16.24604,0,0],"0.28":[-19.14809,0,0],"0.32":[-22.01392,0,0],"0.36":[-24.83456,0,0],"0.4":[-27.6021,0,0],"0.44":[-30.30996,0,0],"0.48":[-32.95184,0,0],"0.52":[-35.52174,0,0],"0.56":[-38.01322,0,0],"0.6":[-40.42029,0,0],"0.64":[-42.73683,0,0],"0.68":[-44.95481,0,0],"0.72":[-47.06806,0,0],"0.76":[-49.0669,0,0],"0.8":[-50.94353,0,0],"0.84":[-52.68669,0,0],"0.88":[-54.28565,0,0],"0.92":[-55.72663,0,0],"0.96":[-56.99528,0,0],"1.0":[-58.07276,0,0],"1.04":[-58.93987,0,0],"1.08":[-59.57148,0,0],"1.12":[-59.93665,0,0],"1.16":[-60,0,0]}}}},"animation.spark.torren_gate_large.close":{"loop":"hold_on_last_frame","animation_length":1.16,"sound_effects":{"0.0":[{"effect":"door_sound"}]},"bones":{"gate_left2":{"position":{"0.0":[60,0,0],"0.04":[59.37668,0,0],"0.08":[58.07964,0,0],"0.12":[56.38913,0,0],"0.16":[54.43944,0,0],"0.2":[52.30634,0,0],"0.24":[50.03909,0,0],"0.28":[47.67137,0,0],"0.32":[45.22775,0,0],"0.36":[42.72764,0,0],"0.4":[40.18615,0,0],"0.44":[37.61631,0,0],"0.56":[29.84307,0,0],"0.6":[27.26218,0,0],"0.64":[24.70128,0,0],"0.68":[22.16945,0,0],"0.72":[19.67626,0,0],"0.76":[17.23217,0,0],"0.8":[14.84885,0,0],"0.84":[12.53972,0,0],"0.88":[10.32054,0,0],"0.92":[8.21021,0,0],"0.96":[6.23296,0,0],"1.0":[4.41956,0,0],"1.04":[2.81256,0,0],"1.08":[1.47051,0,0],"1.12":[0.48341,0,0],"1.16":[0,0,0]}},"gate_right2":{"position":{"0.0":[-60,0,0],"0.04":[-59.73788,0,0],"0.08":[-59.18564,0,0],"0.12":[-58.37786,0,0],"0.16":[-57.34482,0,0],"0.2":[-56.11114,0,0],"0.24":[-54.69574,0,0],"0.28":[-53.11716,0,0],"0.32":[-51.38967,0,0],"0.36":[-49.52695,0,0],"0.4":[-47.53979,0,0],"0.44":[-45.43951,0,0],"0.48":[-43.23421,0,0],"0.52":[-40.93373,0,0],"0.56":[-38.54477,0,0],"0.6":[-36.07576,0,0],"0.64":[-33.53349,0,0],"0.68":[-30.92482,0,0],"0.72":[-28.25715,0,0],"0.76":[-25.5378,0,0],"0.8":[-22.7747,0,0],"0.84":[-19.97665,0,0],"0.88":[-17.15433,0,0],"0.96":[-11.49354,0,0],"1.0":[-8.69793,0,0],"1.04":[-5.97435,0,0],"1.08":[-3.39749,0,0],"1.12":[-1.14314,0,0],"1.16":[0,0,0]}}}},"animation.spark.torren_gate_large.opened":{"loop":true,"bones":{"gate_left2":{"position":[60,0,0]},"gate_right2":{"position":[-25,0,0]}}},"animation.spark.torren_gate_large.closed":{"loop":true}}}
