{"format_version":"1.8.0","animations":{"animation.spark.torren_gate_small.open":{"loop":"hold_on_last_frame","animation_length":1.16,"sound_effects":{"0.0":[{"effect":"door_sound"}]},"bones":{"gate_left2":{"position":{"0.0":[0,0,0],"0.04":[0.1834,0,0],"0.08":[0.72891,0,0],"0.12":[1.63545,0,0],"0.16":[2.89443,0,0],"0.2":[4.49343,0,0],"0.24":[6.41555,0,0],"0.28":[8.63908,0,0],"0.32":[11.1372,0,0],"0.36":[13.87664,0,0],"0.4":[16.82133,0,0],"0.44":[19.93036,0,0],"0.48":[23.15991,0,0],"0.52":[26.46443,0,0],"0.56":[29.79752,0,0],"0.6":[33.11342,0,0],"0.64":[36.36835,0,0],"0.68":[39.52056,0,0],"0.72":[42.53282,0,0],"0.76":[45.37176,0,0],"0.8":[48.00843,0,0],"0.84":[50.41872,0,0],"0.88":[52.58336,0,0],"0.92":[54.48532,0,0],"0.96":[56.11587,0,0],"1.0":[57.46435,0,0],"1.04":[58.52808,0,0],"1.08":[59.30466,0,0],"1.12":[59.79441,0,0],"1.16":[60,0,0]}},"gate_right2":{"position":{"0.0":[0,0,0],"0.04":[-0.20699,0,0],"0.08":[-0.7481,0,0],"0.12":[-1.62118,0,0],"0.16":[-2.82476,0,0],"0.2":[-4.34847,0,0],"0.24":[-6.18091,0,0],"0.28":[-8.30588,0,0],"0.32":[-10.70217,0,0],"0.36":[-13.34354,0,0],"0.4":[-16.19903,0,0],"0.44":[-19.23399,0,0],"0.48":[-22.40863,0,0],"0.52":[-25.68061,0,0],"0.6":[-32.33804,0,0],"0.64":[-35.6324,0,0],"0.68":[-38.84511,0,0],"0.72":[-41.93453,0,0],"0.76":[-44.86235,0,0],"0.8":[-47.59494,0,0],"0.84":[-50.10268,0,0],"0.88":[-52.3607,0,0],"0.92":[-54.34905,0,0],"0.96":[-56.05167,0,0],"1.0":[-57.45668,0,0],"1.04":[-58.5573,0,0],"1.08":[-59.34914,0,0],"1.12":[-59.82944,0,0],"1.16":[-60,0,0]}}}},"animation.spark.torren_gate_small.close":{"loop":"hold_on_last_frame","animation_length":1.16,"sound_effects":{"0.0":[{"effect":"door_sound"}]},"bones":{"gate_left2":{"position":{"0.0":[60,0,0],"0.04":[59.7627,0,0],"0.08":[59.17787,0,0],"0.12":[58.26367,0,0],"0.16":[57.0449,0,0],"0.2":[55.54174,0,0],"0.24":[53.77752,0,0],"0.28":[51.77504,0,0],"0.32":[49.55603,0,0],"0.36":[47.14518,0,0],"0.4":[44.56577,0,0],"0.44":[41.84138,0,0],"0.48":[38.99743,0,0],"0.52":[36.05898,0,0],"0.56":[33.05176,0,0],"0.6":[30.00215,0,0],"0.64":[26.93761,0,0],"0.68":[23.88615,0,0],"0.72":[20.87669,0,0],"0.76":[17.93912,0,0],"0.8":[15.1044,0,0],"0.84":[12.40464,0,0],"0.88":[9.87319,0,0],"0.92":[7.54473,0,0],"0.96":[5.45604,0,0],"1.0":[3.64505,0,0],"1.04":[2.15084,0,0],"1.08":[1.01522,0,0],"1.12":[0.28378,0,0],"1.16":[0,0,0]}},"gate_right2":{"position":{"0.0":[-60,0,0],"0.04":[-59.71423,0,0],"0.08":[-59.10739,0,0],"0.12":[-58.21403,0,0],"0.16":[-57.06314,0,0],"0.2":[-55.68236,0,0],"0.24":[-54.0946,0,0],"0.28":[-52.32026,0,0],"0.32":[-50.37774,0,0],"0.36":[-48.28378,0,0],"0.4":[-46.0538,0,0],"0.44":[-43.70221,0,0],"0.48":[-41.24266,0,0],"0.52":[-38.68828,0,0],"0.56":[-36.05192,0,0],"0.6":[-33.34639,0,0],"0.64":[-30.5847,0,0],"0.68":[-27.78028,0,0],"0.72":[-24.94728,0,0],"0.8":[-19.26001,0,0],"0.84":[-16.44291,0,0],"0.88":[-13.67368,0,0],"0.92":[-10.98101,0,0],"0.96":[-8.40185,0,0],"1.0":[-5.98423,0,0],"1.04":[-3.79542,0,0],"1.08":[-1.93693,0,0],"1.12":[-0.57122,0,0],"1.16":[0,0,0]}}}},"animation.spark.torren_gate_small.opened":{"loop":true,"bones":{"gate_left2":{"position":[25,0,0]},"gate_right2":{"position":[-25,0,0]}}},"animation.spark.torren_gate_small.closed":{"loop":true}}}
