{"format_version":"1.8.0","animations":{"animation.spark.falumpaset.idle":{"loop":true,"animation_length":3,"bones":{"body":{"rotation":{"0.0":[7.49658,-0.1308,2.99715],"0.1":[7.49659,-0.12002,2.91523],"0.2":[7.49661,-0.10482,2.79961],"0.3":[7.49663,-0.08395,2.64094],"0.4":[7.5,-0.05,2.36],"0.5":[7.5,-0.01,2.07],"0.6":[7.49674,0.02823,1.78816],"0.9":[7.4969,0.19388,0.75377],"1.0":[7.5,0.22,0.46],"1.1":[7.5,0.25,0.17],"1.2":[7.49506,0.27959,-0.11528],"1.3":[7.49464,0.29878,-0.25952],"1.4":[7.49431,0.31434,-0.37644],"1.5":[7.49404,0.3268,-0.47008],"1.6":[7.49432,0.3136,-0.3709],"1.7":[7.49467,0.29736,-0.24882],"1.8":[7.4951,0.27757,-0.10013],"1.9":[7.5,0.25,0.17],"2.0":[7.5,0.22,0.45],"2.1":[7.49696,0.19123,0.72373],"2.4":[7.49857,0.02117,1.84645],"2.5":[7.5,-0.01,2.11],"2.6":[7.5,-0.05,2.38],"2.7":[7.49956,-0.08405,2.64932],"2.8":[7.49976,-0.10422,2.80324],"2.9":[7.4999,-0.11918,2.9174],"3.0":[7.5,-0.13,3]},"position":{"0.0":[0,-2.575,0],"0.1":[0,-2.54894,0],"0.2":[0,-2.51364,0],"0.3":[0,-2.46687,0],"0.4":[0,-2.39,0],"0.5":[0,-2.31,0],"0.6":[0,-2.23,0],"0.9":[0,-1.99425,0],"1.0":[0,-1.94,0],"1.1":[0,-1.88,0],"1.2":[0,-1.82336,0],"1.3":[0,-1.77799,0],"1.4":[0,-1.74435,0],"1.5":[0,-1.72,0],"1.6":[0,-1.72249,0],"1.7":[0,-1.72876,0],"1.8":[0,-1.74185,0],"1.9":[0,-1.76616,0],"2.0":[0,-1.80746,0],"2.1":[0,-1.87288,0],"2.4":[0,-2.30558,0],"2.5":[0,-2.42977,0],"2.6":[0,-2.50341,0],"2.7":[0,-2.54287,0],"2.8":[0,-2.56121,0],"2.9":[0,-2.56813,0],"3.0":[0,-2.57,0]}},"neck":{"rotation":{"0.0":[0,0,-3.025],"0.1":[0.04546,0.02784,-2.93402],"0.2":[0.11368,0.05885,-2.81224],"0.3":[0.21224,0.09329,-2.65272],"0.4":[0.35027,0.13146,-2.44735],"0.5":[0.53841,0.17363,-2.18692],"1.0":[1.9688,0.45588,0.11863],"1.1":[2.20206,0.50346,0.4419],"1.2":[2.37078,0.54653,0.69465],"1.3":[2.48924,0.58541,0.81021],"1.4":[2.56958,0.6204,0.89578],"1.5":[2.6218,0.65182,0.95744],"1.6":[2.55411,0.61215,0.89081],"1.7":[2.46349,0.57005,0.80005],"1.8":[2.34459,0.5254,0.67937],"1.9":[2.19126,0.47808,0.42197],"2.0":[1.99657,0.42799,0.09507],"2.5":[0.49972,0.15883,-2.22271],"2.6":[0.29339,0.10455,-2.47685],"2.7":[0.15826,0.06417,-2.67498],"2.8":[0.07445,0.03484,-2.82689],"2.9":[0.02583,0.01414,-2.94114],"3.0":[0,0,-3.025]}},"leg_front_right":{"rotation":{"0.0":[0.28594,0,-2.5],"0.1":[0.26439,0,-2.5],"0.2":[0.25,0,-2.5],"0.3":[0.26817,0,-2.5],"0.4":[0.29233,0,-2.5],"0.5":[0.32383,0,-2.5],"0.6":[0.3642,0,-2.5],"0.7":[0.41521,0,-2.5],"0.8":[0.47881,0,-2.5],"1.1":[0.75975,0,-2.5],"1.2":[0.82376,0,-2.5],"1.3":[0.87613,0,-2.5],"1.4":[0.91853,0,-2.5],"1.5":[0.95244,0,-2.5],"1.6":[0.9792,0,-2.5],"1.7":[1,0,-2.5],"1.8":[0.97867,0,-2.5],"1.9":[0.95163,0,-2.5],"2.0":[0.91784,0,-2.5],"2.1":[0.87611,0,-2.5],"2.2":[0.82511,0,-2.5],"2.3":[0.76338,0,-2.5],"2.6":[0.49718,0,-2.5],"2.7":[0.41901,0,-2.5],"2.8":[0.3602,0,-2.5],"2.9":[0.31695,0,-2.5],"3.0":[0.28594,0,-2.5]},"position":{"0.0":[0,0,0.49984],"0.1":[0,0,0.51493],"0.2":[0,0,0.525],"0.3":[0,0,0.51223],"0.4":[0,0,0.49524],"0.5":[0,0,0.4731],"0.6":[0,0,0.44471],"0.7":[0,0,0.40885],"0.8":[0,0,0.36414],"1.1":[0,0,0.16786],"1.2":[0,0,0.12313],"1.3":[0,0,0.08654],"1.4":[0,0,0.05692],"1.5":[0,0,0.03323],"1.6":[0,0,0.01453],"1.7":[0,0,0],"1.8":[0,0,0.01493],"1.9":[0,0,0.03386],"2.0":[0,0,0.05751],"2.1":[0,0,0.08672],"2.2":[0,0,0.12242],"2.3":[0,0,0.16563],"2.6":[0,0,0.35197],"2.7":[0,0,0.4067],"2.8":[0,0,0.44786],"2.9":[0,0,0.47814],"3.0":[0,0,0.49984]}},"leg_front_left":{"rotation":{"0.0":[0.0478,0,2.5],"0.1":[0.02083,0,2.5],"0.2":[0,0,2.5],"0.3":[0.03353,0,2.5],"0.4":[0.07254,0,2.5],"0.5":[0.11768,0,2.5],"0.6":[0.16965,0,2.5],"0.7":[0.24447,0,2.5],"1.2":[0.74676,0,2.5],"1.3":[0.83091,0,2.5],"1.4":[0.88572,0,2.5],"1.5":[0.9314,0,2.5],"1.6":[0.96914,0,2.5],"1.7":[1,0,2.5],"1.8":[0.97618,0,2.5],"1.9":[0.94482,0,2.5],"2.0":[0.90432,0,2.5],"2.1":[0.85285,0,2.5],"2.2":[0.7756,0,2.5],"2.7":[0.20796,0,2.5],"2.8":[0.12531,0,2.5],"2.9":[0.08216,0,2.5],"3.0":[0.0478,0,2.5]},"position":{"0.0":[0,0,-0.02997],"0.1":[0,0,-0.01306],"0.2":[0,0,0],"0.3":[0,0,-0.02102],"0.4":[0,0,-0.04547],"0.5":[0,0,-0.07377],"0.6":[0,0,-0.10635],"0.7":[0,0,-0.15309],"1.2":[0,0,-0.46687],"1.3":[0,0,-0.51941],"1.4":[0,0,-0.55364],"1.5":[0,0,-0.58216],"1.6":[0,0,-0.60573],"1.7":[0,0,-0.625],"1.8":[0,0,-0.61012],"1.9":[0,0,-0.59053],"2.0":[0,0,-0.56524],"2.1":[0,0,-0.53309],"2.2":[0,0,-0.48483],"2.7":[0,0,-0.13019],"2.8":[0,0,-0.07855],"2.9":[0,0,-0.0515],"3.0":[0,0,-0.02997]}},"leg_back_right":{"rotation":{"0.0":[-4.75,0,-2.5],"0.1":[-4.7125,0,-2.5],"0.2":[-4.66532,0,-2.5],"0.3":[-4.60668,0,-2.5],"0.4":[-4.53463,0,-2.5],"0.5":[-4.44698,0,-2.5],"1.0":[-3.78788,0,-2.5],"1.1":[-3.70251,0,-2.5],"1.2":[-3.63332,0,-2.5],"1.3":[-3.57791,0,-2.5],"1.4":[-3.53411,0,-2.5],"1.5":[-3.5,0,-2.5],"1.6":[-3.53823,0,-2.5],"1.7":[-3.5894,0,-2.5],"1.8":[-3.65655,0,-2.5],"1.9":[-3.74314,0,-2.5],"2.0":[-3.8531,0,-2.5],"2.5":[-4.45149,0,-2.5],"2.6":[-4.54222,0,-2.5],"2.7":[-4.6147,0,-2.5],"2.8":[-4.67183,0,-2.5],"2.9":[-4.71617,0,-2.5],"3.0":[-4.75,0,-2.5]},"position":{"0.0":[0,0,-3.47],"0.1":[0,0,-3.49621],"0.2":[0,0,-3.52919],"0.3":[0,0,-3.57017],"0.4":[0,0,-3.62054],"0.5":[0,0,-3.6818],"1.0":[0,0,-4.14339],"1.1":[0,0,-4.20318],"1.2":[0,0,-4.25163],"1.3":[0,0,-4.29044],"1.4":[0,0,-4.32111],"1.5":[0,0,-4.345],"1.6":[0,0,-4.31823],"1.7":[0,0,-4.28239],"1.8":[0,0,-4.23536],"1.9":[0,0,-4.17471],"2.0":[0,0,-4.09771],"2.5":[0,0,-3.67862],"2.6":[0,0,-3.61521],"2.7":[0,0,-3.56456],"2.8":[0,0,-3.52463],"2.9":[0,0,-3.49364],"3.0":[0,0,-3.47]}},"leg_back_left":{"rotation":{"0.0":[3.25,0,2.5],"0.1":[3.27003,0,2.5],"0.2":[3.29804,0,2.5],"0.3":[3.33619,0,2.5],"0.4":[3.38703,0,2.5],"0.5":[3.45345,0,2.5],"1.0":[3.86196,0,2.5],"1.1":[3.91343,0,2.5],"1.2":[3.94963,0,2.5],"1.3":[3.97418,0,2.5],"1.4":[3.99015,0,2.5],"1.5":[4,0,2.5],"1.6":[3.9817,0,2.5],"1.7":[3.95772,0,2.5],"1.8":[3.92682,0,2.5],"1.9":[3.88762,0,2.5],"2.0":[3.83854,0,2.5],"2.5":[3.37565,0,2.5],"2.6":[3.32979,0,2.5],"2.7":[3.29708,0,2.5],"2.8":[3.2745,0,2.5],"2.9":[3.2595,0,2.5],"3.0":[3.25,0,2.5]},"position":{"0.0":[0,0,0.475],"0.1":[0,0,0.46235],"0.2":[0,0,0.44465],"0.3":[0,0,0.42054],"0.4":[0,0,0.38842],"0.5":[0,0,0.34645],"1.0":[0,0,0.08835],"1.1":[0,0,0.0554],"1.2":[0,0,0.03224],"1.3":[0,0,0.01652],"1.4":[0,0,0.0063],"1.5":[0,0,0],"1.6":[0,0,0.01171],"1.7":[0,0,0.02706],"1.8":[0,0,0.04683],"1.9":[0,0,0.07193],"2.0":[0,0,0.10333],"2.5":[0,0,0.39565],"2.6":[0,0,0.42461],"2.7":[0,0,0.44527],"2.8":[0,0,0.45953],"2.9":[0,0,0.469],"3.0":[0,0,0.475]}},"tail":{"rotation":{"0.0":[3.1,0,0],"0.1":[3.03519,0,0],"0.2":[2.9469,0,0],"0.3":[2.82951,0,0],"0.4":[2.6014,0,0],"0.5":[2.33001,0,0],"1.0":[0.66499,0,0],"1.1":[0.40496,0,0],"1.2":[0.22876,0,0],"1.3":[0.13074,0,0],"1.4":[0.05591,0,0],"1.5":[0,0,0],"1.6":[0.06403,0,0],"1.7":[0.14698,0,0],"1.8":[0.25262,0,0],"1.9":[0.43528,0,0],"2.0":[0.69984,0,0],"2.5":[2.36097,0,0],"2.6":[2.62624,0,0],"2.7":[2.84782,0,0],"2.8":[2.95872,0,0],"2.9":[3.04083,0,0],"3.0":[3.1,0,0]}}}},"animation.spark.falumpaset.walk":{"loop":true,"animation_length":3,"bones":{"body":{"rotation":{"0.0":[-0.375,-0.45,0],"0.0833":[-0.3209,-0.59869,-1.20919],"0.125":[-0.2729,-0.66413,-1.61206],"0.2083":[-0.11108,-0.77904,-2.1303],"0.25":[0.015,-0.82918,-2.28416],"0.3333":[0.39501,-0.91641,-2.45782],"0.375":[0.65568,-0.95409,-2.50035],"0.4583":[1.05295,-0.98804,-2.4046],"0.5":[1.20001,-1.01,-2.30792],"0.5833":[1.41408,-1.025,-1.94608],"0.625":[1.48907,-1.02215,-1.64298],"0.7083":[1.59178,-1.0144,-0.67359],"0.75":[1.625,-0.99728,0.04984],"0.8333":[1.56848,-0.95578,1.12956],"0.875":[1.51973,-0.92185,1.51206],"0.9583":[1.35924,-0.815,2.04133],"1.0":[1.23631,-0.72896,2.21496],"1.0833":[0.87108,-0.52974,2.4356],"1.125":[0.67927,-0.41521,2.50003],"1.2083":[0.22801,-0.15266,2.37725],"1.25":[0.07971,-0.01937,2.26498],"1.3333":[-0.14195,0.21531,1.87719],"1.375":[-0.23015,0.31801,1.56972],"1.4583":[-0.3422,0.49725,0.62944],"1.5":[-0.375,0.57494,-0.04998],"1.5833":[-0.32685,0.70917,-1.34184],"1.625":[-0.28282,0.76672,-1.74593],"1.7083":[-0.13075,0.865,-2.22622],