{"format_version":"1.8.0","animations":{"animation.spark.kaadu.idle":{"loop":true,"animation_length":2,"bones":{"body":{"rotation":{"0.0":[7.56924,8.70087,-2.88281],"0.0625":[7.79915,8.7,-2.88],"0.125":[7.98654,8.7,-2.88],"0.1875":[8.13749,8.7,-2.88],"0.25":[8.25751,8.7,-2.88],"0.3125":[8.3516,8.7,-2.88],"0.375":[8.4242,8.7,-2.88],"0.4375":[8.47922,8.7,-2.88],"0.5":[8.52,8.7,-2.88],"0.5625":[8.4848,8.7,-2.88],"0.625":[8.43645,8.7,-2.88],"0.6875":[8.37162,8.7,-2.88],"0.75":[8.28645,8.7,-2.88],"0.8125":[8.1765,8.7,-2.88],"0.875":[8.03675,8.7,-2.88],"0.9375":[7.86163,8.7,-2.88],"1.0":[7.645,8.7,-2.88],"1.0625":[7.38065,8.7,-2.88],"1.125":[7.17385,8.7,-2.88],"1.1875":[7.01493,8.7,-2.88],"1.25":[6.8952,8.7,-2.88],"1.3125":[6.80701,8.7,-2.88],"1.375":[6.74368,8.7,-2.88],"1.4375":[6.69957,8.7,-2.88],"1.5":[6.67,8.7,-2.88],"1.5625":[6.69729,8.7,-2.88],"1.625":[6.73802,8.7,-2.88],"1.6875":[6.79647,8.7,-2.88],"1.75":[6.87788,8.7,-2.88],"1.8125":[6.98839,8.7,-2.88],"1.875":[7.1351,8.7,-2.88],"1.9375":[7.32599,8.7,-2.88],"2.0":[7.57,8.7,-2.88]},"position":{"0.0":[-0.325,-0.8,0],"0.0625":[-0.32,-0.79363,0],"0.125":[-0.32,-0.78413,0],"0.1875":[-0.32,-0.77049,0],"0.25":[-0.32,-0.7515,0],"0.3125":[-0.32,-0.72571,0],"0.375":[-0.32,-0.69148,0],"0.4375":[-0.32,-0.64694,0],"0.5":[-0.32,-0.59,0],"0.5625":[-0.32,-0.54621,0],"0.625":[-0.32,-0.50993,0],"0.6875":[-0.32,-0.48015,0],"0.75":[-0.32,-0.45598,0],"0.8125":[-0.32,-0.43658,0],"0.875":[-0.32,-0.42121,0],"0.9375":[-0.32,-0.40921,0],"1.0":[-0.32,-0.4,0],"1.0625":[-0.32,-0.4097,0],"1.125":[-0.32,-0.42233,0],"1.1875":[-0.32,-0.43851,0],"1.25":[-0.32,-0.45893,0],"1.3125":[-0.32,-0.48437,0],"1.375":[-0.32,-0.51571,0],"1.4375":[-0.32,-0.55391,0],"1.5":[-0.32,-0.6,0],"1.5625":[-0.32,-0.65543,0],"1.625":[-0.32,-0.69844,0],"1.6875":[-0.32,-0.73117,0],"1.75":[-0.32,-0.75556,0],"1.8125":[-0.32,-0.77329,0],"1.875":[-0.32,-0.78582,0],"1.9375":[-0.32,-0.79439,0],"2.0":[-0.32,-0.8,0]}},"neck":{"rotation":{"0.0":[0,0,5],"0.25":[-1.335,0,5],"0.3125":[-1.62579,0,5],"0.375":[-1.8217,0,5],"0.4375":[-1.94797,0,5],"0.5":[-2.025,0,5],"0.5625":[-1.94351,0,5],"0.625":[-1.81372,0,5],"0.6875":[-1.61686,0,5],"0.75":[-1.33,0,5],"1.0":[0,0,5],"1.25":[1.36,0,5],"1.3125":[1.62873,0,5],"1.375":[1.81657,0,5],"1.4375":[1.94323,0,5],"1.5":[2.025,0,5],"1.5625":[1.93541,0,5],"1.625":[1.80392,0,5],"1.6875":[1.61733,0,5],"1.75":[1.36,0,5],"2.0":[0,0,5]}},"head":{"rotation":{"0.0":[-3,0,0],"0.125":[-3.1,0,0],"0.25":[-3.21,0,0],"0.375":[-3.45,0,0],"0.5":[-3.825,0,0],"0.625":[-4.58,0,0],"0.75":[-5.85,0,0],"0.875":[-7.13,0,0],"1.0":[-7.675,0,0],"1.125":[-7.89,0,0],"1.25":[-7.685,0,0],"1.375":[-7.325,0,0],"1.5":[-6.725,0,0],"1.625":[-5.82,0,0],"1.75":[-4.235,0,0],"1.875":[-3.335,0,0],"2.0":[-3,0,0]}},"tail":{"rotation":{"0.0":[-6.1,0,0],"0.125":[-6.33495,0,0],"0.25":[-6.77057,0,0],"0.375":[-7.51353,0,0],"0.5":[-8.701,0,0],"0.625":[-9.97589,0,0],"0.75":[-10.68797,0,0],"0.875":[-11.04527,0,0],"1.0":[-11.2,0,0],"1.125":[-10.98685,0,0],"1.25":[-10.57828,0,0],"1.375":[-9.86405,0,0],"1.5":[-8.701,0,0],"1.625":[-7.3506,0,0],"1.75":[-6.61079,0,0],"1.875":[-6.24986,0,0],"2.0":[-6.1,0,0]}},"leg_left":{"rotation":{"0.0":[-2.76,-0.42,2.97],"0.25":[-3.14039,-0.41899,2.97033],"0.375":[-3.22019,-0.41877,2.9704],"0.5":[-3.26041,-0.41867,2.97043],"0.625":[-3.22019,-0.41877,2.9704],"0.75":[-3.14039,-0.41899,2.97033],"1.0":[-2.76,-0.42,2.97],"1.25":[-2.34983,-0.42,2.97],"1.375":[-2.2847,-0.42,2.97],"1.5":[-2.26,-0.42,2.97],"1.625":[-2.32148,-0.42,2.97],"1.75":[-2.41671,-0.42,2.97],"2.0":[-2.76,-0.42,2.97]},"position":{"0.0":[0,0.18,-3],"0.25":[0,0.18,-2.77195],"0.375":[0,0.18,-2.72411],"0.5":[0,0.18,-2.7],"0.625":[0,0.18,-2.72411],"0.75":[0,0.18,-2.77195],"1.0":[0,0.18,-3],"1.25":[0,0.18,-3.2461],"1.375":[0,0.18,-3.28518],"1.5":[0,0.18,-3.3],"1.625":[0,0.18,-3.26311],"1.75":[0,0.18,-3.20597],"2.0":[0,0.18,-3]}},"leg_right":{"rotation":{"0.0":[0,0.03,-3.25],"0.25":[-0.35297,0.02942,-3.24996],"0.375":[-0.44453,0.02927,-3.24995],"0.5":[-0.5004,0.02917,-3.24994],"0.625":[-0.42378,0.0293,-3.24995],"0.75":[-0.31957,0.02947,-3.24996],"1.0":[0,0.03,-3.25],"1.25":[0.32898,0.03,-3.25],"1.375":[0.42962,0.03,-3.25],"1.5":[0.5,0.03,-3.25],"1.625":[0.42344,0.03,-3.25],"1.75":[0.31931,0.03,-3.25],"2.0":[0,0.03,-3.25]},"position":{"0.0":[0,0,0.56],"0.25":[0,0,0.79983],"0.375":[0,0,0.86204],"0.5":[0,0,0.9],"0.625":[0,0,0.84794],"0.75":[0,0,0.77713],"1.0":[0,0,0.56],"1.25":[0,0,0.35603],"1.375":[0,0,0.29363],"1.5":[0,0,0.25],"1.625":[0,0,0.29747],"1.75":[0,0,0.36203],"2.0":[0,0,0.56]}}}},"animation.spark.kaadu.walk":{"loop":true,"animation_length":2,"bones":{"body":{"rotation":{"0.0":[-1.55,-2,0],"0.0417":[-1.49067,-1.98264,-0.57832],"0.0833":[-1.40162,-1.95539,-1.04648],"0.125":[-1.27297,-1.91489,-1.42004],"0.1667":[-0.99281,-1.85686,-1.71335],"0.2083":[-0.47224,-1.77618,-1.93947],"0.25":[0.499,-1.66681,-2.11023],"0.2917":[0.97889,-1.52186,-2.23617],"0.3333":[1.21549,-1.33354,-2.3266],"0.375":[1.38385,-1.09318,-2.38956],"0.4167":[1.49977,-0.79123,-2.43183],"0.4583":[1.57656,-0.41728,-2.45894],"0.5":[1.625,0.04,-2.47516],"0.5417":[1.57128,0.45203,-2.44943],"0.5833":[1.49021,0.79418,-2.41127],"0.625":[1.37257,1.07533,-2.35699],"0.6667":[1.20724,1.30368,-2.2821],"0.7083":[0.98114,1.4868,-2.18123],"0.75":[0.52927,1.63158,-2.04815],"0.7917":[-0.51939,1.74429,-1.87579],"0.8333":[-1.07185,1.83053,-1.65624],"0.875":[-1.32996,1.89525,-1.38069],"0.9167":[-1.43722,1.94274,-1.03952],"0.9583":[-1.50698,1.97666,-0.62225],"1.0":[-1.55029,2,-0.12898],"1.0417":[-1.50185,1.97571,0.48685],"1.0833":[-1.41882,1.94041,0.93038],"1.125":[-1.29638,1.89097,1.29271],"1.1667":[-1.02207,1.82361,1.58505],"1.2083":[-0.50597,1.73386,1.8177],"1.25":[0.46934,1.61654,2.00005],"1.2917":[0.94748,1.46585,2.14058],"1.3333":[1.19045,1.27526,2.24685],"1.375":[1.36573,1.03759,2.32554],"1.4167":[1.48843,0.74497,2.38238],"1.4583":[1.57136,0.38885,2.42222],"1.5":[1.625,-0.04,2.449],"1.5417":[1.58809,-0.44308,2.41677],"1.5833":[1.52531,-0.77953,2.37094],"1.625":[1.42531,-1.0576,2.3079],"1.6667":[1.27361,-1.28494,2.22326],"1.7083":[1.05261,-1.46861,2.11193],"1.75":[0.59161,-1.61509,1.96805],"1.7917":[-0.48323,-1.73024,1.78504],"1.8333":[-1.03896,-1.81934,1.55554],"1.875":[-1.32506,-1.88707,1.27148],"1.9167":[-1.44239,-1.93753,0.92404],"1.9583":[-1.51198,-1.97421,0.50365],"2.0":[-1.55,-2,0]},"position":{"0.0":[0,-0.425,0],"0.0417":[-0.26917,-0.38638,0],"0.0833":[-0.49137,-0.32808,0],"0.125":[-0.61913,-0.2435,0],"0.1667":[-0.7048,-0.14962,0],"0.2083":[-0.77553,0.01294,0],"0.25":[-0.83335,0.23,0],"0.2917":[-0.88009,0.76327,0],"0.3333":[-0.91742,1.11879,0],"0.375":[-0.94683,1.27622,0],"0.4167":[-0.96965,1.35979,0],"0.4583":[-0.98704,1.38827,0],"0.5":[-1,1.4,0],"0.5417":[-0.98812,1.37488,0],"0.5833":[-0.97188,1.33032,0],"0.625":[-0.95024,1.23195,0],"0.6667":[-0.922,1.06772,0],"0.7083":[-0.88574,0.72287,0],"0.75":[-0.83988,0.23,0],"0.7917":[-0.78262,-0.03677,0],"0.8333":[-0.712,-0.21491,0],"0.875":[-0.62587,-0.30284,0],"0.9167":[-0.49688,-0.36999,0],"0.9583":[-0.27249,-0.40687,0],"1.0":[0,-0.425,0],"1.0417":[0.26261,-0.40514,0],"1.0833":[0.45547,-0.3662,0],"1.125":[0.60573,-0.29718,0],"1.1667":[0.69037,-0.20842,0],"1.2083":[0.76126,-0.03166,0],"1.25":[0.82012,0.23,0],"1.2917":[0.86854,0.7034,0],"1.3333":[0.90797,1.04195,0],"1.375":[0.93972,1.20831,0],"1.4167":[0.96497,1.31344,0],"1.4583":[0.98476,1.36652,0],"1.5":[1,1.4,0],"1.5417":[0.99107,1.38043,0],"1.5833":[0.97809,1.34207,0],"1.625":[0.95992,1.24906,0],"1.6667":[0.93515,1.08697,0],"1.7083":[0.90215,0.73781,0],"1.75":[0.85902,0.23,0],"1.7917":[0.80362,-0.02152,0],"1.8333":[0.73355,-0.1954,0],"1.875":[0.64617,-0.28567,0],"1.9167":[0.48859,-0.35835,0],"1.9583":[0.28266,-0.40145,0],"2.0":[0,-0.425,0]}},"neck":{"rotation":{"0.0":[-1,4,0],"0.0417":[-0.94444,3.99532,0.59006],"0.0833":[-0.85854,3.98244,1.06288],"0.125":[-0.73145,3.95427,1.43569],"0.1667":[-0.5499,3.90018,1.72432],"0.2083":[-0.29823,3.80604,1.94312],"0.25":[0.04166,3.65419,2.10504],"0.2917":[0.41042,3.42348,2.22156],