{"format_version":"1.19.0","animations":{"animation.spark.astromech.head_variant":{"loop":true,"bones":{"head_1":{"scale":"q.property('spark:head') == 0"},"head_2":{"scale":"q.property('spark:head') == 1"},"head_3":{"scale":"q.property('spark:head') == 2"},"led":{"position":[0,"q.property('spark:head') == 0 ? -2","q.property('spark:head') == 1 ? 4"]}}},"animation.spark.astromech.idle":{"loop":true,"animation_length":4.4,"bones":{"body":{"rotation":[0,0,0],"position":{"0.0":[0,0,0],"0.2":[0,-0.2,0],"0.4":[0,0,0],"0.6":[0,-0.2,0],"0.8":[0,0,0],"1.0":[0,-0.2,0],"1.2":[0,0,0],"1.4":[0,-0.2,0],"1.6":[0,0,0],"1.8":[0,-0.2,0],"2.0":[0,0,0],"2.2":[0,-0.2,0],"2.4":[0,0,0],"2.6":[0,-0.2,0],"2.8":[0,0,0],"3.0":[0,-0.2,0],"3.2":[0,0,0],"3.4":[0,-0.2,0],"3.6":[0,0,0],"3.8":[0,-0.2,0],"4.0":[0,0,0],"4.2":[0,-0.2,0],"4.4":[0,0,0]}},"head":{"rotation":{"0.0":[0,5,0],"0.48":[0,5,0],"0.68":[0,-20,0],"1.2":[0,-20,0],"1.4":[0,-12.5,0],"2.12":[0,-12.5,0],"2.32":[0,5,0],"2.96":[0,5,0],"3.16":[0,7.5,0],"3.84":[0,7.5,0],"4.08":[0,5,0],"4.4":[0,5,0]}},"leg_middle":{"position":[0,2.1,0]}}},"animation.spark.astromech.walk":{"loop":true,"animation_length":1.4,"bones":{"body":{"relative_to":{"rotation":"entity"},"rotation":{"0.0":[-16,0,0],"0.08":[-16.3,0,0],"0.16":[-16.3,0,0],"0.2":[-17.12,0,0],"0.28":[-16.3,0,0],"0.4":[-16.3,0,0],"0.44":[-15.48,0,0],"0.52":[-15.48,0,0],"0.64":[-16.3,0,0],"0.76":[-16.3,0,0],"0.88":[-14.66,0,0],"1.0":[-15.48,0,0],"1.08":[-14.66,0,0],"1.2":[-15.48,0,0],"1.28":[-15.07,0,0],"1.4":[-16,0,0]},"position":{"0.0":[0,0,0.7],"0.36":[0,0.06,0.7],"0.84":[0,0.06,0.7],"1.08":[0,0,0.7],"1.4":[0,-0.1,0.7]}},"head":{"rotation":{"0.0":[0,0,0],"0.08":[0,0.99239,0],"0.2":[0,0.43467,0],"0.32":[0,1.00033,0],"0.44":[0,0.06351,0],"0.56":[0,0.45253,0],"0.72":[0,0.16871,0],"0.84":[0,0.53589,0],"0.96":[0,0.02382,0],"1.12":[0,1.09,0],"1.28":[0,-0.43,0],"1.4":[0,0,0]},"position":{"0.0":[0,0,0],"1.4":[0,0,0]}},"leg_left":{"rotation":{"0.0":[0,0,0],"0.12":[0.12101,0,0],"0.2":[-0.24808,0,0],"0.28":[-0.4054,0,0],"0.44":[-0.07261,0,0],"0.56":[-0.34489,0,0],"0.68":[-0.16942,0,0],"0.8":[-0.19967,0,0],"0.92":[-0.01815,0,0],"1.04":[-0.14522,0,0],"1.16":[-0.29648,0,0],"1.28":[-0.08471,0,0],"1.4":[0,0,0]},"position":{"0.0":[0,0,1],"0.12":[0,0.08634,1.00357],"0.2":[0,0,1.00357],"0.28":[0,0.05756,1.00357],"0.36":[0,-0.06331,1.00357],"0.44":[0,0,1.00357],"0.52":[0,0.11511,1.00357],"0.6":[0,0.04605,1.00357],"0.68":[0,0.15541,1.00357],"0.76":[0,0.02302,1.00357],"0.84":[0,0.08058,1.00357],"0.96":[0,0.17843,1.00357],"1.04":[0,0.09209,1.00357],"1.12":[0,0.13238,1.00357],"1.24":[0,-0.09209,1.00357],"1.32":[0,0,1.00357],"1.4":[0,0,1]}},"leg_right":{"rotation":{"0.0":[0,0,0],"0.12":[0.12101,0,0],"0.2":[-0.24808,0,0],"0.28":[-0.4054,0,0],"0.44":[-0.07261,0,0],"0.56":[-0.34489,0,0],"0.68":[-0.16942,0,0],"0.8":[-0.19967,0,0],"0.92":[-0.01815,0,0],"1.04":[-0.14522,0,0],"1.16":[-0.29648,0,0],"1.28":[-0.08471,0,0],"1.4":[0,0,0]},"position":{"0.0":[0,0,1],"0.12":[0,0.08634,1.00357],"0.2":[0,0,1.00357],"0.28":[0,0.05756,1.00357],"0.36":[0,-0.06331,1.00357],"0.44":[0,0,1.00357],"0.52":[0,0.11511,1.00357],"0.6":[0,0.04605,1.00357],"0.68":[0,0.15541,1.00357],"0.76":[0,0.02302,1.00357],"0.84":[0,0.08058,1.00357],"0.96":[0,0.17843,1.00357],"1.04":[0,0.09209,1.00357],"1.12":[0,0.13238,1.00357],"1.24":[0,-0.09209,1.00357],"1.32":[0,0,1.00357],"1.4":[0,0,1]}},"leg_middle":{"position":[0,0,-2.7]}}},"animation.spark.astromech.scared":{"loop":true,"animation_length":1.24,"bones":{"body":{"rotation":{"0.0":[-12.5,0,0],"0.04":[-12.63757,1.69837,0.28185],"0.12":[-12.62952,-1.36576,0.08204],"0.16":[-12.63757,1.69837,-0.05415],"0.2":[-12.63757,-1.30163,-0.15415],"0.28":[-12.64168,1.34361,0.12382],"0.32":[-12.62952,-1.36576,-0.02696],"0.36":[-12.6255,-1.33992,0.20904],"0.44":[-12.70038,1.74203,-0.20527],"0.48":[-12.6658,-1.4435,-0.08272],"0.52":[-12.68602,1.83847,-0.32037],"0.6":[-12.64966,-1.41754,0.1543],"0.64":[-12.68602,2.05647,-0.32037],"0.68":[-12.64966,-1.74454,0.1543],"0.76":[-12.71035,2.03036,-0.55878],"0.84":[-12.6477,-1.40463,0.054],"0.88":[-12.6658,2.5185,-0.30072],"0.92":[-12.63304,-1.70569,0.29098],"1.0":[-12.6658,2.3005,-0.30072],"1.04":[-12.62952,-2.12876,0.40904],"1.08":[-12.6658,1.4285,-0.30072],"1.12":[-12.63757,-1.60963,0.17285],"1.16":[-12.6658,2.0825,-0.30072],"1.2":[-12.63757,-1.60963,0.40985],"1.24":[-12.5,0,0]},"position":[0,0.4,1.88]},"head":{"rotation":{"0.0":[0,0,0],"0.08":[0,1,0],"0.16":[0,-1.81,0],"0.2":[0,1.8,0],"0.28":[0,-1,0],"0.36":[0,0.91,0],"0.44":[0,-1.01,0],"0.56":[0,2.22,0],"0.6":[0,-2.34,0],"0.64":[0,1.96,0],"0.68":[0,-3.05,0],"0.76":[0,2.22,0],"0.84":[0,-2.45,0],"0.88":[0,1.52,0],"0.92":[0,-2.45,0],"1.0":[0,0.7,0],"1.08":[0,-1.66,0],"1.24":[0,0,0]},"position":{"0.0":[0,0,0],"1.24":[0,0,0]}},"leg_left":{"rotation":{"0.0":[0,0,0],"0.08":[0,-1,0],"0.12":[0,0.55,0],"0.16":[0,-0.64,0],"0.2":[0,0.44,0],"0.28":[0,-0.69,0],"0.36":[0,0.59,0],"0.48":[0,-1,0],"0.56":[0,0.81,0],"0.64":[0,-0.6,0],"0.76":[0,0.3,0],"0.84":[0,-0.55,0],"0.92":[0,0.26,0],"1.08":[0,-0.77,0],"1.24":[0,0,0]},"position":{"0.0":[0,0,1.6],"0.48":[0,0,1.6],"1.24":[0,0,1.6]}},"leg_right":{"rotation":{"0.0":[0,0,0],"0.12":[0,-1,0],"0.16":[0,0.55,0],"0.2":[0,-0.64,0],"0.24":[0,0.44,0],"0.32":[0,-0.69,0],"0.4":[0,0.59,0],"0.52":[0,-1,0],"0.6":[0,0.81,0],"0.68":[0,-0.6,0],"0.8":[0,0.3,0],"0.88":[0,-0.55,0],"0.96":[0,0.26,0],"1.12":[0,-0.77,0],"1.24":[0,0,0]},"position":{"0.0":[0,0,1.6],"0.48":[0,0,1.6],"1.24":[0,0,1.6]}}},"particle_effects":{"0.0":{"effect":"astromech_light","locator":"led"},"0.48":{"effect":"astromech_light","locator":"led"}}},"animation.spark.astromech.attack":{"animation_length":1.2,"bones":{"body":{"rotation":{"0.0":{"post":[0,0,0],"lerp_mode":"catmullrom"},"0.32":{"post":[2.5,0,0],"lerp_mode":"catmullrom"},"0.44":{"post":[-2.50238,2.49762,-0.10912],"lerp_mode":"catmullrom"},"0.56":{"post":[-22.51235,-1.8477,0.76563],"lerp_mode":"catmullrom"},"0.76":{"post":[-17.92,0,0],"lerp_mode":"catmullrom"},"1.2":{"post":[0,0,0],"lerp_mode":"catmullrom"}},"position":{"0.0":{"post":[0,0,0],"lerp_mode":"catmullrom"},"0.48":{"post":[0,0,0],"lerp_mode":"catmullrom"},"0.56":{"post":[0,0,1],"lerp_mode":"catmullrom"},"0.92":{"post":[0,0,0],"lerp_mode":"catmullrom"},"1.2":{"post":[0,0,0],"lerp_mode":"catmullrom"}}},"arm":{"rotation":{"0.0":{"post":[0,0,0],"lerp_mode":"catmullrom"},"0.16":{"post":[5.91404,1.40303,0.93694],"lerp_mode":"catmullrom"},"0.24":{"post":[-7.78128,1.87071,1.24925],"lerp_mode":"catmullrom"},"0.36":{"post":[-7.07427,2.57223,1.71772],"lerp_mode":"catmullrom"},"0.4":{"post":[12.92573,2.57223,1.71772],"lerp_mode":"catmullrom"},"0.48":{"post":[-12.07427,2.57223,1.71772],"lerp_mode":"catmullrom"},"0.84":{"post":[7.92573,2.57223,1.71772],"lerp_mode":"catmullrom"},"1.2":{"post":[0,0,0],"lerp_mode":"catmullrom"}},"position":{"0.0":[0,0,0],"0.16":[0,0,-7],"0.48":[0,0,-6.7],"0.72":[0,0,-6.77],"0.84":[0,0,-7],"1.2":[0,0,-1]}},"head":{"rotation":{"0.0":{"post":[0,0,0],"lerp_mode":"catmullrom"},"0.32":{"post":[0,15,0],"lerp_mode":"catmullrom"},"0.48":{"post":[0,-22.5,0],"lerp_mode":"catmullrom"},"0.56":{"post":[0,-7.5,0],"lerp_mode":"catmullrom"},"0.96":{"post":[0,0,0],"lerp_mode":"catmullrom"},"1.2":{"post":[0,0,0],"lerp_mode":"catmullrom"}}},"leg_middle":{"position":{"0.0":{"post":[0,0,0],"lerp_mode":"catmullrom"},"0.32":{"post":[0,0,0],"lerp_mode":"catmullrom"},"0.44":{"post":[0,0,-0.41],"lerp_mode":"catmullrom"},"0.56":{"post":[0,0,-2.1],"lerp_mode":"catmullrom"},"0.76":{"post":[0,0,-2.03],"lerp_mode":"catmullrom"},"1.2":{"post":[0,0,0],"lerp_mode":"catmullrom"}}},"hand":{"relative_to":{"rotation":"entity"},"rotation":[0,0,0.01]}},"sound_effects":{"0.0":{"effect":"attack_sound"}},"particle_effects":{"0.0":{"effect":"astromech_light","locator":"led"},"0.36":{"effect":"zap","locator":"arm"},"0.48":{"effect":"astromech_light","locator":"led"}}},"animation.spark.astromech.repair":{"loop":true,"animation_length":1.56,"bones":{"body":{"rotation":{"0.0":{"post":[-7.52832,4.95712,-0.65426],"lerp_mode":"catmullrom"},