{"format_version":"1.8.0","animations":{"animation.spark.jedi_6.idle":{"loop":true,"animation_length":2,"bones":{"body":{"rotation":{"0.0":[5.19,-0.205,-0.52],"0.0833":[5.21,-0.205,-0.52],"0.2083":[5.1,-0.205,-0.52],"0.3333":[4.80791,-0.20297,-0.52331],"0.5833":[4.09,-0.205,-0.52],"0.8333":[3.2974,-0.205,-0.52],"0.9583":[3.07,-0.205,-0.52],"1.0":[3.03,-0.205,-0.52],"1.0833":[2.96,-0.205,-0.52],"1.2083":[3.11,-0.205,-0.52],"1.3333":[3.38661,-0.205,-0.52],"1.5833":[4.09,-0.205,-0.52],"1.8333":[4.97798,-0.205,-0.52],"1.9583":[5.18,-0.205,-0.52],"2.0":[5.19,-0.205,-0.52]},"position":{"0.0":[0,-0.97,0.23],"0.0833":[0,-0.98,0.23],"0.2083":[0,-0.94505,0.23],"0.3333":[0,-0.90329,0.22602],"0.5833":[0,-0.7711,0.23],"0.8333":[0,-0.64171,0.23],"0.9583":[0,-0.60461,0.23],"1.0":[0,-0.6,0.23],"1.0833":[0,-0.58,0.23],"1.2083":[0,-0.61559,0.23],"1.3333":[0,-0.664,0.23],"1.5833":[0,-0.81244,0.23],"1.8333":[0,-0.93981,0.23],"1.9583":[0,-0.96653,0.23],"2.0":[0,-0.97,0.23]}},"head_ext":{"rotation":{"0.0":[-5.16949,4.80737,0.08589],"0.0417":[-5.17913,4.80739,0.08508],"0.0833":[-5.17,4.80737,0.08584],"0.125":[-5.13467,4.80732,0.08881],"0.1667":[-5.09935,4.80726,0.09177],"0.2083":[-5.04689,4.80701,0.09649],"0.25":[-4.92954,4.80611,0.1077],"0.2917":[-4.83565,4.80537,0.11668],"0.3333":[-4.73286,4.80495,0.1257],"0.375":[-4.61763,4.80497,0.1348],"0.4167":[-4.5024,4.80497,0.1439],"0.4583":[-4.38718,4.80495,0.153],"0.5":[-4.24314,4.80491,0.16438],"0.5417":[-4.12792,4.80486,0.17348],"0.5833":[-4.00766,4.80465,0.18323],"0.625":[-3.8804,4.80423,0.19389],"0.6667":[-3.75314,4.80379,0.20455],"0.7083":[-3.62588,4.80333,0.2152],"0.75":[-3.4668,4.80271,0.22852],"0.7917":[-3.33954,4.8022,0.23918],"0.8333":[-3.23492,4.80175,0.24794],"0.875":[-3.1619,4.80144,0.25405],"0.9167":[-3.08887,4.80111,0.26016],"0.9583":[-3.02595,4.80082,0.26543],"1.0":[-2.9802,4.80061,0.26926],"1.0417":[-2.94647,4.80045,0.27208],"1.0833":[-2.94693,4.80045,0.27204],"1.125":[-2.9951,4.80068,0.26801],"1.1667":[-3.04327,4.8009,0.26398],"1.2083":[-3.10333,4.80117,0.25895],"1.25":[-3.21436,4.80167,0.24966],"1.2917":[-3.30319,4.80205,0.24222],"1.3333":[-3.40208,4.80245,0.23394],"1.375":[-3.51502,4.8029,0.22449],"1.4167":[-3.62796,4.80334,0.21503],"1.4583":[-3.7409,4.80375,0.20557],"1.5":[-3.88207,4.80424,0.19375],"1.5417":[-3.99501,4.80461,0.18429],"1.5833":[-4.12032,4.805,0.17379],"1.625":[-4.2629,4.80542,0.16185],"1.6667":[-4.40548,4.8058,0.14991],"1.7083":[-4.54805,4.80616,0.13796],"1.75":[-4.72628,4.80657,0.12303],"1.7917":[-4.86885,4.80686,0.11108],"1.8333":[-4.97899,4.80706,0.10185],"1.875":[-5.04387,4.80717,0.09642],"1.9167":[-5.10874,4.80728,0.09098],"1.9583":[-5.15745,4.80735,0.0869],"2.0":[-5.16227,4.80736,0.08649]}},"head":{"rotation":{"0.0":[4.46,-3.38,1.54],"0.0417":[4.44,-3.37,1.57],"0.125":[4.4,-3.35,1.63],"0.25":[4.455,-3.30611,1.6795],"0.375":[4.62644,-3.27761,1.7183],"0.5":[4.95,-3.26008,1.74505],"0.625":[5.2685,-3.25,1.7628],"0.75":[5.62,-3.26347,1.74389],"0.875":[5.97631,-3.28325,1.71098],"1.0":[6.18,-3.3113,1.65748],"1.125":[6.25,-3.35,1.57509],"1.25":[6.18,-3.39041,1.50531],"1.375":[5.97631,-3.41866,1.45471],"1.5":[5.62,-3.4377,1.41905],"1.625":[5.2685,-3.45,1.39475],"1.75":[4.95,-3.43341,1.42505],"1.875":[4.62644,-3.41191,1.47072],"1.9167":[4.57,-3.4,1.49],"2.0":[4.455,-3.38449,1.53696]}},"arm_left":{"rotation":{"0.0":[-8.1475,-11.18,-6.81],"0.0833":[-7.9225,-10.92,-7.02],"0.2083":[-7.59552,-10.53761,-7.33123],"0.3333":[-7.39635,-10.26217,-7.48945],"0.4583":[-7.3,-10.165,-7.5],"0.5833":[-7.4015,-10.32603,-7.42501],"0.7083":[-7.57284,-10.56036,-7.23719],"0.9583":[-8.25625,-11.35142,-6.7095],"1.2083":[-8.92977,-12.06989,-6.19525],"1.3333":[-9.08727,-12.37528,-6.00449],"1.4583":[-9.175,-12.49,-5.95],"1.5833":[-9.04569,-12.33026,-6.01137],"1.7083":[-8.86074,-12.03304,-6.14581],"1.9583":[-8.25625,-11.30425,-6.7095],"2.0":[-8.1475,-11.18,-6.81]},"position":{"0.0":[0,-0.01614,0.55],"0.0833":[0,-0.03684,0.55],"0.1667":[0,-0.06302,0.55],"0.4167":[0,-0.204,0.55],"0.6667":[0,-0.34298,0.55],"0.7917":[0,-0.38478,0.55],"0.9167":[0,-0.4,0.55],"1.1667":[0,-0.34298,0.55],"1.4167":[0,-0.204,0.55],"1.5417":[0,-0.136,0.55],"1.6667":[0,-0.06302,0.55],"1.75":[0,-0.03185,0.55],"1.7917":[0,-0.02146,0.55],"1.875":[0,-0.008,0.55],"1.9167":[0,0,0.55],"2.0":[0,-0.01614,0.55]}},"arm_right":{"rotation":{"0.0":[-10.92,-6.5586,6.84975],"0.0833":[-10.61,-6.61,7],"0.1667":[-10.30336,-6.56769,7.15],"0.25":[-10.10899,-6.5116,7.29777],"0.375":[-9.96315,-6.39478,7.41],"0.5":[-9.9,-6.2276,7.5],"0.625":[-10.01959,-6.02969,7.41],"0.75":[-10.21008,-5.83646,7.27117],"0.9167":[-10.68,-5.58595,6.99],"1.0":[-10.92,-5.51201,6.84975],"1.0833":[-11.14,-5.45242,6.7],"1.1667":[-11.37,-5.405,6.56],"1.25":[-11.59313,-5.43796,6.42082],"1.3333":[-11.75,-5.49213,6.35],"1.375":[-11.83498,-5.52984,6.32],"1.5":[-11.9,-5.70149,6.225],"1.625":[-11.82123,-5.99545,6.33],"1.75":[-11.61249,-6.26237,6.43869],"1.875":[-11.27,-6.44239,6.64],"2.0":[-10.92,-6.5586,6.84975]},"position":{"0.0":[0,0,-0.52],"0.125":[0,-0.015,-0.52],"0.25":[0,-0.0587,-0.52398],"0.5":[0,-0.16575,-0.52],"0.6667":[0,-0.24,-0.52],"0.75":[0,-0.27118,-0.52],"0.875":[0,-0.315,-0.52],"1.0":[0,-0.325,-0.52],"1.125":[0,-0.305,-0.52],"1.25":[0,-0.2663,-0.52],"1.5":[0,-0.15925,-0.52],"1.5833":[0,-0.12,-0.52],"1.625":[0,-0.12,-0.52],"1.7083":[0,-0.09,-0.52],"1.7917":[0,-0.05382,-0.52],"1.875":[0,-0.015,-0.52],"2.0":[0,0,-0.52]}},"leg_left":{"rotation":{"0.0":[-1.59044,-19.98015,-2.66022],"0.125":[-1.72729,-19.85347,-2.63545],"0.25":[-2.01425,-19.65726,-2.59708],"0.5":[-2.86521,-18.94994,-2.45876],"0.75":[-3.88996,-18.26996,-2.31653],"0.875":[-4.21162,-18.05562,-2.28443],"1.0":[-4.24032,-17.96682,-2.26712],"1.125":[-4.08969,-18.11121,-2.29525],"1.25":[-3.72908,-18.31254,-2.33448],"1.5":[-2.865,-18.94987,-2.45865],"1.75":[-2.02611,-19.66684,-2.59879],"1.875":[-1.70243,-19.85922,-2.63639],"2.0":[-1.59,-19.98,-2.66]},"position":{"0.0":[0.775,0,-0.8],"0.125":[0.76346,0,-0.76944],"0.25":[0.73862,0,-0.7237],"0.5":[0.69847,0,-0.5205],"0.75":[0.6599,0,-0.32468],"0.875":[0.64113,0,-0.26689],"1.0":[0.63,0,-0.225],"1.125":[0.64699,0,-0.25991],"1.25":[0.6701,0,-0.32707],"1.5":[0.71058,0,-0.5205],"1.75":[0.74947,0,-0.7215],"1.875":[0.77014,0,-0.7776],"2.0":[0.78,0,-0.8]}},"leg_right":{"rotation":{"0.0":[13.29802,4.02194,8.47744],"0.125":[13.21063,4.02186,8.47754],"0.25":[12.98149,4.02167,8.4778],"0.5":[12.15153,4.02095,8.47874],"0.75":[11.45878,4.02035,8.47953],"0.875":[11.17044,4.0201,8.47986],"1.0":[11.05,4.02,8.48],"1.125":[11.17487,4.02,8.48],"1.25":[11.39556,4.02,8.48],"1.5":[12.1525,4.02,8.48],"1.75":[13.00416,4.02,8.48],"1.875":[13.21284,4.02,8.48],"2.0":[13.3,4.02,8.48]},"position":{"0.0":[-0.2,0,-0.85],"0.125":[-0.2,0,-0.83445],"0.25":[-0.2,0,-0.79368],"0.5":[-0.2,0,-0.646],"0.75":[-0.2,0,-0.52274],"0.875":[-0.2,0,-0.47143],"1.0":[-0.2,0,-0.45],"1.125":[-0.2,0,-0.4722],"1.25":[-0.2,0,-0.51143],"1.5":[-0.2,0,-0.646],"1.75":[-0.2,0,-0.79741],"1.875":[-0.2,0,-0.8345],"2.0":[-0.2,0,-0.85]}}}},"animation.spark.jedi_6.walk":{"loop":true,"animation_length":1.1667,"bones":{"body":{"rotation":{"0.0":[0.7,4,0.075],"0.0417":[1.21899,3.94357,0.19863],"0.0833":[1.59901,3.84102,0.29882],"0.125":[1.87,3.56196,0.37905],"0.1667":[1.975,3.12141,0.44248],"0.2083":[1.875,2.45818,0.49187],"0.25":[1.51363,1.4973,0.52787],"0.2917":[0.94741,-0.25238,0.57631],"0.3333":[0.36584,-1.51799,0.58098],"0.375":[-0.08241,-2.40661,0.52923],"0.4167":[-0.3039,-3.00925,0.47457],"0.4583":[-0.39758,-3.40095,0.39836],"0.5":[-0.19642,-3.67217,0.29478],"0.5417":[0.10642,-3.84317,0.1571],"0.5833":[0.54516,-3.86595,-0.05477],"0.625":[1.27502,-3.67819,-0.22255],"0.6667":[1.70569,-3.42237,-0.35098],"0.7083":[1.925,-3.0013,-0.44738],"0.75":[1.87,-2.42533,-0.51814],"0.7917":[1.555,-1.65536,-0.56873],"0.8333":[0.98049,-0.64617,-0.58894],"0.875":[0.42105,0.65363,-0.59846],"0.9167":[-0.12362,1.99389,-0.57108],"0.9583":[-0.435,2.8804,-0.53053],"1.0":[-0.525,3.43868,-0.45878],"1.0417":[-0.3138,3.7694,-0.36666],"1.0833":[-0.04643,3.9013,-0.25011],