{"format_version":"1.8.0","animations":{"animation.spark.jedi_1.idle":{"loop":true,"animation_length":2,"bones":{"body":{"rotation":{"0.0":[5.19,-4.78,-0.52],"0.0833":[5.21,-4.78,-0.52],"0.2083":[5.1,-4.78,-0.52],"0.3333":[4.80791,-4.77797,-0.52331],"0.5833":[4.09,-4.78,-0.52],"0.8333":[3.2974,-4.78,-0.52],"0.9583":[3.07,-4.78,-0.52],"1.0":[3.03,-4.78,-0.52],"1.0833":[2.96,-4.78,-0.52],"1.2083":[3.11,-4.78,-0.52],"1.3333":[3.38661,-4.78,-0.52],"1.5833":[4.09,-4.78,-0.52],"1.8333":[4.97798,-4.78,-0.52],"1.9583":[5.18,-4.78,-0.52],"2.0":[5.19,-4.78,-0.52]},"position":{"0.0":[0,-0.97,0.23],"0.0833":[0,-0.98,0.23],"0.2083":[0,-0.94505,0.23],"0.3333":[0,-0.90329,0.22602],"0.5833":[0,-0.7711,0.23],"0.8333":[0,-0.64171,0.23],"0.9583":[0,-0.60461,0.23],"1.0":[0,-0.6,0.23],"1.0833":[0,-0.58,0.23],"1.2083":[0,-0.61559,0.23],"1.3333":[0,-0.664,0.23],"1.5833":[0,-0.81244,0.23],"1.8333":[0,-0.93981,0.23],"1.9583":[0,-0.96653,0.23],"2.0":[0,-0.97,0.23]}},"head":{"rotation":{"0.0":[0.06,-0.03,1.54],"0.0417":[0.04,-0.02,1.57],"0.125":[0,0,1.63],"0.25":[0.055,0.04389,1.6795],"0.375":[0.22644,0.07239,1.7183],"0.5":[0.55,0.08992,1.74505],"0.625":[0.8685,0.1,1.7628],"0.75":[1.22,0.08653,1.74389],"0.875":[1.57631,0.06675,1.71098],"1.0":[1.78,0.0387,1.65748],"1.125":[1.85,0,1.57509],"1.25":[1.78,-0.04041,1.50531],"1.375":[1.57631,-0.06866,1.45471],"1.5":[1.22,-0.0877,1.41905],"1.625":[0.8685,-0.1,1.39475],"1.75":[0.55,-0.08341,1.42505],"1.875":[0.22644,-0.06191,1.47072],"1.9167":[0.17,-0.05,1.49],"2.0":[0.055,-0.03449,1.53696]}},"arm_right":{"rotation":{"0.0":[-3.52,-6.5586,6.84975],"0.0833":[-3.21,-6.61,7],"0.1667":[-2.90336,-6.56769,7.15],"0.25":[-2.70899,-6.5116,7.29777],"0.375":[-2.56315,-6.39478,7.41],"0.5":[-2.5,-6.2276,7.5],"0.625":[-2.61959,-6.02969,7.41],"0.75":[-2.81008,-5.83646,7.27117],"0.9167":[-3.28,-5.58595,6.99],"1.0":[-3.52,-5.51201,6.84975],"1.0833":[-3.74,-5.45242,6.7],"1.1667":[-3.97,-5.405,6.56],"1.25":[-4.19313,-5.43796,6.42082],"1.3333":[-4.35,-5.49213,6.35],"1.375":[-4.43498,-5.52984,6.32],"1.5":[-4.5,-5.70149,6.225],"1.625":[-4.42123,-5.99545,6.33],"1.75":[-4.21249,-6.26237,6.43869],"1.875":[-3.87,-6.44239,6.64],"2.0":[-3.52,-6.5586,6.84975]},"position":{"0.0":[0,0,-0.52],"0.125":[0,-0.015,-0.52],"0.25":[0,-0.0587,-0.52398],"0.5":[0,-0.16575,-0.52],"0.6667":[0,-0.24,-0.52],"0.75":[0,-0.27118,-0.52],"0.875":[0,-0.315,-0.52],"1.0":[0,-0.325,-0.52],"1.125":[0,-0.305,-0.52],"1.25":[0,-0.2663,-0.52],"1.5":[0,-0.15925,-0.52],"1.5833":[0,-0.12,-0.52],"1.625":[0,-0.12,-0.52],"1.7083":[0,-0.09,-0.52],"1.7917":[0,-0.05382,-0.52],"1.875":[0,-0.015,-0.52],"2.0":[0,0,-0.52]}},"arm_left":{"rotation":{"0.0":[-1.13,-11.18,-6.81],"0.0833":[-0.83,-10.92,-7.02],"0.2083":[-0.39402,-10.53761,-7.33123],"0.3333":[-0.12847,-10.26217,-7.48945],"0.4583":[0,-10.165,-7.5],"0.5833":[-0.13533,-10.32603,-7.42501],"0.7083":[-0.36379,-10.56036,-7.23719],"0.9583":[-1.275,-11.35142,-6.7095],"1.2083":[-2.17303,-12.06989,-6.19525],"1.3333":[-2.38303,-12.37528,-6.00449],"1.4583":[-2.5,-12.49,-5.95],"1.5833":[-2.32758,-12.33026,-6.01137],"1.7083":[-2.08099,-12.03304,-6.14581],"1.9583":[-1.275,-11.30425,-6.7095],"2.0":[-1.13,-11.18,-6.81]},"position":{"0.0":[0,-0.02017,0.55],"0.0833":[0,-0.04605,0.55],"0.1667":[0,-0.07877,0.55],"0.4167":[0,-0.255,0.55],"0.6667":[0,-0.42873,0.55],"0.7917":[0,-0.48098,0.55],"0.9167":[0,-0.5,0.55],"1.1667":[0,-0.42873,0.55],"1.4167":[0,-0.255,0.55],"1.5417":[0,-0.17,0.55],"1.6667":[0,-0.07877,0.55],"1.75":[0,-0.03981,0.55],"1.7917":[0,-0.02682,0.55],"1.875":[0,-0.01,0.55],"1.9167":[0,0,0.55],"2.0":[0,-0.02017,0.55]}},"leg_right":{"rotation":{"0.0":[13.29802,4.02194,8.47744],"0.125":[13.21063,4.02186,8.47754],"0.25":[12.98149,4.02167,8.4778],"0.5":[12.15153,4.02095,8.47874],"0.75":[11.45878,4.02035,8.47953],"0.875":[11.17044,4.0201,8.47986],"1.0":[11.05,4.02,8.48],"1.125":[11.17487,4.02,8.48],"1.25":[11.39556,4.02,8.48],"1.5":[12.1525,4.02,8.48],"1.75":[13.00416,4.02,8.48],"1.875":[13.21284,4.02,8.48],"2.0":[13.3,4.02,8.48]},"position":{"0.0":[-0.2,0,-0.85],"0.125":[-0.2,0,-0.83445],"0.25":[-0.2,0,-0.79368],"0.5":[-0.2,0,-0.646],"0.75":[-0.2,0,-0.52274],"0.875":[-0.2,0,-0.47143],"1.0":[-0.2,0,-0.45],"1.125":[-0.2,0,-0.4722],"1.25":[-0.2,0,-0.51143],"1.5":[-0.2,0,-0.646],"1.75":[-0.2,0,-0.79741],"1.875":[-0.2,0,-0.8345],"2.0":[-0.2,0,-0.85]}},"leg_left":{"rotation":{"0.0":[-1.59044,-19.98015,-2.66022],"0.125":[-1.72729,-19.85347,-2.63545],"0.25":[-2.01425,-19.65726,-2.59708],"0.5":[-2.86521,-18.94994,-2.45876],"0.75":[-3.88996,-18.26996,-2.31653],"0.875":[-4.21162,-18.05562,-2.28443],"1.0":[-4.24032,-17.96682,-2.26712],"1.125":[-4.08969,-18.11121,-2.29525],"1.25":[-3.72908,-18.31254,-2.33448],"1.5":[-2.865,-18.94987,-2.45865],"1.75":[-2.02611,-19.66684,-2.59879],"1.875":[-1.70243,-19.85922,-2.63639],"2.0":[-1.59,-19.98,-2.66]},"position":{"0.0":[0.775,0,-0.8],"0.125":[0.76346,0,-0.76944],"0.25":[0.73862,0,-0.7237],"0.5":[0.69847,0,-0.5205],"0.75":[0.6599,0,-0.32468],"0.875":[0.64113,0,-0.26689],"1.0":[0.63,0,-0.225],"1.125":[0.64699,0,-0.25991],"1.25":[0.6701,0,-0.32707],"1.5":[0.71058,0,-0.5205],"1.75":[0.74947,0,-0.7215],"1.875":[0.77014,0,-0.7776],"2.0":[0.78,0,-0.8]}},"head_ext":{"rotation":{"0.0":[-5.16949,4.80737,0.08589],"0.0417":[-5.17913,4.80739,0.08508],"0.0833":[-5.17,4.80737,0.08584],"0.125":[-5.13467,4.80732,0.08881],"0.1667":[-5.09935,4.80726,0.09177],"0.2083":[-5.04689,4.80701,0.09649],"0.25":[-4.92954,4.80611,0.1077],"0.2917":[-4.83565,4.80537,0.11668],"0.3333":[-4.73286,4.80495,0.1257],"0.375":[-4.61763,4.80497,0.1348],"0.4167":[-4.5024,4.80497,0.1439],"0.4583":[-4.38718,4.80495,0.153],"0.5":[-4.24314,4.80491,0.16438],"0.5417":[-4.12792,4.80486,0.17348],"0.5833":[-4.00766,4.80465,0.18323],"0.625":[-3.8804,4.80423,0.19389],"0.6667":[-3.75314,4.80379,0.20455],"0.7083":[-3.62588,4.80333,0.2152],"0.75":[-3.4668,4.80271,0.22852],"0.7917":[-3.33954,4.8022,0.23918],"0.8333":[-3.23492,4.80175,0.24794],"0.875":[-3.1619,4.80144,0.25405],"0.9167":[-3.08887,4.80111,0.26016],"0.9583":[-3.02595,4.80082,0.26543],"1.0":[-2.9802,4.80061,0.26926],"1.0417":[-2.94647,4.80045,0.27208],"1.0833":[-2.94693,4.80045,0.27204],"1.125":[-2.9951,4.80068,0.26801],"1.1667":[-3.04327,4.8009,0.26398],"1.2083":[-3.10333,4.80117,0.25895],"1.25":[-3.21436,4.80167,0.24966],"1.2917":[-3.30319,4.80205,0.24222],"1.3333":[-3.40208,4.80245,0.23394],"1.375":[-3.51502,4.8029,0.22449],"1.4167":[-3.62796,4.80334,0.21503],"1.4583":[-3.7409,4.80375,0.20557],"1.5":[-3.88207,4.80424,0.19375],"1.5417":[-3.99501,4.80461,0.18429],"1.5833":[-4.12032,4.805,0.17379],"1.625":[-4.2629,4.80542,0.16185],"1.6667":[-4.40548,4.8058,0.14991],"1.7083":[-4.54805,4.80616,0.13796],"1.75":[-4.72628,4.80657,0.12303],"1.7917":[-4.86885,4.80686,0.11108],"1.8333":[-4.97899,4.80706,0.10185],"1.875":[-5.04387,4.80717,0.09642],"1.9167":[-5.10874,4.80728,0.09098],"1.9583":[-5.15745,4.80735,0.0869],"2.0":[-5.16227,4.80736,0.08649]}}}},"animation.spark.jedi_1.walk":{"loop":true,"animation_length":1.20833,"bones":{"body":{"rotation":{"0.0":[1.325,2.4656,0.075],"0.0417":[1.83775,2.37564,0.31982],"0.0833":[2.16719,2.24981,0.54005],"0.125":[2.39432,2.0784,0.72563],"0.1667":[2.495,1.85002,0.88036],"0.2083":[2.40958,1.55167,1.00796],"0.25":[2.13878,1.1308,1.1127],"0.2917":[1.54102,0.61288,1.19754],"0.3333":[0.96033,-0.03879,1.14934],"0.375":[0.3936,-0.85641,1.07041],"0.4167":[0.18,-1.47173,0.95478],"0.4583":[0.1,-1.91113,0.79144],"0.5":[0.2035,-2.21525,0.56602],"0.5417":[0.49994,-2.4179,0.26302],"0.5833":[0.99921,-2.4817,0.00506],"0.625":[1.48656,-2.44468,-0.28446],"0.6667":[1.96065,-2.36292,-0.539],"0.7083":[2.33243,-2.20521,-0.80577],"0.75":[2.48862,-1.92864,-1.0162],"0.7917":[2.495,-1.47861,-1.17935],"0.8333":[2.33546,-0.78882,-1.3034],"0.875":[1.92469,-0.14235,-1.39631],"0.9167":[1.22641,0.68476,-1.40498],"0.9583":[0.50138,1.21363,-1.35566],"1.0":[0.19,1.6341,-1.20445],"1.0417":[0.1,1.91703,-1.02398],"1.0833":[0.195,2.13382,-0.81077],"1.125":[0.44004,2.29678,-0.50738],"1.1667":[0.89155,2.41659,-0.21218],