{"format_version":"1.8.0","animations":{"animation.spark.jedi_3.walk":{"loop":true,"animation_length":1.16667,"bones":{"body":{"rotation":{"0.0":[0.55,-3.87,-0.05],"0.0417":[1.27502,-3.67819,-0.22255],"0.0833":[1.70569,-3.42237,-0.35098],"0.125":[1.925,-3.0013,-0.44738],"0.1667":[1.87,-2.42533,-0.51814],"0.2083":[1.555,-1.65536,-0.56873],"0.25":[0.98049,-0.64617,-0.58894],"0.2917":[0.42105,0.65363,-0.59846],"0.3333":[-0.12362,1.99389,-0.57108],"0.375":[-0.435,2.8804,-0.53053],"0.4167":[-0.525,3.43868,-0.45878],"0.4583":[-0.3138,3.7694,-0.36666],"0.5":[-0.04643,3.9013,-0.25011],"0.5417":[0.28759,3.95224,-0.10458],"0.5833":[0.7,4,0.075],"0.625":[1.21899,3.94357,0.19863],"0.6667":[1.59901,3.84102,0.29882],"0.7083":[1.87,3.56196,0.37905],"0.75":[1.975,3.12141,0.44248],"0.7917":[1.875,2.45818,0.49187],"0.8333":[1.51363,1.4973,0.52787],"0.875":[0.94741,-0.25238,0.57631],"0.9167":[0.36584,-1.51799,0.58098],"0.9583":[-0.08241,-2.40661,0.52923],"1.0":[-0.3039,-3.00925,0.47457],"1.0417":[-0.39758,-3.40095,0.39836],"1.0833":[-0.19642,-3.67217,0.29478],"1.125":[0.10642,-3.84317,0.1571],"1.1667":[0.55,-3.87,-0.05]},"position":{"0.0":[0,-0.04,0],"0.0417":[-0.00673,-0.18266,0],"0.0833":[-0.01199,-0.22431,0],"0.125":[-0.02235,-0.2406,0],"0.1667":[-0.02644,-0.19811,0],"0.2083":[-0.02945,-0.13731,0],"0.25":[-0.0316,0.0193,0],"0.2917":[-0.0331,0.1718,0],"0.3333":[-0.03146,0.32028,0],"0.375":[-0.02845,0.3825,0],"0.4167":[-0.02501,0.4156,0],"0.4583":[-0.01672,0.36255,0],"0.5":[-0.0124,0.28601,0],"0.5417":[-0.01,0.16726,0],"0.5833":[0,-0.009,0],"0.625":[0.0037,-0.15389,0],"0.6667":[0.00842,-0.2179,0],"0.7083":[0.02179,-0.2406,0],"0.75":[0.02682,-0.22161,0],"0.7917":[0.03095,-0.16067,0],"0.8333":[0.03431,-0.06172,0],"0.875":[0.03913,0.14576,0],"0.9167":[0.04079,0.2871,0],"0.9583":[0.0389,0.36489,0],"1.0":[0.03327,0.4156,0],"1.0417":[0.02929,0.3965,0],"1.0833":[0.02431,0.33693,0],"1.125":[0.0185,0.21188,0],"1.1667":[0,-0.04,0]}},"head_ext":{"rotation":{"0.0":[-0.83,3.79,0.07],"0.0417":[-1.41589,3.59173,0.17958],"0.0833":[-1.75678,3.29795,0.28025],"0.125":[-1.8887,2.85361,0.37285],"0.1667":[-1.7005,2.0713,0.48081],"0.2083":[-1.29029,1.22417,0.55007],"0.25":[-0.75511,0.13343,0.59104],"0.2917":[-0.23683,-1.13336,0.59318],"0.3333":[0.20114,-2.27937,0.54968],"0.375":[0.4338,-3.04093,0.48668],"0.4167":[0.39847,-3.60018,0.38877],"0.4583":[0.17552,-3.82843,0.30297],"0.5":[-0.10069,-3.92138,0.19827],"0.5417":[-0.43976,-3.969,0.07033],"0.5833":[-0.94187,-3.97461,-0.0687],"0.625":[-1.37283,-3.90317,-0.14874],"0.6667":[-1.68958,-3.73742,-0.22023],"0.7083":[-1.88722,-3.41492,-0.28892],"0.75":[-1.92221,-2.92316,-0.35987],"0.7917":[-1.75567,-2.20299,-0.43433],"0.8333":[-1.23576,-0.66989,-0.53674],"0.875":[-0.69978,0.80205,-0.58815],"0.9167":[-0.20475,1.87194,-0.56665],"0.9583":[0.1389,2.62472,-0.50267],"1.0":[0.30969,3.13696,-0.43259],"1.0417":[0.31932,3.47912,-0.34925],"1.0833":[0.03627,3.75436,-0.22588],"1.125":[-0.30441,3.8528,-0.08421],"1.1667":[-0.83,3.79,0.07]}},"head":{"rotation":{"0.0":[1.18,0,0.01],"0.0417":[1.27396,0,0.01],"0.0833":[1.44,0,0.01],"0.1667":[1.97,0,0.01],"0.25":[2.29902,0,0.01],"0.2917":[2.40295,0,0.01],"0.3333":[2.418,0,0.01],"0.375":[2.32322,0,0.01],"0.4167":[1.97,0,0.01],"0.5417":[1.44,0,0.01],"0.5833":[1.29184,0,0.01],"0.625":[1.18,0,0.01],"0.6667":[1.26222,0,0.01],"0.7917":[1.97,0,0.01],"0.8333":[2.31362,0,0.01],"0.875":[2.41214,0,0.01],"0.9167":[2.4775,-0.00018,0.01],"0.9583":[2.41214,0,0.01],"1.0417":[1.86807,0,0.01],"1.125":[1.44,0,0.01],"1.1667":[1.18,0,0.01]},"position":{"0.0":[0,0,0],"0.5833":[0,0,0],"1.1667":[0,0,0]}},"arm_right":{"rotation":{"0.0":[8.79,3.96,3.67],"0.0417":[8.01031,3.0372,3.84887],"0.0833":[6.72878,1.71576,4.10866],"0.125":[4.73678,-0.05134,4.4028],"0.1667":[2.11969,-1.84712,4.73457],"0.2083":[-0.88504,-3.67193,5.0702],"0.25":[-3.34522,-5.52611,5.39922],"0.2917":[-5.34521,-7.41001,5.72171],"0.3333":[-6.78559,-9.25492,6.03779],"0.375":[-7.79274,-10.52833,6.33522],"0.4167":[-8.82145,-11.3742,6.63],"0.4583":[-9.41826,-11.91,6.79],"0.5":[-9.73532,-12.02,6.8],"0.5417":[-9.58965,-11.91,6.78],"0.5833":[-9.11273,-11.57,6.72],"0.625":[-8.6271,-11.01,6.61],"0.6667":[-8.05077,-10.23,6.47],"0.7083":[-6.925,-9.01798,6.2282],"0.75":[-5.58788,-7.57842,5.94101],"0.7917":[-4.01103,-5.88075,5.60233],"0.8333":[-2.70444,-3.89174,5.20552],"0.875":[-0.02847,-1.57548,4.74343],"0.9167":[2.2056,0.09683,4.40981],"0.9583":[4.91517,1.88534,4.0673],"1.0":[6.77461,3.11272,3.83226],"1.0417":[8.00056,3.92194,3.67729],"1.0833":[8.77027,4.43,3.58],"1.125":[9.2312,4.54,3.56],"1.1667":[8.79,3.96,3.67]},"position":{"0.0":[-0.03,-0.2,0.63],"0.0417":[-0.04302,-0.12918,0.57863],"0.0833":[-0.05982,-0.05614,0.50831],"0.125":[-0.08238,-0.02309,0.41125],"0.1667":[-0.11203,-0.01556,0.21686],"0.2083":[-0.15034,-0.04018,0.02553],"0.25":[-0.19906,-0.07726,-0.16276],"0.2917":[-0.26012,-0.14106,-0.36095],"0.3333":[-0.30883,-0.22613,-0.50431],"0.375":[-0.35677,-0.28531,-0.60497],"0.4167":[-0.37901,-0.325,-0.67323],"0.4583":[-0.40737,-0.30639,-0.7176],"0.5":[-0.41571,-0.26888,-0.7176],"0.5417":[-0.42136,-0.21784,-0.7176],"0.5833":[-0.425,-0.15,-0.6942],"0.625":[-0.42011,-0.08147,-0.6437],"0.6667":[-0.39842,-0.02865,-0.5739],"0.7083":[-0.37,0.01133,-0.47979],"0.75":[-0.33338,0,-0.35552],"0.7917":[-0.28692,-0.02345,-0.19441],"0.8333":[-0.22875,-0.11177,0.01108],"0.875":[-0.17825,-0.19836,0.16158],"0.9167":[-0.13591,-0.28323,0.329],"0.9583":[-0.1006,-0.36641,0.45183],"1.0":[-0.0714,-0.40852,0.53953],"1.0417":[-0.04749,-0.38834,0.60024],"1.0833":[-0.02811,-0.3573,0.64069],"1.125":[-0.02588,-0.27974,0.6624],"1.1667":[-0.03,-0.2,0.63]},"scale":{"0.0":[1,1,1],"0.5833":[1,1,1],"1.1667":[1,1,1]}},"arm_left":{"rotation":{"0.0":[-6.52,11.48,-7.31],"0.0417":[-6.10022,10.71544,-7.10891],"0.0833":[-5.42993,9.66759,-6.85541],"0.125":[-4.40655,8.26267,-6.5439],"0.1667":[-2.90931,6.41694,-6.165],"0.2083":[-1.27124,4.03574,-5.73903],"0.25":[0.92128,1.68424,-5.37673],"0.2917":[2.7608,-0.20246,-5.07071],"0.3333":[4.96711,-1.69628,-4.81416],"0.375":[6.48119,-2.86183,-4.60081],"0.4167":[7.47944,-3.75641,-4.425],"0.4583":[8.10619,-4.43,-4.255],"0.5":[8.4217,-4.54,-4.235],"0.5417":[8.3634,-4.43,-4.245],"0.5833":[8.0772,-3.98,-4.325],"0.625":[7.5767,-3.53,-4.405],"0.6667":[6.82131,-2.75,-4.555],"0.7083":[5.72529,-1.42518,-4.975],"0.75":[4.18489,0.14836,-5.245],"0.7917":[2.07829,2.00404,-5.545],"0.8333":[0.0688,4.17817,-5.9107],"0.875":[-1.8619,6.59121,-6.2692],"0.9167":[-3.19767,8.43833,-6.6206],"0.9583":[-4.69779,9.82473,-6.965],"1.0":[-5.66623,10.84238,-7.305],"1.0417":[-6.25569,11.57,-7.405],"1.0833":[-6.5893,11.91,-7.465],"1.125":[-6.76064,12.02,-7.475],"1.1667":[-6.52,11.48,-7.31]},"position":{"0.0":[0.38,-0.11,-0.85],"0.0417":[0.36211,-0.05654,-0.76499],"0.0833":[0.33394,-0.0281,-0.6461],"0.125":[0.29784,-0.01035,-0.48412],"0.1667":[0.25225,-0.01667,-0.26832],"0.2083":[0.19543,-0.05958,0.0136],"0.25":[0.13783,-0.14575,0.29021],"0.2917":[0.08098,-0.22902,0.50217],"0.3333":[0.0249,-0.29773,0.66138],"0.375":[-0.03044,-0.31775,0.77831],"0.4167":[-0.05747,-0.325,0.86198],"0.4583":[-0.09554,-0.2909,0.92],"0.5":[-0.10833,-0.25944,0.92],"0.5417":[-0.11794,-0.21384,0.92],"0.5833":[-0.125,-0.15,0.88],"0.625":[-0.1166,-0.08415,0.81691],"0.6667":[-0.10342,-0.04455,0.72787],"0.7083":[-0.07272,-0.01125,0.60567],"0.75":[-0.02765,-0.02756,0.44183],"0.7917":[0.0363,-0.0871,0.22659],"0.8333":[0.1245,-0.15233,-0.0511],"0.875":[0.19291,-0.24233,-0.25131],"0.9167":[0.25901,-0.28807,-0.44951],"0.9583":[0.30852,-0.31289,-0.6519],"1.0":[0.34473,-0.3121,-0.78576],"1.0417":[0.37048,-0.29228,-0.87006],"1.0833":[0.38824,-0.24766,-0.92],"1.125":[0.4,-0.19004,-0.92],"1.1667":[0.38,-0.11,-0.85]}},"leg_right":{"rotation":{"0.0":[-20,0.23,1.2],"0.125":[-12.0111,0.22637,1.2],"0.5833":[16.13,0.29,1.2],"0.625":[18.3,0.29151,1.2],"0.6667":[21.93715,0.30051,1.2],"0.75":[25.24906,0.30943,1.2],"0.7917":[25.71739,0.31386,1.2],"0.8333":[24.19301,0.63487,1.31433],"0.875":[19.45534,2.56354,1.53849],"0.9167":[14.87555,3.5764,1.66254],