{"format_version":"1.8.0","animations":{"animation.spark.jedi_2.idle":{"loop":true,"animation_length":3,"bones":{"lightsaber":{"scale":1},"left_montral":{"rotation":{"0.0":[0.5,0,0],"0.3333":[0.465,0,0],"0.75":[0.25,0,0],"1.125":[0.06,0,0],"1.5":[0,0,0],"1.875":[0.08,0,0],"2.25":[0.25,0,0],"2.625":[0.455,0,0],"3.0":[0.5,0,0]}},"right_montral":{"rotation":{"0.0":[1,0,0],"0.3333":[0.855,0,0],"0.75":[0.5,0,0],"1.125":[0.15,0,0],"1.5":[0,0,0],"1.875":[0.15,0,0],"2.25":[0.5,0,0],"2.625":[0.825,0,0],"3.0":[1,0,0]}},"head_ext":{"rotation":{"0.0":[1.52123,11.99589,0.31625],"0.0417":[1.4967,11.99602,0.31115],"0.0833":[1.47217,11.99615,0.30605],"0.125":[1.44764,11.99628,0.30095],"0.1667":[1.40189,11.99651,0.29144],"0.2083":[1.31355,11.99694,0.27308],"0.25":[1.20312,11.99743,0.25013],"0.2917":[1.11478,11.99779,0.23176],"0.3333":[1.02643,11.99813,0.2134],"0.375":[0.92869,11.99847,0.19308],"0.4167":[0.81528,11.99882,0.1695],"0.4583":[0.70187,11.99913,0.14592],"0.5":[0.56011,11.99944,0.11645],"0.5417":[0.44669,11.99965,0.09287],"0.5833":[0.33328,11.9998,0.06929],"0.625":[0.21987,11.99991,0.04571],"0.6667":[0.10646,11.99998,0.02213],"0.7083":[-0.00695,12,-0.00145],"0.75":[-0.14763,11.99996,-0.03069],"0.7917":[-0.25886,11.99988,-0.05382],"0.8333":[-0.37009,11.99976,-0.07694],"0.875":[-0.48132,11.99959,-0.10007],"0.9167":[-0.59255,11.99938,-0.1232],"0.9583":[-0.70378,11.99912,-0.14632],"1.0":[-0.84281,11.99874,-0.17523],"1.0417":[-0.95404,11.99838,-0.19835],"1.0833":[-1.06527,11.99799,-0.22147],"1.125":[-1.16645,11.99759,-0.2425],"1.1667":[-1.25086,11.99722,-0.26005],"1.2083":[-1.33528,11.99684,-0.2776],"1.25":[-1.4408,11.99632,-0.29953],"1.2917":[-1.52522,11.99587,-0.31707],"1.3333":[-1.58565,11.99554,-0.32964],"1.375":[-1.61264,11.99538,-0.33524],"1.4167":[-1.63962,11.99523,-0.34085],"1.4583":[-1.6666,11.99507,-0.34646],"1.5":[-1.66967,11.99505,-0.3471],"1.5417":[-1.63533,11.99525,-0.33996],"1.5833":[-1.60098,11.99545,-0.33282],"1.625":[-1.56664,11.99564,-0.32568],"1.6667":[-1.51663,11.99592,-0.31529],"1.7083":[-1.43516,11.99634,-0.29836],"1.75":[-1.33332,11.99685,-0.27719],"1.7917":[-1.25185,11.99722,-0.26025],"1.8333":[-1.17038,11.99757,-0.24332],"1.875":[-1.08286,11.99792,-0.22513],"1.9167":[-0.98526,11.99828,-0.20484],"1.9583":[-0.88766,11.9986,-0.18455],"2.0":[-0.76566,11.99896,-0.15919],"2.0417":[-0.66806,11.99921,-0.1389],"2.0833":[-0.57047,11.99942,-0.1186],"2.125":[-0.47287,11.9996,-0.09831],"2.1667":[-0.37527,11.99975,-0.07802],"2.2083":[-0.27767,11.99986,-0.05773],"2.25":[-0.14149,11.99996,-0.02942],"2.2917":[-0.01554,12,-0.00323],"2.3333":[0.11041,11.99998,0.02296],"2.375":[0.23637,11.9999,0.04914],"2.4167":[0.36232,11.99977,0.07533],"2.4583":[0.48827,11.99958,0.10152],"2.5":[0.64571,11.99926,0.13425],"2.5417":[0.77166,11.99894,0.16043],"2.5833":[0.89761,11.99857,0.18662],"2.625":[1.00762,11.9982,0.20949],"2.6667":[1.09105,11.99789,0.22683],"2.7083":[1.17449,11.99755,0.24417],"2.75":[1.27878,11.9971,0.26585],"2.7917":[1.36222,11.99671,0.2832],"2.8333":[1.42311,11.99641,0.29585],"2.875":[1.45254,11.99626,0.30197],"2.9167":[1.48198,11.9961,0.30809],"2.9583":[1.51142,11.99595,0.31421],"3.0":[1.5335,11.99583,0.3188]}},"body":{"rotation":{"0.0":[-1.5,-12,0],"0.1667":[-1.4,-12,0],"0.375":[-0.95,-12,0],"0.75":[0.09,-12,0],"1.125":[1.11,-12,0],"1.3333":[1.54,-12,0],"1.5":[1.65,-12,0],"1.6667":[1.51,-12,0],"1.875":[1.095,-12,0],"2.25":[0.2,-12,0],"2.625":[-0.955,-12,0],"2.8333":[-1.38,-12,0],"3.0":[-1.5,-12,0]},"position":{"0.0":[0,0,-0.25],"0.1667":[0,-0.02,-0.24],"0.375":[0,-0.055,-0.23],"0.75":[0,-0.13909,-0.155],"1.125":[0,-0.21989,-0.06],"1.3333":[0,-0.23769,-0.01],"1.5":[0,-0.25,0],"1.6667":[0,-0.22438,-0.02],"1.875":[0,-0.18955,-0.08],"2.25":[0,-0.11834,-0.18],"2.625":[0,-0.035,-0.245],"2.8333":[0,-0.01,-0.25],"3.0":[0,0,-0.25]}},"arms":{"rotation":[0,0,0],"position":[0,0,0]},"arm_left":{"rotation":{"0.0":[-0.02,-0.59,-1.85],"0.125":[-0.00474,-0.59048,-1.78197],"0.3333":[-0.0467,-0.59,-1.9],"0.5":[-0.1058,-0.60777,-2.09796],"0.9167":[-0.3541,-0.72373,-2.67632],"1.2917":[-0.551,-0.81338,-3.24223],"1.4583":[-0.6006,-0.84,-3.445],"1.6667":[-0.6409,-0.85175,-3.54589],"1.875":[-0.5912,-0.84,-3.455],"2.0417":[-0.5316,-0.81338,-3.24223],"2.4167":[-0.3024,-0.72373,-2.67632],"2.75":[-0.0826,-0.60777,-2.09796],"2.9167":[-0.03,-0.59,-1.9],"3.0":[-0.02,-0.59,-1.85]},"position":{"0.0":[0,-0.35,0],"0.375":[0,-0.33,0],"0.75":[0,-0.275,0],"1.125":[0,-0.20283,0],"1.5":[0,-0.175,0],"1.875":[0,-0.20232,0],"2.25":[0,-0.265,0],"2.625":[0,-0.33614,0],"3.0":[0,-0.35,0]}},"arm_right":{"rotation":{"0.0":[-0.07,12.23,2.27],"0.125":[0,12.225,2.15],"0.4583":[-0.24,12.25286,2.49966],"0.875":[-0.9,12.28018,3.48603],"1.25":[-1.425,12.30695,4.4093],"1.625":[-1.5598,12.33319,4.76967],"2.0":[-1.3,12.30695,4.4093],"2.375":[-0.6389,12.28018,3.48603],"2.75":[-0.21853,12.25286,2.49966],"3.0":[-0.07,12.23,2.27]},"position":{"0.0":[0,-0.35,0.15],"0.375":[0,-0.295,0.15],"0.75":[0,-0.17,0.15],"1.125":[0,-0.055,0.15],"1.5":[0,-0.025,0.15],"1.875":[0,-0.065,0.15],"2.25":[0,-0.19,0.15],"2.625":[0,-0.315,0.15],"3.0":[0,-0.35,0.15]}},"head":{"rotation":{"0.0":[0,1.05,0],"0.1667":[-0.2,1.1,-0.02],"0.375":[-0.88,1.19,-0.05],"0.75":[-2.635,1.35,-0.11],"1.125":[-4,1.49,-0.16],"1.3333":[-4.245,1.56,-0.18],"1.5":[-4.37857,1.58792,-0.19739],"1.6667":[-4.225,1.56,-0.19],"1.875":[-3.82,1.48,-0.16],"2.25":[-2.39,1.31,-0.1],"2.625":[-0.87,1.15,-0.04],"2.8333":[-0.23,1.08,-0.01],"3.0":[0,1.05,0]},"position":{"0.0":[0,0,0],"0.375":[0,0,0],"0.75":[0,0,0],"1.125":[0,0,0],"1.5":[0,0,0],"1.875":[0,0,0],"2.25":[0,0,0],"2.625":[0,0,0],"3.0":[0,0,0]}},"head_tail":{"rotation":{"0.0":[3.5475,0,0],"0.0833":[3.3425,0,0],"0.2083":[3.1925,0,0],"0.3333":[3.1275,0,0],"0.4583":[3.2125,0,0],"0.5833":[3.3725,0,0],"0.7083":[3.61547,0,0],"0.8333":[3.91184,0,0],"1.3333":[5.0587,0,0],"1.4583":[5.33596,0,0],"1.5833":[5.5625,0,0],"1.7083":[5.7675,0,0],"1.8333":[5.8125,0,0],"1.9583":[5.7875,0,0],"2.0833":[5.6125,0,0],"2.2083":[5.38378,0,0],"2.3333":[5.08383,0,0],"2.8333":[3.9231,0,0],"2.9583":[3.6425,0,0],"3.0":[3.5475,0,0]}},"head_tail_left":{"rotation":{"0.0":[-1.2,0,0.65],"0.0833":[-0.91,0,0.91],"0.1667":[-0.62,0,1.17],"0.25":[-0.33364,0,1.40131],"0.375":[-0.09486,0,1.63499],"0.5":[0,0,1.76376],"0.625":[-0.13191,0,1.83885],"0.75":[-0.35253,0,1.81414],"0.875":[-0.79,0,1.76616],"1.0":[-1.39676,0,1.64199],"1.125":[-2.21,0,1.46786],"1.25":[-3.03,0,1.23004],"1.5":[-4.54527,0,0.56683],"1.625":[-5.18,0,0.27583],"1.75":[-5.61629,0,0.06036],"1.875":[-5.85158,0,-0.09508],"2.0":[-6,0,-0.20389],"2.125":[-5.86199,0,-0.27743],"2.25":[-5.63118,0,-0.325],"2.375":[-5.18,0,-0.26259],"2.5":[-4.52179,0,-0.17258],"2.625":[-3.68,0,-0.04681],"2.75":[-2.83,0,0.12445],"2.875":[-2.02,0,0.35246],"3.0":[-1.2,0,0.65]},"position":[0,0,0]},"head_tail_right":{"rotation":{"0.0":[-2.65,0,0.45],"0.125":[-2.41267,0,0.61897],"0.25":[-2.2498,0,0.73062],"0.375":[-2.14242,0,0.80091],"0.5":[-2.075,0,0.82399],"0.625":[-2.1264,0,0.77295],"0.75":[-2.22838,0,0.69167],"0.875":[-2.41119,0,0.56838],"1.0":[-2.71451,0,0.38872],"1.25":[-3.555,0,-0.06742],"1.5":[-4.4621,0,-0.57921],"1.625":[-4.73651,0,-0.72692],"1.75":[-4.91141,0,-0.82522],"1.875":[-5.01648,0,-0.88766],"2.0":[-5.07423,0.08846,-0.925],"2.125":[-5.02809,0,-0.8951],"2.25":[-4.93501,0,-0.8451],"2.375":[-4.76816,0,-0.76637],"2.5":[-4.49132,0,-0.63257],"2.5833":[-4.18,0,-0.50812],"2.6667":[-3.87,0,-0.34836],"2.75":[-3.555,0,-0.14628],"2.8333":[-3.25,0,0.06459],"2.9167":[-2.95,0,0.26885],"3.0":[-2.65,0,0.45]},"position":[0,0,0]},"leg_right":{"rotation":{"0.0":[-1.325,0,0],"0.375":[-1.325,0,0],"0.75":[-1.325,0,0],"1.125":[-1.325,0,0],"1.5":[-1.325,0,0],"1.875":[-1.325,0,0],"2.25":[-1.325,0,0],"2.625":[-1.325,0,0],"3.0":[-1.325,0,0]},"position":{"0.0":[0,0,-1],"0.375":[0,0,-1],"0.75":[0,0,-1],"1.125":[0,0,-1],"1.5":[0,0,-1],"1.875":[0,0,-1],"2.25":[0,0,-1],"2.625":[0,0,-1],"3.0":[0,0,-1]}},"leg_left":{"rotation":{"0.0":[4.85,-20,-2.95],"0.375":[4.85,-20,-2.95],"0.75":[4.85,-20,-2.95],"1.125":[4.85,-20,-2.95],