{"format_version":"1.8.0","animations":{"animation.spark.jedi_5.idle":{"loop":true,"animation_length":2,"bones":{"helmet":{"rotation":{"0.0":[0.01187,0,0.01963],"0.0833":[0.00444,0,0.00747],"0.1667":[0,0,0],"0.25":[0.0077,0,0.01339],"0.3333":[0.01815,0,0.03084],"0.4167":[0.03197,0,0.05319],"0.6667":[0.052,0,0.16],"0.9167":[0.09335,0,0.27014],"1.0":[0.10684,0,0.2932],"1.0833":[0.1172,0,0.31119],"1.1667":[0.125,0,0.325],"1.25":[0.11554,0,0.3105],"1.3333":[0.10385,0,0.29195],"1.4167":[0.08959,0,0.26856],"1.6667":[0.052,0,0.16],"1.9167":[0.02356,0,0.03837],"2.0":[0.01187,0,0.01963]}},"body":{"rotation":{"0.0":[2.49005,1.96,0.86109],"0.0833":[2.46846,1.93,0.82782],"0.1667":[2.41486,1.86,0.78655],"0.4167":[2.10306,1.435,0.60035],"0.6667":[1.80349,1.035,0.39155],"0.75":[1.74935,0.915,0.34785],"0.8333":[1.72887,0.85783,0.31374],"0.9167":[1.71499,0.83501,0.28756],"1.0":[1.73712,0.85349,0.31653],"1.0833":[1.76491,0.915,0.35293],"1.1667":[1.8244,1.035,0.39809],"1.4167":[2.11619,1.435,0.60183],"1.6667":[2.41989,1.86,0.8139],"1.75":[2.4717,1.93,0.84876],"1.8333":[2.49159,1.96,0.87232],"1.9167":[2.50598,1.98208,0.88756],"2.0":[2.49005,1.96,0.86109]},"position":{"0.0":[0,-0.825,0],"0.0833":[0,-0.82,0],"0.1667":[0,-0.81199,0],"0.25":[0,-0.80026,0],"0.5":[0,-0.73,0],"0.75":[0,-0.65278,0],"1.0":[0,-0.62,0],"1.25":[0,-0.65664,0],"1.5":[0,-0.73,0],"1.75":[0,-0.79701,0],"1.8333":[0,-0.80948,0],"1.9167":[0,-0.81856,0],"2.0":[0,-0.825,0]}},"cape":{"rotation":{"0.0":[5.22,0,0],"0.5":[3.645,0,0],"0.5833":[3.385,0,0],"0.6667":[3.19,0,0],"0.75":[3.12,0,0],"0.8333":[3.19,0,0],"0.9167":[3.375,0,0],"1.0":[3.645,0,0],"1.5":[5.23381,0,0],"1.5833":[5.46792,0,0],"1.6667":[5.62261,0,0],"1.75":[5.72,0,0],"1.8333":[5.6262,0,0],"1.9167":[5.44341,0,0],"2.0":[5.22,0,0]}},"head_ext":{"relative_to":{"rotation":"entity"},"rotation":[0,0,0.01]},"head":{"relative_to":{"rotation":"entity"},"rotation":{"0.0":[0.015,0,0],"0.0833":[0,0,0.01],"0.1667":[0.025,0,0],"0.25":[0.075,0,0],"0.3333":[0.145,0,0],"0.5833":[0.675,0,0],"0.8333":[1.14,0,0],"0.9167":[1.205,0,0],"1.0":[1.235,0,0],"1.0833":[1.25,0,0],"1.1667":[1.225,0,0],"1.25":[1.185,0,0],"1.3333":[1.11,0,0],"1.5833":[0.61,0,0],"1.8333":[0.135,0,0],"1.9167":[0.065,0,0],"2.0":[0.015,0,0]},"position":{"0.0":[0,0,-0.88],"0.25":[0,0,-0.88],"0.5":[0,0,-0.88],"0.75":[0,0,-0.88],"1.0":[0,0,-0.88],"1.25":[0,0,-0.88],"1.5":[0,0,-0.88],"1.75":[0,0,-0.88],"2.0":[0,0,-0.88]}},"ponytail":{"rotation":{"0.0":[6.875,0,0],"0.0833":[6.95,0,0],"0.1667":[6.875,0,0],"0.25":[6.75,0,0],"0.3333":[6.49313,0,0],"0.5833":[5.73765,0,0],"0.8333":[5.0192,0,0],"0.9167":[4.81847,0,0],"1.0":[4.62042,0,0],"1.0833":[4.525,0,0],"1.1667":[4.62681,0,0],"1.25":[4.83136,0,0],"1.3333":[5.03865,0,0],"1.5833":[5.77735,0,0],"1.8333":[6.51049,0,0],"1.9167":[6.75,0,0],"2.0":[6.875,0,0]}},"arm_left":{"rotation":{"0.0":[4.36859,-2.44,-9.47743],"0.0833":[4.67639,-2.42,-9.38223],"0.1667":[4.97606,-2.3971,-9.33574],"0.25":[5.2497,-2.42,-9.38775],"0.3333":[5.51868,-2.44,-9.45963],"0.4167":[5.78348,-2.46,-9.55655],"0.5":[6.04406,-2.46,-9.725],"0.5833":[6.15196,-2.46,-9.895],"0.6667":[6.09538,-2.46,-10.06211],"0.75":[5.96989,-2.46,-10.245],"0.8333":[5.72655,-2.46,-10.425],"0.9167":[5.46814,-2.46,-10.60493],"1.0":[5.21302,-2.46,-10.68316],"1.0833":[4.96147,-2.46,-10.73176],"1.1667":[4.71326,-2.46,-10.76],"1.25":[4.46805,-2.46,-10.6926],"1.3333":[4.2264,-2.46,-10.60941],"1.4167":[3.95556,-2.46,-10.5078],"1.5":[3.69011,-2.46,-10.355],"1.5833":[3.55157,-2.46,-10.205],"1.6667":[3.51148,-2.46,-10.065],"1.75":[3.5882,-2.46,-9.895],"1.8333":[3.78793,-2.46,-9.73074],"1.9167":[4.0525,-2.46,-9.5927],"2.0":[4.36859,-2.44,-9.47743]},"position":{"0.0":[-0.2,0.05849,-0.79449],"0.0833":[-0.2,0.088,-0.8],"0.1667":[-0.2,0.09791,-0.79449],"0.25":[-0.2,0.1,-0.78411],"0.3333":[-0.2,0.08814,-0.76114],"0.4167":[-0.2,0.07421,-0.73843],"0.5":[-0.2,0.05796,-0.71597],"0.75":[-0.2,-0.03267,-0.65012],"0.8333":[-0.2,-0.05561,-0.62867],"0.9167":[-0.2,-0.07549,-0.61559],"1.0":[-0.2,-0.09264,-0.60633],"1.0833":[-0.2,-0.10734,-0.6],"1.1667":[-0.2,-0.11987,-0.60703],"1.25":[-0.2,-0.11529,-0.61841],"1.3333":[-0.2,-0.10828,-0.63593],"1.4167":[-0.2,-0.09801,-0.66175],"1.5":[-0.2,-0.08344,-0.68463],"1.75":[-0.2,-0.02938,-0.7561],"1.9167":[-0.2,0.02465,-0.7859],"2.0":[-0.2,0.05849,-0.79449]}},"arm_right":{"rotation":{"0.0":[-3.32,7.45,8.325],"0.0833":[-3.5713,7.45761,8.30399],"0.1667":[-3.81794,7.45,8.33776],"0.25":[-4.0594,7.45,8.37945],"0.3333":[-4.29616,7.44,8.43036],"0.4167":[-4.485,7.44,8.49196],"0.5":[-4.51045,7.44,8.59589],"0.5833":[-4.31166,7.44,8.69778],"0.6667":[-4.10632,7.44,8.79765],"0.75":[-3.89427,7.44,8.92491],"0.8333":[-3.67544,7.44,9.02234],"0.9167":[-3.44931,7.44,9.09545],"1.0":[-3.24607,7.44,9.14912],"1.0833":[-3.04485,7.44,9.1875],"1.1667":[-2.84548,7.44,9.14955],"1.25":[-2.64818,7.44,9.09469],"1.3333":[-2.45286,7.44,9.01782],"1.4167":[-2.29383,7.44,8.91252],"1.5":[-2.195,7.44,8.80508],"1.5833":[-2.24857,7.44,8.69548],"1.6667":[-2.36691,7.44,8.58367],"1.75":[-2.61237,7.44,8.50659],"1.8333":[-2.85289,7.44,8.43829],"1.9167":[-3.08884,7.45,8.3775],"2.0":[-3.32,7.45,8.325]},"position":{"0.0":[0,0.11478,0.23],"0.0833":[0,0.125,0.23523],"0.1667":[0,0.1114,0.2429],"0.25":[0,0.09299,0.25371],"0.3333":[0,0.06858,0.26857],"0.5833":[0,-0.0221,0.34861],"0.75":[0,-0.08,0.4003],"0.8333":[0,-0.10923,0.41478],"0.9167":[0,-0.12914,0.42419],"1.0":[0,-0.14206,0.43],"1.0833":[0,-0.15,0.42271],"1.1667":[0,-0.14093,0.41383],"1.25":[0,-0.12691,0.40311],"1.3333":[0,-0.10617,0.39029],"1.5833":[0,-0.01644,0.30391],"1.75":[0,0.05,0.26599],"1.8333":[0,0.07696,0.2516],"1.9167":[0,0.1,0.23971],"2.0":[0,0.11478,0.23]}},"leg_left":{"rotation":{"0.0":[11.80021,-5.79198,-6.75252],"0.0833":[11.70596,-5.79198,-6.75252],"0.1667":[11.59349,-5.79198,-6.75252],"0.25":[11.46029,-5.79198,-6.75252],"0.5":[10.90771,-5.79198,-6.75252],"0.75":[10.41691,-5.79198,-6.75252],"0.8333":[10.29859,-5.79198,-6.75252],"0.9167":[10.1987,-5.79198,-6.75252],"1.0":[10.11499,-5.79198,-6.75252],"1.0833":[10.20624,-5.79198,-6.75252],"1.1667":[10.31336,-5.79198,-6.75252],"1.25":[10.43835,-5.79198,-6.75252],"1.5":[10.94271,-5.79198,-6.75252],"1.75":[11.52331,-5.79198,-6.75252],"1.8333":[11.64137,-5.79198,-6.75252],"1.9167":[11.73198,-5.79198,-6.75252],"2.0":[11.80021,-5.79198,-6.75252]},"position":{"0.0":[0.525,0,-0.675],"0.0833":[0.52231,0,-0.65211],"0.1667":[0.51909,0,-0.6248],"0.25":[0.51529,0,-0.59245],"0.5":[0.4995,0,-0.45825],"0.75":[0.48548,0,-0.33905],"0.8333":[0.4821,0,-0.31032],"0.9167":[0.47924,0,-0.28606],"1.0":[0.47685,0,-0.26573],"1.0833":[0.47946,0,-0.28789],"1.1667":[0.48252,0,-0.31391],"1.25":[0.48609,0,-0.34426],"1.5":[0.5005,0,-0.46675],"1.75":[0.51709,0,-0.60775],"1.8333":[0.52046,0,-0.63642],"1.9167":[0.52305,0,-0.65843],"2.0":[0.525,0,-0.675]}},"leg_right":{"rotation":{"0.0":[0.75285,0.06536,4.99957],"0.0833":[0.68883,0.06536,4.99957],"0.1667":[0.60541,0.06536,4.99957],"0.25":[0.49852,0.06536,4.99957],"0.5":[-0.01215,0.06536,4.99957],"0.75":[-0.48154,0.06536,4.99957],"0.8333":[-0.58855,0.06536,4.99957],"0.9167":[-0.67617,0.06536,4.99957],"1.0":[-0.74715,0.06536,4.99957],"1.0833":[-0.67939,0.06536,4.99957],"1.1667":[-0.59427,0.06536,4.99957],"1.25":[-0.48866,0.06536,4.99957],"1.5":[-0.01215,0.06536,4.99957],"1.75":[0.45399,0.06536,4.99957],"1.8333":[0.56951,0.06536,4.99957],"1.9167":[0.66851,0.06536,4.99957],"2.0":[0.75285,0.06536,4.99957]},"position":{"0.0":[0.125,0,-0.9],"0.0833":[0.125,0,-0.88613],"0.1667":[0.125,0,-0.86806],"0.25":[0.125,0,-0.8449],"0.5":[0.125,0,-0.73425],"0.75":[0.125,0,-0.63255],"0.8333":[0.125,0,-0.60936],"0.9167":[0.125,0,-0.59038],"1.0":[0.125,0,-0.575],"1.0833":[0.125,0,-0.58968],"1.1667":[0.125,0,-0.60812],"1.25":[0.125,0,-0.63101],"1.5":[0.125,0,-0.73425],"1.75":[0.125,0,-0.83525],"1.8333":[0.125,0,-0.86028],"1.9167":[0.125,0,-0.88173],"2.0":[0.125,0,-0.9]}}}},"animation.spark.jedi_5.walk":{"loop":true,"animation_length":1.1667,"bones":{"body":{"rotation":{"0.0":[0.7,4,0.075],"0.0417":[1.21899,3.94357,0.19863],