{"format_version":"1.8.0","animations":{"animation.spark.padawan_2.idle":{"loop":true,"animation_length":1.5,"bones":{"body":{"rotation":{"0.0":[-1.29408,-2.46389,1.6795],"0.125":[-1.82837,-2.37829,1.61444],"0.25":[-2.45,-2.23,1.51],"0.375":[-2.68395,-1.92899,1.34191],"0.5":[-2.59481,-1.57382,1.17167],"0.625":[-2.32617,-1.26114,1.046],"0.75":[-1.75306,-1.14938,1.00825],"0.875":[-1.10055,-1.28471,1.05787],"1.0":[-0.56869,-1.56629,1.18218],"1.125":[-0.42,-1.955,1.35],"1.25":[-0.54803,-2.23154,1.52788],"1.375":[-0.82139,-2.4078,1.62841],"1.5":[-1.29408,-2.46389,1.6795]},"position":{"0.0":[0,-0.27,0.32],"0.0833":[0,-0.28,0.33],"0.2083":[-0.00493,-0.26334,0.31334],"0.3333":[-0.01768,-0.23322,0.28804],"0.4583":[-0.0402,-0.205,0.26373],"0.5833":[-0.06624,-0.17021,0.24036],"0.7083":[-0.07812,-0.14292,0.21792],"0.8333":[-0.08375,-0.13,0.205],"0.9583":[-0.07632,-0.14706,0.2299],"1.0833":[-0.06292,-0.17784,0.25328],"1.2083":[-0.0402,-0.205,0.27522],"1.3333":[-0.01803,-0.23515,0.2958],"1.4583":[-0.006,-0.26506,0.31506],"1.5":[0,-0.27,0.32]}},"head":{"rotation":{"0.0":[7,0,0],"1.5":[7,0,0]},"position":{"0.0":[0,-0.175,0],"1.5":[0,-0.175,0]}},"arm_right":{"rotation":{"0.0":[-9.66,9.17,5.245],"0.0417":[-9.68,9.44504,5.185],"0.0833":[-9.7,9.8,5.125],"0.2083":[-9.6508,10.5999,5.305],"0.3333":[-9.58092,11.17322,5.76201],"0.4583":[-9.47785,11.40456,6.41868],"0.5833":[-9.3708,11.14651,6.99919],"0.7083":[-9.30535,10.64775,7.42],"0.8333":[-9.26804,9.76422,7.66059],"0.9583":[-9.33327,8.99019,7.41],"1.0833":[-9.4123,8.4654,6.97338],"1.2083":[-9.50723,8.26436,6.3377],"1.3333":[-9.58196,8.29275,5.75728],"1.4583":[-9.6458,8.84613,5.295],"1.5":[-9.66,9.17,5.245]},"position":{"0.0":[0,-0.915,-0.15],"0.0417":[0,-0.91298,-0.15],"0.0833":[0,-0.895,-0.15],"0.2083":[0,-0.91779,-0.15],"0.3333":[0,-0.95986,-0.15],"0.4583":[0,-1.045,-0.15],"0.5833":[0,-1.12297,-0.15],"0.7083":[0,-1.16941,-0.15],"0.8333":[0,-1.195,-0.15],"0.9583":[0,-1.17155,-0.15],"1.0833":[0,-1.12585,-0.15],"1.2083":[0,-1.045,-0.15],"1.3333":[0,-0.9627,-0.15],"1.4583":[0,-0.91741,-0.15],"1.5":[0,-0.915,-0.15]}},"arm_left":{"rotation":{"0.0":[-7.13412,6.63869,-10.78629],"0.125":[-7.00087,5.665,-10.96],"0.25":[-6.69839,5.23903,-11.385],"0.375":[-6.10273,5.05297,-12.06106],"0.5":[-5.59715,5.30421,-12.725],"0.625":[-5.28803,5.73,-13.13],"0.75":[-5.11179,6.32355,-13.28585],"0.875":[-5.34084,6.88,-13.12],"1.0":[-5.66204,7.42596,-12.74],"1.125":[-6.10071,7.70979,-12.03517],"1.25":[-6.616,7.55248,-11.335],"1.375":[-6.93934,7.14,-10.96],"1.5":[-7.13412,6.63869,-10.78629]},"position":{"0.0":[0.45,-0.625,-1],"0.0417":[0.45,-0.63333,-1],"0.0833":[0.45,-0.64373,-1],"0.125":[0.45,-0.65656,-1],"0.375":[0.45,-0.81,-1],"0.625":[0.45,-0.9461,-1],"0.6667":[0.45,-0.96733,-1],"0.7083":[0.45,-0.98328,-1],"0.75":[0.45,-0.995,-1],"0.7917":[0.45,-0.98207,-1],"0.8333":[0.45,-0.96596,-1],"0.875":[0.45,-0.9461,-1],"1.125":[0.45,-0.81,-1],"1.375":[0.45,-0.655,-1],"1.4167":[0.45,-0.64175,-1],"1.4583":[0.45,-0.63014,-1],"1.5":[0.45,-0.625,-1]}},"leg_right":{"rotation":{"0.0":[0.2586,13.57274,1.03289],"0.125":[0.37805,13.57336,1.0321],"0.375":[0.88,13.575,1.03],"0.625":[1.44871,13.575,1.03],"0.75":[1.51,13.575,1.03],"0.875":[1.45127,13.575,1.03],"1.125":[0.89,13.575,1.03],"1.375":[0.37129,13.575,1.03],"1.5":[0.2586,13.57274,1.03289]},"position":{"0.0":[-0.15,0,-0.5],"0.125":[-0.16091,0,-0.53818],"0.375":[-0.19,0,-0.64],"0.625":[-0.21604,0,-0.74044],"0.75":[-0.225,0,-0.775],"0.875":[-0.21604,0,-0.74044],"1.125":[-0.19,0,-0.64],"1.375":[-0.16024,0,-0.53584],"1.5":[-0.15,0,-0.5]}},"leg_left":{"rotation":{"0.0":[9.11939,-6.82888,-4.40059],"0.125":[9.28999,-6.78828,-4.53678],"0.375":[9.745,-6.68,-4.9],"0.625":[10.21334,-6.57383,-5.26514],"0.75":[10.37451,-6.53729,-5.39079],"0.875":[10.21334,-6.57383,-5.26514],"1.125":[9.745,-6.68,-4.9],"1.375":[9.27629,-6.7916,-4.52801],"1.5":[9.11939,-6.82888,-4.40059]},"position":{"0.0":[0.55,0,-0.4],"0.125":[0.53364,0,-0.43],"0.375":[0.49,0,-0.51],"0.625":[0.44164,0,-0.59556],"0.75":[0.425,0,-0.625],"0.875":[0.44164,0,-0.59556],"1.125":[0.49,0,-0.51],"1.375":[0.53464,0,-0.42816],"1.5":[0.55,0,-0.4]}},"head_ext":{"rotation":{"0.0":[1.30887,2.48866,-1.61116],"0.0417":[1.4816,2.46555,-1.5836],"0.0833":[1.65431,2.44229,-1.55619],"0.125":[1.83788,2.4115,-1.52401],"0.1667":[2.03955,2.36819,-1.48389],"0.2083":[2.24115,2.32462,-1.44409],"0.25":[2.43201,2.24346,-1.3881],"0.2917":[2.51125,2.14672,-1.33561],"0.3333":[2.59032,2.04983,-1.28339],"0.375":[2.63056,1.94548,-1.23279],"0.4167":[2.60622,1.82888,-1.18447],"0.4583":[2.58167,1.71233,-1.13605],"0.5":[2.52164,1.57326,-1.08299],"0.5417":[2.43859,1.46997,-1.04942],"0.5833":[2.35541,1.36679,-1.01554],"0.625":[2.23491,1.28758,-0.99177],"0.6667":[2.05238,1.24824,-0.98509],"0.7083":[1.86984,1.20894,-0.97817],"0.75":[1.62799,1.1996,-0.9823],"0.7917":[1.41808,1.2397,-1.00147],"0.8333":[1.20815,1.27966,-1.02094],"0.875":[1.01214,1.33747,-1.04904],"0.9167":[0.83928,1.42501,-1.09148],"0.9583":[0.66629,1.51231,-1.13444],"1.0":[0.51063,1.63955,-1.19398],"1.0417":[0.45879,1.76334,-1.24807],"1.0833":[0.40672,1.88704,-1.30237],"1.125":[0.3879,1.99798,-1.35703],"1.1667":[0.42472,2.08784,-1.41189],"1.2083":[0.46136,2.17777,-1.46664],"1.25":[0.5311,2.27476,-1.52175],"1.2917":[0.61581,2.3338,-1.54986],"1.3333":[0.70046,2.39294,-1.5778],"1.375":[0.80916,2.43785,-1.59889],"1.4167":[0.95802,2.459,-1.60875],"1.4583":[1.10687,2.48021,-1.6185],"1.5":[1.30887,2.48866,-1.61116]}},"arms":{"rotation":{"0.0":[14,0,0],"1.5":[14,0,0]},"position":{"0.0":[0,0.5,0.825],"1.5":[0,0.5,0.825]}}}},"animation.spark.padawan_2.walk":{"loop":true,"animation_length":1.33333,"anim_time_update":"q.modified_distance_moved / 16","bones":{"body":{"rotation":{"0.0":[4,0,-3],"0.0833":[4,-3.74,-2.865],"0.1667":[4,-6.18,-2.415],"0.25":[4,-7.23,-1.5],"0.3333":[4,-7.5,0],"0.4167":[4,-7.24,1.5],"0.5":[4,-6.23,2.415],"0.5833":[4,-3.8,2.865],"0.6667":[4,0,3],"0.75":[4,3.8,2.865],"0.8333":[4,6.23,2.415],"0.9167":[4,7.24,1.5],"1.0":[4,7.5,0],"1.0833":[4,7.23,-1.5],"1.1667":[4,6.18,-2.415],"1.25":[4,3.74,-2.865],"1.3333":[4,0,-3]},"position":{"0.0":[0,-0.25507,0],"0.0833":[0.14,-0.23272,0.125],"0.1667":[0.23,-0.29173,0.17],"0.25":[0.28,-0.40312,0.12],"0.3333":[0.3,-0.64508,0],"0.4167":[0.28,-0.74757,-0.12],"0.5":[0.23,-0.45007,-0.17],"0.5833":[0.14,-0.33007,-0.125],"0.6667":[0,-0.25507,0],"0.75":[-0.14,-0.23272,0.125],"0.8333":[-0.23,-0.29173,0.17],"0.9167":[-0.28,-0.40312,0.12],"1.0":[-0.3,-0.64508,0],"1.0833":[-0.28,-0.74757,-0.12],"1.1667":[-0.23,-0.45007,-0.17],"1.25":[-0.14,-0.33007,-0.125],"1.3333":[0,-0.25507,0]}},"head":{"rotation":{"0.0":[0,0,0.01],"0.3333":[0,0,0.01],"0.6667":[0,0,0.01],"1.0":[0,0,0.01],"1.3333":[0,0,0.01]}},"arm_right":{"rotation":{"0.0":[4.5,-5.39,6.51],"0.0833":[-0.49,-7.24,5.92],"0.1667":[-2.97,-8.36,5.57],"0.25":[-3.67,-8.71,5.46],"0.3333":[-3.02,-8.36,5.57],"0.4167":[-0.57,-7.24,5.92],"0.5":[4.44,-5.39,6.51],"0.5833":[12.07,-3.06,7.25],"0.6667":[19.7,-0.73,8],"0.75":[24.71,1.11,8.59],"0.8333":[27.16,2.23,8.94],"0.9167":[27.81,2.59,9.05],"1.0":[27.11,2.23,8.94],"1.0833":[24.64,1.11,8.59],"1.1667":[19.64,-0.73,8],"1.25":[12.07,-3.06,7.25],"1.3333":[4.5,-5.39,6.51]},"position":{"0.0":[0.18,0.02,-0.35],"0.0833":[0.15,0.04,-0.62],"0.1667":[0.12,0.05,-0.79],"0.25":[0.11,0.06,-0.84],"0.3333":[0.12,0.05,-0.79],"0.4167":[0.15,0.04,-0.62],"0.5":[0.18,0.02,-0.35],"0.5833":[0.22,0,0.01],"0.6667":[0.26,-0.02,0.37],"0.75":[0.3,-0.04,0.65],"0.8333":[0.33,-0.05,0.81],"0.9167":[0.34,-0.06,0.87],"1.0":[0.33,-0.05,0.81],"1.0833":[0.3,-0.04,0.65],"1.1667":[0.26,-0.02,0.37],"1.25":[0.22,0,0.01],"1.3333":[0.18,0.02,-0.35]}},"arm_left":{"rotation":{"0.0":[7.38,3.8225,-5.2825],"0.0833":[13.3125,2.725,-5.2425],"0.1667":[17.055,2.0875,-5.215],"0.25":[18.295,1.88,-5.205],"0.3333":[17.005,2.0725,-5.215],"0.4167":[13.2425,2.7075,-5.2425],"0.5":[7.33,3.8125,-5.2825],"0.5833":[0.12,5.25,-5.3275],"0.6667":[-7.09,6.6875,-5.37],"0.75":[-13.0025,7.7925,-5.4075],"0.8333":[-16.7625,8.4275,-5.4375],"0.9167":[-18.05,8.62,-5.45],