{"format_version":"1.8.0","animations":{"animation.spark.youngling.idle":{"loop":true,"animation_length":2,"bones":{"body":{"rotation":{"0.0":[2.69,0.22,-0.52],"0.0833":[2.71,0.22,-0.52],"0.2083":[2.6,0.22,-0.52],"0.3333":[2.30791,0.22203,-0.52331],"0.5833":[1.59,0.22,-0.52],"0.8333":[0.7974,0.22,-0.52],"0.9583":[0.57,0.22,-0.52],"1.0":[0.53,0.22,-0.52],"1.0833":[0.46,0.22,-0.52],"1.2083":[0.61,0.22,-0.52],"1.3333":[0.88661,0.22,-0.52],"1.5833":[1.59,0.22,-0.52],"1.8333":[2.47798,0.22,-0.52],"1.9583":[2.68,0.22,-0.52],"2.0":[2.69,0.22,-0.52]},"position":{"0.0":[0,-0.37,-0.77],"0.0833":[0,-0.38,-0.77],"0.2083":[0,-0.34505,-0.77],"0.3333":[0,-0.30329,-0.77398],"0.5833":[0,-0.1711,-0.77],"0.8333":[0,-0.04171,-0.77],"0.9583":[0,-0.00461,-0.77],"1.0":[0,0,-0.77],"1.0833":[0,0.02,-0.77],"1.2083":[0,-0.01559,-0.77],"1.3333":[0,-0.064,-0.77],"1.5833":[0,-0.21244,-0.77],"1.8333":[0,-0.33981,-0.77],"1.9583":[0,-0.36653,-0.77],"2.0":[0,-0.37,-0.77]}},"head":{"rotation":{"0.0":[0.06,-0.03,-0.46],"0.0417":[0.04,-0.02,-0.43],"0.125":[0,0,-0.37],"0.25":[0.055,0.04389,-0.3205],"0.375":[0.22644,0.07239,-0.2817],"0.5":[0.55,0.08992,-0.25495],"0.625":[0.8685,0.1,-0.2372],"0.75":[1.22,0.08653,-0.25611],"0.875":[1.57631,0.06675,-0.28902],"1.0":[1.78,0.0387,-0.34252],"1.125":[1.85,0,-0.42491],"1.25":[1.78,-0.04041,-0.49469],"1.375":[1.57631,-0.06866,-0.54529],"1.5":[1.22,-0.0877,-0.58095],"1.625":[0.8685,-0.1,-0.60525],"1.75":[0.55,-0.08341,-0.57495],"1.875":[0.22644,-0.06191,-0.52928],"1.9167":[0.17,-0.05,-0.51],"2.0":[0.055,-0.03449,-0.46304]}},"arm_right":{"rotation":{"0.0":[-3.52,-1.5586,6.84975],"0.0833":[-3.21,-1.61,7],"0.1667":[-2.90336,-1.56769,7.15],"0.25":[-2.70899,-1.5116,7.29777],"0.375":[-2.56315,-1.39478,7.41],"0.5":[-2.5,-1.2276,7.5],"0.625":[-2.61959,-1.02969,7.41],"0.75":[-2.81008,-0.83646,7.27117],"0.9167":[-3.28,-0.58595,6.99],"1.0":[-3.52,-0.51201,6.84975],"1.0833":[-3.74,-0.45242,6.7],"1.1667":[-3.97,-0.405,6.56],"1.25":[-4.19313,-0.43796,6.42082],"1.3333":[-4.35,-0.49213,6.35],"1.375":[-4.43498,-0.52984,6.32],"1.5":[-4.5,-0.70149,6.225],"1.625":[-4.42123,-0.99545,6.33],"1.75":[-4.21249,-1.26237,6.43869],"1.875":[-3.87,-1.44239,6.64],"2.0":[-3.52,-1.5586,6.84975]},"position":{"0.0":[0,0,0.28],"0.125":[0,-0.015,0.28],"0.25":[0,-0.0587,0.27602],"0.5":[0,-0.16575,0.28],"0.6667":[0,-0.24,0.28],"0.75":[0,-0.27118,0.28],"0.875":[0,-0.315,0.28],"1.0":[0,-0.325,0.28],"1.125":[0,-0.305,0.28],"1.25":[0,-0.2663,0.28],"1.5":[0,-0.15925,0.28],"1.5833":[0,-0.12,0.28],"1.625":[0,-0.12,0.28],"1.7083":[0,-0.09,0.28],"1.7917":[0,-0.05382,0.28],"1.875":[0,-0.015,0.28],"2.0":[0,0,0.28]}},"arm_left":{"rotation":{"0.0":[-1.13,1.32,-4.31],"0.0833":[-0.83,1.58,-4.52],"0.2083":[-0.39402,1.96239,-4.83123],"0.3333":[-0.12847,2.23783,-4.98945],"0.4583":[0,2.335,-5],"0.5833":[-0.13533,2.17397,-4.92501],"0.7083":[-0.36379,1.93964,-4.73719],"0.9583":[-1.275,1.14858,-4.2095],"1.2083":[-2.17303,0.43011,-3.69525],"1.3333":[-2.38303,0.12472,-3.50449],"1.4583":[-2.5,0.01,-3.45],"1.5833":[-2.32758,0.16974,-3.51137],"1.7083":[-2.08099,0.46696,-3.64581],"1.9583":[-1.275,1.19575,-4.2095],"2.0":[-1.13,1.32,-4.31]},"position":{"0.0":[0,0.17983,-0.35],"0.0833":[0,0.15395,-0.35],"0.1667":[0,0.12123,-0.35],"0.4167":[0,-0.055,-0.35],"0.6667":[0,-0.22873,-0.35],"0.7917":[0,-0.28098,-0.35],"0.9167":[0,-0.3,-0.35],"1.1667":[0,-0.22873,-0.35],"1.4167":[0,-0.055,-0.35],"1.5417":[0,0.03,-0.35],"1.6667":[0,0.12123,-0.35],"1.75":[0,0.16019,-0.35],"1.7917":[0,0.17318,-0.35],"1.875":[0,0.19,-0.35],"1.9167":[0,0.2,-0.35],"2.0":[0,0.17983,-0.35]}},"leg_right":{"rotation":{"0.0":[-0.319,3.19227,0.67139],"0.125":[-0.35871,3.19223,0.67143],"0.25":[-0.46284,3.19215,0.67155],"0.5":[-0.83999,3.19182,0.67198],"0.75":[-1.15479,3.19155,0.67234],"0.875":[-1.28582,3.19143,0.67249],"1.0":[-1.34055,3.19139,0.67255],"1.125":[-1.28381,3.19139,0.67255],"1.25":[-1.18352,3.19139,0.67255],"1.5":[-0.83955,3.19139,0.67255],"1.75":[-0.45253,3.19139,0.67255],"1.875":[-0.35771,3.19139,0.67255],"2.0":[-0.3181,3.19139,0.67255]},"position":{"0.0":[-0.0985,0,-0.86637],"0.125":[-0.0985,0,-0.85871],"0.25":[-0.0985,0,-0.83863],"0.5":[-0.0985,0,-0.7659],"0.75":[-0.0985,0,-0.70519],"0.875":[-0.0985,0,-0.67992],"1.0":[-0.0985,0,-0.66937],"1.125":[-0.0985,0,-0.6803],"1.25":[-0.0985,0,-0.69962],"1.5":[-0.0985,0,-0.7659],"1.75":[-0.0985,0,-0.84047],"1.875":[-0.0985,0,-0.85873],"2.0":[-0.0985,0,-0.86637]}},"leg_left":{"rotation":{"0.0":[3.90956,-13.48015,-2.66022],"0.125":[3.77271,-13.35347,-2.63545],"0.25":[3.48575,-13.15726,-2.59708],"0.5":[2.63479,-12.44994,-2.45876],"0.75":[1.61004,-11.76996,-2.31653],"0.875":[1.28838,-11.55562,-2.28443],"1.0":[1.25968,-11.46682,-2.26712],"1.125":[1.41031,-11.61121,-2.29525],"1.25":[1.77092,-11.81254,-2.33448],"1.5":[2.635,-12.44987,-2.45865],"1.75":[3.47389,-13.16684,-2.59879],"1.875":[3.79757,-13.35922,-2.63639],"2.0":[3.91,-13.48,-2.66]},"position":{"0.0":[-0.05842,0,-0.78693],"0.125":[-0.06381,0,-0.77265],"0.25":[-0.07542,0,-0.75127],"0.5":[-0.09418,0,-0.65631],"0.75":[-0.1122,0,-0.5648],"0.875":[-0.12098,0,-0.53779],"1.0":[-0.12618,0,-0.51822],"1.125":[-0.11824,0,-0.53453],"1.25":[-0.10744,0,-0.56592],"1.5":[-0.08852,0,-0.65631],"1.75":[-0.07035,0,-0.75024],"1.875":[-0.06069,0,-0.77646],"2.0":[-0.05608,0,-0.78693]}},"head_ext":{"rotation":{"0.0":[-5.16949,4.80737,0.08589],"0.0417":[-5.17913,4.80739,0.08508],"0.0833":[-5.17,4.80737,0.08584],"0.125":[-5.13467,4.80732,0.08881],"0.1667":[-5.09935,4.80726,0.09177],"0.2083":[-5.04689,4.80701,0.09649],"0.25":[-4.92954,4.80611,0.1077],"0.2917":[-4.83565,4.80537,0.11668],"0.3333":[-4.73286,4.80495,0.1257],"0.375":[-4.61763,4.80497,0.1348],"0.4167":[-4.5024,4.80497,0.1439],"0.4583":[-4.38718,4.80495,0.153],"0.5":[-4.24314,4.80491,0.16438],"0.5417":[-4.12792,4.80486,0.17348],"0.5833":[-4.00766,4.80465,0.18323],"0.625":[-3.8804,4.80423,0.19389],"0.6667":[-3.75314,4.80379,0.20455],"0.7083":[-3.62588,4.80333,0.2152],"0.75":[-3.4668,4.80271,0.22852],"0.7917":[-3.33954,4.8022,0.23918],"0.8333":[-3.23492,4.80175,0.24794],"0.875":[-3.1619,4.80144,0.25405],"0.9167":[-3.08887,4.80111,0.26016],"0.9583":[-3.02595,4.80082,0.26543],"1.0":[-2.9802,4.80061,0.26926],"1.0417":[-2.94647,4.80045,0.27208],"1.0833":[-2.94693,4.80045,0.27204],"1.125":[-2.9951,4.80068,0.26801],"1.1667":[-3.04327,4.8009,0.26398],"1.2083":[-3.10333,4.80117,0.25895],"1.25":[-3.21436,4.80167,0.24966],"1.2917":[-3.30319,4.80205,0.24222],"1.3333":[-3.40208,4.80245,0.23394],"1.375":[-3.51502,4.8029,0.22449],"1.4167":[-3.62796,4.80334,0.21503],"1.4583":[-3.7409,4.80375,0.20557],"1.5":[-3.88207,4.80424,0.19375],"1.5417":[-3.99501,4.80461,0.18429],"1.5833":[-4.12032,4.805,0.17379],"1.625":[-4.2629,4.80542,0.16185],"1.6667":[-4.40548,4.8058,0.14991],"1.7083":[-4.54805,4.80616,0.13796],"1.75":[-4.72628,4.80657,0.12303],"1.7917":[-4.86885,4.80686,0.11108],"1.8333":[-4.97899,4.80706,0.10185],"1.875":[-5.04387,4.80717,0.09642],"1.9167":[-5.10874,4.80728,0.09098],"1.9583":[-5.15745,4.80735,0.0869],"2.0":[-5.16227,4.80736,0.08649]}}}},"animation.spark.youngling.walk":{"loop":true,"animation_length":1.20833,"bones":{"body":{"rotation":{"0.0":[1.325,2.4656,0.075],"0.0417":[1.83775,2.37564,0.31982],"0.0833":[2.16719,2.24981,0.54005],"0.125":[2.39432,2.0784,0.72563],"0.1667":[2.495,1.85002,0.88036],"0.2083":[2.40958,1.55167,1.00796],"0.25":[2.13878,1.1308,1.1127],"0.2917":[1.54102,0.61288,1.19754],"0.3333":[0.96033,-0.03879,1.14934],"0.375":[0.3936,-0.85641,1.07041],"0.4167":[0.18,-1.47173,0.95478],"0.4583":[0.1,-1.91113,0.79144],"0.5":[0.2035,-2.21525,0.56602],"0.5417":[0.49994,-2.4179,0.26302],"0.5833":[0.99921,-2.4817,0.00506],"0.625":[1.48656,-2.44468,-0.28446],"0.6667":[1.96065,-2.36292,-0.539],"0.7083":[2.33243,-2.20521,-0.80577],"0.75":[2.48862,-1.92864,-1.0162],"0.7917":[2.495,-1.47861,-1.17935],"0.8333":[2.33546,-0.78882,-1.3034],"0.875":[1.92469,-0.14235,-1.39631],"0.9167":[1.22641,0.68476,-1.40498],"0.9583":[0.50138,1.21363,-1.35566],"1.0":[0.19,1.6341,-1.20445],"1.0417":[0.1,1.91703,-1.02398],