{"format_version":"1.8.0","animations":{"animation.spark.felucia_raider_ranged.idle":{"loop":true,"animation_length":5,"bones":{"body":{"rotation":{"0.0":[-1.47846,-9.99282,-0.32902],"0.52":[-0.80625,-9.99282,-0.32902],"1.04":[0.69975,-9.99282,-0.32902],"1.56":[2.32371,-9.99282,-0.32902],"2.08":[3.42335,-9.99282,-0.32902],"2.28":[3.52154,-9.99282,-0.32902],"2.8":[2.89552,-9.99282,-0.32902],"3.32":[1.78276,-9.99282,-0.32902],"3.84":[0.54302,-9.99282,-0.32902],"4.36":[-0.61994,-9.99282,-0.32902],"4.88":[-1.41688,-9.99282,-0.32902],"5.0":[-1.47846,-9.99282,-0.32902]},"position":{"0.0":[0,-0.5,0.6],"0.52":[-0.03636,-0.53918,0.6],"1.04":[-0.01483,-0.58183,0.6],"1.56":[0.01979,-0.62477,0.6],"2.08":[0.0362,-0.66729,0.6],"2.52":[0,-0.7,0.6],"3.04":[-0.03633,-0.66018,0.6],"3.56":[-0.01382,-0.6168,0.6],"4.08":[0.02138,-0.57313,0.6],"4.6":[0.03564,-0.52997,0.6],"5.0":[0,-0.5,0.6]}},"head_ext":{"rotation":{"0.0":[0,0,0],"0.52":[-1.1214,-3.18703,0.0285],"1.04":[-2.37163,-6.53415,0.0598],"1.28":[-2.92213,-7.45256,0.07323],"1.36":[-3.085,-7.49961,0.07636],"1.88":[-4.02918,-6.57155,0.26741],"2.4":[-4.85369,-5.38143,0.43145],"2.6":[-5.019,-4.98093,0.43688],"3.12":[-2.88548,-3.85896,0.22541],"3.64":[-0.44532,-2.59422,0.0214],"3.68":[-0.3206,-2.49996,0.01398],"4.2":[-0.03558,-1.42234,0.00859],"4.72":[0.00525,-0.43061,0.00268],"5.0":[0,0,0]}},"head":{"rotation":{"0.0":[2.5,10,0],"1.24":[2.5,10,0],"1.6":[2.47142,5.0047,-0.21865],"1.96":[2.47142,5.0047,-0.21865],"2.28":[2.48271,7.03508,-0.12966],"4.6":[2.48271,7.03508,-0.12966],"5.0":[2.5,10,0]}},"arm_left":{"rotation":{"0.0":[-2.5,0,-10],"2.52":[-7.5,0,-10],"5.0":[-2.5,0,-10]},"position":{"0.0":[0,0.4,0],"2.08":[0,0.2,0],"5.0":[0,0.4,0]}},"arm_right":{"rotation":{"0.0":[5,0,15],"0.52":[4.63191,-0.87595,14.98835],"1.04":[4.18499,-1.77278,14.97552],"1.56":[3.65201,-2.47311,14.96301],"1.72":[3.4186,-2.49968,14.95993],"2.24":[1.09118,-1.4817,14.974],"2.76":[-1.39511,-0.47535,14.98948],"3.08":[-2.44273,-0.05066,14.99844],"3.16":[-2.5,0,15],"3.68":[-0.79185,0.07201,15],"4.2":[1.49551,0.06174,15],"4.72":[3.87736,0.02394,15],"4.96":[4.89601,0.00239,15],"5.0":[5,0,15]},"position":{"0.0":[0,0.3,0.9],"0.52":[0,0.22365,0.9],"1.04":[0,0.14,0.9],"1.56":[0,0.05635,0.9],"2.08":[0,-0.02,0.9],"2.6":[0,0.03395,0.9],"3.12":[0,0.09239,0.9],"3.64":[0,0.15135,0.9],"4.16":[0,0.2102,0.9],"4.68":[0,0.26808,0.9],"5.0":[0,0.3,0.9]}},"leg_left":{"rotation":{"0.0":[2.5,-6,-5],"2.4":[5,-6,-5],"5.0":[2.5,-6,-5]},"position":{"0.0":[0,0,0.4],"2.4":[0,0,0.3],"5.0":[0,0,0.4]}},"leg_right":{"rotation":{"0.0":[-5,3,2.5],"2.32":[-2.5,3,2.5],"5.0":[-5,3,2.5]},"position":{"0.0":[0,0,0.4],"2.32":[0,0,0],"5.0":[0,0,0.4]}},"cape":{"rotation":{"1.92":[11.57876,2.12281,0.37454],"2.44":[10.55986,1.75143,0.30902],"2.96":[9.53983,1.37964,0.24342],"3.48":[8.57751,1.02888,0.18153],"3.52":[8.53162,1.01215,0.17858],"4.04":[9.03225,0.66707,0.1177],"4.56":[9.58362,0.28701,0.05064],"5.0":[10,0,0]}}}},"animation.spark.felucia_raider_ranged.walk":{"loop":true,"animation_length":1.3,"bones":{"body":{"rotation":{"0.0":[5,3.32,0.09],"0.05":[5,3.18,-0.41],"0.1":[5,2.79,-0.79],"0.15":[5,2.18,-1.08],"0.2":[5,1.37,-1.3],"0.25":[5,0.39,-1.43],"0.3":[5,-0.73,-1.47],"0.35":[5,-1.83,-1.42],"0.4":[5,-2.77,-1.29],"0.45":[5,-3.54,-1.07],"0.5":[5,-4.13,-0.77],"0.55":[5,-4.5,-0.4],"0.6":[5,-4.63,0],"0.65":[5,-4.51,0.35],"0.7":[5,-4.19,0.65],"0.75":[5,-3.72,0.92],"0.8":[5,-3.12,1.14],"0.85":[5,-2.41,1.31],"0.9":[5,-1.61,1.42],"0.95":[5,-0.73,1.46],"1.0":[5,0.17,1.43],"1.05":[5,1,1.33],"1.1":[5,1.73,1.19],"1.15":[5,2.36,1],"1.2":[5,2.86,0.77],"1.25":[5,3.2,0.48],"1.3":[5,3.32,0.09]},"position":{"0.0":[0,0,0],"0.05":[0,0.01592,0],"0.25":[0,0.30354,0],"0.3":[0,0.38408,0],"0.35":[0,0.38287,0],"0.4":[0,0.34278,0],"0.6":[0,0.05722,0],"0.65":[0,0,0],"0.7":[0,0.01592,0],"0.9":[0,0.30354,0],"0.95":[0,0.38408,0],"1.0":[0,0.38287,0],"1.05":[0,0.34278,0],"1.2":[0,0.05722,0],"1.25":[0,0.01713,0],"1.3":[0,0,0]}},"head":{"relative_to":{"rotation":"entity"},"rotation":{"0.0":[-2.5,0,0],"0.05":[-2.38088,0.00164,0.0052],"0.2":[-0.36897,0.01216,0.09126],"0.25":[-0.0803,0.00507,0.10269],"0.6":[-2.16345,-0.01453,0.21085],"0.65":[-2.44641,-0.00961,0.22549],"0.7":[-2.33163,-0.01168,0.22127],"0.85":[-0.3755,-0.03016,0.14873],"0.9":[-0.08601,-0.0246,0.1377],"0.95":[-0.06029,0.00109,0.12739],"1.2":[-2.20487,0.00343,0.01524],"1.25":[-2.40544,0.00117,0.00488],"1.3":[-2.5,0,0]}},"arm_left":{"rotation":{"0.0":[-0.99921,-1.28047,-14.87952],"0.05":[-2.85391,-1.10262,-15.67984],"0.15":[-2.85391,-0.83585,-15.67984],"0.2":[-0.99921,-0.53732,-14.87952],"0.25":[1.34776,-0.23243,-13.86642],"0.35":[3.84399,0.0788,-12.78663],"0.4":[6.40373,0.38369,-11.67825],"0.5":[8.97618,0.68857,-10.5667],"0.55":[11.5137,0.9744,-9.47102],"0.6":[13.95276,1.21576,-8.41664],"0.65":[15.04844,1.27928,-7.94343],"0.7":[16.14411,1.21576,-7.47023],"0.75":[17.69076,0.9744,-6.80012],"0.8":[16.14411,0.68857,-7.47023],"0.9":[13.95276,0.38369,-8.41664],"0.95":[11.5137,0.0788,-9.47102],"1.0":[8.97618,-0.23243,-10.5667],"1.1":[6.40373,-0.53732,-11.67825],"1.15":[3.84399,-0.83585,-12.78663],"1.2":[1.34776,-1.10262,-13.86642],"1.3":[-0.99921,-1.28047,-14.87952]},"position":{"0.0":[-0.15,-0.8,0.25],"0.05":[-0.21,-0.8,0.23],"0.15":[-0.15,-0.8,0.25],"0.2":[-0.06,-0.8,0.26],"0.25":[0.03,-0.8,0.28],"0.35":[0.13,-0.8,0.3],"0.4":[0.23,-0.8,0.32],"0.5":[0.33,-0.8,0.34],"0.55":[0.43,-0.8,0.36],"0.6":[0.52,-0.8,0.38],"0.65":[0.56,-0.8,0.39],"0.7":[0.6,-0.8,0.4],"0.75":[0.6,-0.8,0.4],"0.8":[0.52,-0.8,0.38],"0.9":[0.43,-0.8,0.36],"0.95":[0.33,-0.8,0.34],"1.0":[0.23,-0.8,0.32],"1.1":[0.13,-0.8,0.3],"1.15":[0.03,-0.8,0.28],"1.2":[-0.06,-0.8,0.26],"1.3":[-0.15,-0.8,0.25]}},"arm_right":{"rotation":{"0.0":[15.04844,-1.27928,9.94343],"0.05":[16.14411,-1.21576,9.47023],"0.15":[16.14411,-0.68857,9.47023],"0.2":[15.04843,-0.53613,9.94344],"0.25":[13.95276,-0.38369,10.41664],"0.35":[8.97618,0.23243,12.5667],"0.4":[7.68995,0.38488,13.12248],"0.5":[3.84399,0.83585,14.78663],"0.55":[1.34776,1.10262,15.86642],"0.6":[0.17427,1.19155,16.37297],"0.65":[-0.99921,1.28047,16.87952],"0.7":[-2.85391,1.10262,17.67984],"0.75":[-2.85391,0.96924,17.67984],"0.8":[-2.85391,0.83585,17.67984],"0.9":[1.34776,0.23243,15.86642],"0.95":[2.59588,0.07681,15.32653],"1.0":[3.84399,-0.0788,14.78663],"1.1":[7.68995,-0.53613,13.12248],"1.15":[8.97618,-0.68857,12.5667],"1.2":[11.5137,-0.9744,11.47102],"1.3":[15.04844,-1.27928,9.94343]},"position":{"0.0":[0.15,-0.8,0.25],"0.05":[0.21,-0.8,0.23],"0.15":[0.15,-0.8,0.25],"0.2":[0.06,-0.8,0.26],"0.25":[-0.03,-0.8,0.28],"0.35":[-0.13,-0.8,0.3],"0.4":[-0.23,-0.8,0.32],"0.5":[-0.33,-0.8,0.34],"0.55":[-0.43,-0.8,0.36],"0.6":[-0.52,-0.8,0.38],"0.65":[-0.56,-0.8,0.39],"0.7":[-0.6,-0.8,0.4],"0.75":[-0.6,-0.8,0.4],"0.8":[-0.52,-0.8,0.38],"0.9":[-0.43,-0.8,0.36],"0.95":[-0.33,-0.8,0.34],"1.0":[-0.23,-0.8,0.32],"1.1":[-0.13,-0.8,0.3],"1.15":[-0.03,-0.8,0.28],"1.2":[0.06,-0.8,0.26],"1.3":[0.15,-0.8,0.25]}},"gaderffii":{"rotation":[10,0,0],"position":[0,0,0]},"leg_left":{"rotation":{"0.0":[13,0,0],"0.05":[13.77232,0,0],"0.15":[14.99713,0,0],"0.2":[15.27336,0,0],"0.25":[14.85505,0,0],"0.3":[13.82097,0,0],"0.35":[10.19296,0,0],"0.4":[3.74668,0,0],"0.45":[-2.28639,0,0],"0.5":[-8.72866,0,0],"0.55":[-13.1753,0,0],"0.6":[-16.12902,0,0],"0.65":[-18,0,0],"0.7":[-17.21018,0,0],"1.1":[5.92046,0,0],"1.2":[10.30366,0,0],"1.25":[11.8256,0,0],"1.3":[13,0,0]},"position":{"0.0":[0,0,0.3],"0.05":[0,0.04775,0.24827],"0.1":[0,0.28939,-0.01351],"0.25":[0,0.91061,-0.68649],"0.3":[0,1.15225,-0.94827],"0.35":[0,1.15165,-0.9865],"0.4":[0,1.03796,-0.95428],"0.45":[0,0.88741,-0.91077],"0.55":[0,0.3629,-0.74938],"0.6":[0,0.07266,-0.64257],"0.65":[0,0,-0.6],"1.1":[0,-0.01815,0.06098],"1.25":[0,-0.00181,0.27948],"1.3":[0,0,0.3]}},"leg_right":{"rotation":{"0.0":[-18,0,0],"0.05":[-17.21018,0,0],"0.15":[-11.42752,0,0],"0.2":[-8.53619,0,0],"0.25":[-5.64486,0,0],"0.3":[-2.75353,0,0],"0.35":[0.1378,0,0],"0.4":[3.02913,0,0],"0.45":[5.92046,0,0],"0.5":[8.11206,0,0],"0.55":[10.30366,0,0],"0.6":[11.8256,0,0],