{"format_version":"1.8.0","animations":{"animation.spark.obi_wan_kenobi.idle":{"loop":true,"animation_length":2.5,"bones":{"body":{"rotation":{"0.0":[0,20,0],"0.0833":[-0.01779,20.03391,0.00506],"0.1667":[-0.04898,20.0713,0.01164],"0.25":[-0.1,20.11243,0.02006],"0.5833":[-0.3156,20.32,0.06903],"0.9167":[-0.54,20.5,0.12],"1.0833":[-0.63269,20.58582,0.14199],"1.1667":[-0.6584,20.60963,0.14714],"1.25":[-0.675,20.625,0.15],"1.3333":[-0.6648,20.60586,0.14614],"1.4167":[-0.64382,20.57983,0.14031],"1.5833":[-0.54,20.5,0.12],"1.9167":[-0.3105,20.3,0.06346],"2.25":[-0.09,20.07004,0.00914],"2.3333":[-0.03889,20.03984,0.00432],"2.4167":[-0.01222,20.01696,0.0015],"2.5":[0,20,0]},"position":{"0.0":[0.125,-0.2,0],"0.0833":[0.12,-0.19317,0],"0.1667":[0.12,-0.1851,0],"0.25":[0.12,-0.17563,0],"0.5833":[0.12,-0.12,0],"0.9167":[0.12,-0.07887,0],"1.0833":[0.12,-0.05912,0],"1.1667":[0.12,-0.05352,0],"1.25":[0.12,-0.05,0],"1.3333":[0.12,-0.05352,0],"1.4167":[0.12,-0.05912,0],"1.5833":[0.12,-0.08,0],"1.9167":[0.12,-0.13,0],"2.25":[0.12,-0.17803,0],"2.3333":[0.12,-0.18646,0],"2.4167":[0.12,-0.19375,0],"2.5":[0.125,-0.2,0]}},"arm_left":{"rotation":{"0.0":[-0.47,-0.28,-7.78],"0.0833":[-0.4671,-0.28206,-7.82063],"0.1667":[-0.47,-0.28,-7.77792],"0.25":[-0.47,-0.28,-7.73159],"0.3333":[-0.47,-0.28,-7.68139],"1.0833":[-0.48,-0.27,-7.01311],"1.1667":[-0.48,-0.27,-6.96151],"1.25":[-0.48,-0.27,-6.91389],"1.3333":[-0.476,-0.26968,-6.87003],"1.4167":[-0.48,-0.27,-6.89501],"1.5":[-0.48,-0.27,-6.92493],"1.5833":[-0.48,-0.27,-6.96047],"2.3333":[-0.47,-0.28,-7.68],"2.4167":[-0.47,-0.28,-7.73],"2.5":[-0.47,-0.28,-7.78]},"position":{"0.0":[0,0,0],"0.0833":[0,0,0],"0.1667":[0,-0.0083,0],"0.25":[0,-0.01706,0],"0.4167":[0,-0.03605,0],"1.0":[0,-0.19239,0],"1.1667":[0,-0.22301,0],"1.25":[0,-0.23642,0],"1.3333":[0,-0.22625,0],"1.4167":[0,-0.21481,0],"1.5":[0,-0.20198,0],"1.6667":[0,-0.17168,0],"2.1667":[0,-0.05301,0],"2.3333":[0,-0.01502,0],"2.4167":[0,-0.00712,0],"2.5":[0,0,0]}},"arm_right":{"rotation":{"0.0":[1.87671,12.73964,8.70087],"0.0833":[1.8548,12.71,8.64947],"0.1667":[1.8289,12.69,8.58782],"0.25":[1.7985,12.67,8.51446],"0.5833":[1.62,12.58,8.07],"1.0":[1.44,12.46,7.63],"1.0833":[1.42,12.45,7.57],"1.1667":[1.4,12.44,7.52],"1.25":[1.38047,12.42586,7.47804],"1.3333":[1.39,12.43,7.5],"1.4167":[1.41,12.44,7.56],"1.5":[1.44,12.46,7.63],"2.0":[1.68,12.61,8.21],"2.25":[1.80179,12.67,8.57875],"2.3333":[1.83115,12.7,8.63745],"2.4167":[1.85594,12.72,8.67634],"2.5":[1.87671,12.73964,8.70087]},"position":{"0.0":[0.2,0,0.73],"0.0833":[0.2,-0.00636,0.73],"0.1667":[0.2,-0.01337,0.73],"0.25":[0.2,-0.02108,0.73],"0.5833":[0.2,-0.10626,0.73],"1.0":[0.2,-0.21913,0.73],"1.0833":[0.2,-0.23734,0.73],"1.1667":[0.2,-0.25428,0.73],"1.25":[0.2,-0.27,0.73],"1.3333":[0.2,-0.25701,0.73],"1.4167":[0.2,-0.24184,0.73],"1.5":[0.2,-0.22424,0.73],"2.0":[0.2,-0.09057,0.73],"2.25":[0.2,-0.03716,0.73],"2.3333":[0.2,-0.02319,0.73],"2.4167":[0.2,-0.01084,0.73],"2.5":[0.2,0,0.725]}},"leg_left":{"rotation":{"0.0":[0.32652,-2.4929,-2.49284],"0.0833":[0.31009,-2.49,-2.49],"0.1667":[0.28826,-2.49,-2.49],"0.25":[0.25983,-2.49,-2.49],"0.5":[0.12,-2.49,-2.49],"1.0":[-0.12668,-2.49,-2.49],"1.0833":[-0.14493,-2.49,-2.49],"1.1667":[-0.15914,-2.49,-2.49],"1.25":[-0.17,-2.49,-2.49],"1.3333":[-0.15801,-2.49,-2.49],"1.4167":[-0.14013,-2.49,-2.49],"1.5":[-0.11443,-2.49,-2.49],"2.0":[0.13,-2.49,-2.49],"2.25":[0.25741,-2.49,-2.49],"2.3333":[0.28564,-2.49,-2.49],"2.4167":[0.3084,-2.49,-2.49],"2.5":[0.32652,-2.4929,-2.49284]},"position":{"0.0":[0,0,-1.3],"0.0833":[0,0,-1.29648],"0.1667":[0,0,-1.29199],"0.25":[0,0,-1.28632],"0.5":[0,0,-1.26],"1.0":[0,0,-1.2139],"1.0833":[0,0,-1.20871],"1.1667":[0,0,-1.2041],"1.25":[0,0,-1.2],"1.3333":[0,0,-1.20391],"1.4167":[0,0,-1.20836],"1.5":[0,0,-1.21342],"2.0":[0,0,-1.26],"2.25":[0,0,-1.28746],"2.3333":[0,0,-1.29289],"2.4167":[0,0,-1.29698],"2.5":[0,0,-1.3]}},"leg_right":{"rotation":{"0.0":[0.70008,22.48485,2.68267],"0.0833":[0.7308,22.48444,2.68244],"0.1667":[0.76711,22.48395,2.68217],"0.25":[0.80973,22.48337,2.68186],"0.5833":[1.04572,22.48184,2.68101],"1.0":{"pre":[1.32916,22.48,2.68],"post":[1.32916,22.48,2.68],"lerp_mode":"catmullrom"},"1.0833":{"post":[1.35819,22.48,2.68],"lerp_mode":"catmullrom"},"1.1667":{"post":[1.38151,22.48,2.68],"lerp_mode":"catmullrom"},"1.25":{"post":[1.4,22.48,2.68],"lerp_mode":"catmullrom"},"1.3333":{"post":[1.37214,22.48,2.68],"lerp_mode":"catmullrom"},"1.4167":{"post":[1.34028,22.48,2.68],"lerp_mode":"catmullrom"},"1.5":{"post":[1.30401,22.48,2.68],"lerp_mode":"catmullrom"},"1.9167":[1.01937,22.48201,2.6811],"2.25":[0.78237,22.48368,2.68202],"2.3333":[0.74737,22.48418,2.6823],"2.4167":[0.72042,22.48456,2.68251],"2.5":[0.70008,22.48485,2.68267]},"position":{"0.0":[0,0,0.675],"0.0833":[0,0,0.66945],"0.1667":[0,0,0.66289],"0.25":[0,0,0.6552],"0.5833":[0,0,0.61488],"1.0":{"pre":[0,0,0.56646],"post":[0,0,0.56646],"lerp_mode":"catmullrom"},"1.0833":{"post":[0,0,0.56176],"lerp_mode":"catmullrom"},"1.1667":{"post":[0,0,0.55799],"lerp_mode":"catmullrom"},"1.25":{"post":[0,0,0.555],"lerp_mode":"catmullrom"},"1.3333":{"post":[0,0,0.56003],"lerp_mode":"catmullrom"},"1.4167":{"post":[0,0,0.56578],"lerp_mode":"catmullrom"},"1.5":{"post":[0,0,0.57233],"lerp_mode":"catmullrom"},"1.9167":[0,0,0.62109],"2.25":[0,0,0.66169],"2.3333":[0,0,0.66735],"2.4167":[0,0,0.67171],"2.5":[0,0,0.675]}},"head":{"rotation":[0,0,0.01]},"head_ext":{"rotation":{"0.0":[0.00998,-20.01628,-0.0057],"0.0833":[0.03645,-20.05036,-0.01997],"0.1667":[0.07936,-20.08771,-0.04135],"0.25":[0.14358,-20.13723,-0.07378],"0.3333":[0.20311,-20.18693,-0.10547],"0.4167":[0.26269,-20.2366,-0.13726],"0.5":[0.32979,-20.29242,-0.17316],"0.5833":[0.3906,-20.33895,-0.20575],"0.6667":[0.45275,-20.38184,-0.23912],"0.75":[0.52273,-20.43004,-0.27677],"0.8333":[0.585,-20.47283,-0.31035],"0.9167":[0.6429,-20.51479,-0.34182],"1.0":[0.70113,-20.5607,-0.37385],"1.0833":[0.74217,-20.59314,-0.3961],"1.1667":[0.7663,-20.61241,-0.40859],"1.25":[0.77166,-20.61241,-0.41035],"1.3333":[0.75426,-20.59117,-0.39969],"1.4167":[0.71657,-20.56096,-0.37925],"1.5":[0.65228,-20.51832,-0.34597],"1.5833":[0.59194,-20.47599,-0.31367],"1.6667":[0.52784,-20.42842,-0.27815],"1.75":[0.45581,-20.37484,-0.23833],"1.8333":[0.39185,-20.32716,-0.20306],"1.9167":[0.32897,-20.27643,-0.16844],"2.0":[0.25992,-20.21457,-0.13051],"2.0833":[0.19862,-20.15953,-0.09692],"2.1667":[0.13739,-20.10445,-0.06346],"2.25":[0.07217,-20.05552,-0.03116],"2.3333":[0.03002,-20.02977,-0.01318],"2.4167":[0.00813,-20.01018,-0.00363],"2.5":[0,-20,0]}},"lightsaber":{"scale":0}}},"animation.spark.obi_wan_kenobi.sit":{"loop":true,"animation_length":2,"bones":{"root":{"position":{"0.0":[0,-6.25,-4],"1.0833":[0,-6.25,-4],"2.0":[0,-6.25,-4]}},"body":{"rotation":{"0.0":[3.5,0,0],"0.9167":[2.55693,0,0],"1.0":[2.5,0,0],"1.9167":[3.44307,0,0],"2.0":[3.5,0,0]},"position":{"0.0":[0,-4.97,3],"1.0":[0,-4.87,3],"2.0":[0,-4.97,3]}},"head":{"rotation":{"0.0":[-2.16,-0.36,-1.27],"0.9167":[0.19767,-0.36,-1.27],"1.0":[0.34,-0.36,-1.27],"1.9167":[-2.01767,-0.36,-1.27],"2.0":[-2.16,-0.36,-1.27]}},"arm_left":{"rotation":{"0.0":[-124.40579,41.09427,-76.58623],"1.0833":[-124.40579,41.09427,-76.58623],"2.0":[-124.40579,41.09427,-76.58623]},"position":{"0.0":[0.6,0.50453,-1.72125],"1.0833":[0.6,0.50453,-1.72125],"2.0":[0.6,0.50453,-1.72125]}},"arm_right":{"rotation":{"0.0":[-356.58371,-67.13253,368.41281],"1.0833":[-356.58371,-67.13253,368.41281],"2.0":[-356.58371,-67.13253,368.41281]},"position":{"0.0":[0.1,-0.52401,0.03268],"1.0833":[0.1,-0.52401,0.03268],"2.0":[0.1,-0.52401,0.03268]}},"hilt_01":{"scale":{"0.0":[0,0,0],"1.0833":[0,0,0],"2.0":[0,0,0]}},"blade":{"scale":{"0.0":[0,0,0],"1.0833":[0,0,0],"2.0":[0,0,0]}},"leg_left":{"rotation":{"0.0":[-20.31134,0.76063,0.01407],"1.0833":[-20.31134,0.76063,0.01407],"2.0":[-20.31134,0.76063,0.01407]},"position":{"0.0":[-0.475,2.5,-0.7],"1.0833":[-0.475,2.5,-0.7],"2.0":[-0.475,2.5,-0.7]}},"leg_right":{"rotation":{"0.0":[-35.65589,3.01209,-0.83538],