{"format_version":"1.8.0","animations":{"animation.spark.tusken_raider_ranged.idle":{"loop":true,"animation_length":5,"bones":{"body":{"rotation":{"0.0":[-2.09232,24.77616,-0.46563],"0.52":[-1.141,24.77616,-0.46563],"1.04":[0.99029,24.77616,-0.46563],"1.56":[3.28851,24.77616,-0.46563],"2.08":[4.84472,24.77616,-0.46563],"2.28":[4.98368,24.77616,-0.46563],"2.8":[4.09774,24.77616,-0.46563],"3.32":[2.52296,24.77616,-0.46563],"3.84":[0.76848,24.77616,-0.46563],"4.36":[-0.87734,24.77616,-0.46563],"4.88":[-2.00517,24.77616,-0.46563],"5.0":[-2.09232,24.77616,-0.46563]},"position":{"0.0":[0,-0.7076,0.84912],"0.52":[-0.05146,-0.76305,0.84912],"1.04":[-0.02099,-0.82341,0.84912],"1.56":[0.02801,-0.88417,0.84912],"2.08":[0.05123,-0.94435,0.84912],"2.52":[0,-0.99064,0.84912],"3.04":[-0.05141,-0.93429,0.84912],"3.56":[-0.01956,-0.8729,0.84912],"4.08":[0.03026,-0.81109,0.84912],"4.6":[0.05044,-0.75001,0.84912],"5.0":[0,-0.7076,0.84912]}},"head_ext":{"rotation":{"0.0":[0,0,0],"0.52":[-1.1214,-3.18703,0.0285],"1.04":[-2.37163,-6.53415,0.0598],"1.28":[-2.92213,-7.45256,0.07323],"1.36":[-3.085,-7.49961,0.07636],"1.88":[-4.02918,-6.57155,0.26741],"2.4":[-4.85369,-5.38143,0.43145],"2.6":[-5.019,-4.98093,0.43688],"3.12":[-2.88548,-3.85896,0.22541],"3.64":[-0.44532,-2.59422,0.0214],"3.68":[-0.3206,-2.49996,0.01398],"4.2":[-0.03558,-1.42234,0.00859],"4.72":[0.00525,-0.43061,0.00268],"5.0":[0,0,0]}},"head":{"rotation":{"0.0":[16.99082,-38.22934,-8.49541],"1.24":[16.99082,-38.22934,-8.49541],"1.6":[16.94226,-46.71677,-8.86691],"1.96":[16.94226,-46.71677,-8.86691],"2.28":[16.96144,-43.26699,-8.71571],"4.6":[16.96144,-43.26699,-8.71571],"5.0":[16.99082,-38.22934,-8.49541]}},"arm_left":{"rotation":[-10,-27.5,-15],"position":[0,-1.1,1]},"arm_right":{"rotation":[-69,-58,10],"position":[-1.5,-0.2,-1.1]},"leg_left":{"rotation":{"0.0":[2.5,-6,-5],"2.4":[5,-6,-5],"5.0":[2.5,-6,-5]},"position":{"0.0":[0,0,0.4],"2.4":[0,0,0.3],"5.0":[0,0,0.4]}},"leg_right":{"rotation":{"0.0":[-5,3,2.5],"2.32":[-2.5,3,2.5],"5.0":[-5,3,2.5]},"position":{"0.0":[0,0,0.4],"2.32":[0,0,0],"5.0":[0,0,0.4]}},"blaster":{"rotation":[6.73262,-3.30083,-44.27735],"position":[0,0,0]}}},"animation.spark.tusken_raider_ranged.walk":{"loop":true,"animation_length":1.25,"bones":{"body":{"rotation":{"0.0":[8.06,49.7,7.11],"0.05":[8.06,49.57,5.26],"0.1":[8.06,49.13,3.94],"0.15":[8.06,48.26,3.13],"0.2":[8.06,46.71,2.71],"0.25":[8.06,44.19,2.58],"0.3":[8.06,42.19,2.69],"0.35":[8.06,40.57,3.01],"0.4":[8.06,39.24,3.52],"0.45":[8.06,38.19,4.23],"0.5":[8.06,37.42,5.11],"0.55":[8.06,36.94,6.1],"0.6":[8.06,36.78,7.11],"0.65":[8.06,36.92,8.12],"0.7":[8.06,37.33,9.11],"0.75":[8.06,38.02,9.99],"0.8":[8.06,38.98,10.7],"0.85":[8.06,40.22,11.21],"0.9":[8.06,41.76,11.53],"0.95":[8.06,43.61,11.64],"1.0":[8.06,45.65,11.52],"1.05":[8.06,47.28,11.16],"1.1":[8.06,48.43,10.56],"1.15":[8.06,49.17,9.71],"1.2":[8.06,49.57,8.58],"1.25":[8.06,49.7,7.11]},"position":{"0.0":[0,0,0],"0.05":[0,0.01592,0],"0.25":[0,0.30354,0],"0.3":[0,0.38408,0],"0.35":[0,0.38287,0],"0.4":[0,0.34278,0],"0.6":[0,0.05722,0],"0.65":[0,0,0],"0.7":[0,0.01592,0],"0.9":[0,0.30354,0],"0.95":[0,0.38408,0],"1.0":[0,0.38287,0],"1.05":[0,0.34278,0],"1.2":[0,0.05722,0],"1.25":[0,0,0]}},"arm_left":{"rotation":[-10,-27.5,-15],"position":[0,-1.1,1]},"arm_right":{"rotation":[-69,-58,10],"position":[-1.5,-0.2,-1.1]},"leg_left":{"rotation":{"0.0":[10,0,0],"0.05":[10.1889,0,0],"0.15":[12.06532,0,0],"0.2":[12.47336,0,0],"0.25":[12.76026,0,0],"0.3":[12.64802,0,0],"0.35":[10.09608,0,0],"0.4":[7.5202,0,0],"0.45":[4.54457,0,0],"0.5":[-1.72898,0,0],"0.55":[-4.6799,0,0],"0.6":[-9.18479,0,0],"0.65":[-10,0,0],"0.7":[-9.49593,0,0],"1.1":[4.20606,0,0],"1.2":[8.6172,0,0],"1.25":[10,0,0]},"position":{"0.0":[0,0,-0.7],"0.05":[0,0.04775,-0.75173],"0.1":[0,0.28939,-1.01351],"0.25":[0,0.91061,-1.68649],"0.3":[0,1.15225,-1.94827],"0.35":[0,1.15165,-1.9865],"0.4":[0,1.03796,-1.95428],"0.45":[0,0.88741,-1.91077],"0.55":[0,0.3629,-1.74938],"0.6":[0,0.07266,-1.64257],"0.65":[0,0,-1.6],"1.1":[0,-0.01815,-0.93902],"1.25":[0,0,-0.7]}},"leg_right":{"rotation":{"0.0":[-10,0,0],"0.05":[-9.43293,0,0],"0.45":[5.98182,0,0],"0.6":[10.94435,0,0],"0.65":[12.5,0,0],"0.7":[13.15034,0,0],"0.75":[16.3658,0,0],"0.85":[22.22994,0,0],"0.9":[23.93758,0,0],"0.95":[26.00476,0,0],"1.0":[25.57,0,0],"1.05":[19.06265,0,0],"1.1":[14.26956,0,0],"1.15":[3.91643,0,0],"1.2":[-1.02043,0,0],"1.25":[-10,0,0]},"position":{"0.0":[0,0,1.5],"0.45":[0,0,1.57103],"0.65":[0,0,1.6],"0.7":[-0.00796,0.01989,1.5122],"0.75":[-0.04823,0.12058,1.06686],"0.8":[-0.07352,0.18381,0.78642],"0.85":[-0.12648,0.31619,0.19657],"0.9":[-0.15177,0.37942,-0.08722],"0.95":[-0.19204,0.48011,-0.5478],"1.0":[-0.2,0.5,-0.65],"1.05":[-0.17139,0.42848,-0.3613],"1.1":[-0.11534,0.28836,0.24148],"1.2":[-0.05499,0.13748,0.89821],"1.25":[0,0,1.5]}},"arms":{"rotation":{"0.0":[-0.06,4.55,-1.04],"0.1":[-0.05,2.875,-0.92],"0.2":[-0.04,1.40125,-0.73],"0.3":[-0.03,0.51625,-0.52],"0.4":[-0.02,0.4775,-0.32],"0.5":[-0.01,1.2525,-0.12],"0.6":[0,2.5675,0],"0.7":[-0.01,4.12,-0.11],"0.8":[-0.02,5.655,-0.29],"0.9":[-0.03,6.83,-0.47],"1.0":[-0.04,7.2175,-0.66],"1.1":[-0.05,6.66,-0.85],"1.2":[-0.05,5.3875,-1],"1.25":[-0.06,4.55,-1.04]},"position":{"0.0":[0,0,0],"0.5":[0,0.01085,0],"0.6":[0,0,0],"1.15":[0,0.01073,0],"1.25":[0,0,0]}},"blaster":{"rotation":[6.73262,-3.30083,-44.27735],"position":[0,0,0]},"head_ext":{"rotation":{"0.0":[-4.9592,-49.9471,-0.32596],"0.05":[-6.87689,-49.52666,2.15473],"0.1":[-8.1091,-48.77589,3.72472],"0.15":[-8.71104,-47.55236,4.44464],"0.2":[-8.81195,-45.59297,4.45276],"0.25":[-8.60833,-43.3049,4.00993],"0.3":[-8.27331,-41.50743,3.38313],"0.35":[-7.83253,-40.07576,2.58737],"0.4":[-7.29278,-38.94823,1.62192],"0.45":[-6.65594,-38.11409,0.48955],"0.5":[-5.94443,-37.56792,-0.76394],"0.55":[-5.19463,-37.31635,-2.05779],"0.6":[-4.42916,-37.36151,-3.32785],"0.65":[-3.64033,-37.677,-4.56626],"0.7":[-2.84462,-38.2453,-5.7272],"0.75":[-2.08599,-39.06573,-6.72271],"0.8":[-1.39448,-40.13814,-7.49843],"0.85":[-0.77933,-41.48061,-8.03825],"0.9":[-0.2474,-43.11351,-8.33751],"0.95":[0.1553,-45.0003,-8.36044],"1.0":[0.31356,-46.83961,-8.0608],"1.05":[0.09871,-48.25213,-7.39282],"1.1":[-0.52229,-49.21885,-6.32608],"1.15":[-1.5593,-49.79662,-4.82817],"1.2":[-3.0324,-50.03441,-2.84564],"1.25":[-3.72967,-50.05117,-1.92692]}}}},"animation.spark.tusken_raider_ranged.run":{"loop":true,"animation_length":0.6667,"anim_time_update":"q.modified_distance_moved / 25","bones":{"body":{"rotation":{"0.0":[17.028,7.096,5.1084],"0.0417":[17.64101,7.22603,3.983],"0.0833":[18.28498,7.82046,3.34357],"0.125":[18.50789,9.47373,3.01285],"0.1667":[18.54504,11.49851,2.8638],"0.2083":[18.50789,13.5233,3.01245],"0.25":[18.28498,15.20133,3.34302],"0.2917":[17.56051,15.91341,3.98453],"0.3333":[17.028,16.0744,5.1084],"0.375":[17.56051,15.98771,6.2338],"0.4167":[18.28498,15.33755,6.87433],"0.4583":[18.50789,13.69048,7.20395],"0.5":[18.54504,11.49851,7.353],"0.5417":[18.50789,9.63472,7.20391],"0.5833":[18.28498,7.9505,6.87415],"0.625":[17.64101,7.28795,6.23329],"0.6667":[17.028,7.096,5.1084]},"position":{"0.0":[0,0.55,0],"0.0417":[0,0.42395,0.16],"0.0833":[0,0.14435,0.48],"0.125":[0,-0.3978,0.67],"0.1667":[0,-1.35,0.73],"0.2083":[0,-0.3978,0.67],"0.25":[0,0.14435,0.48],"0.2917":[0,0.42395,0.16],"0.3333":[0,0.55,0],"0.375":[0,0.42395,0.16],"0.4167":[0,0.14435,0.48],"0.4583":[0,-0.3978,0.67],"0.5":[0,-1.35,0.73],"0.5417":[0,-0.3978,0.67],"0.5833":[0,0.14435,0.48],"0.625":[0,0.42395,0.16],"0.6667":[0,0.55,0]}},"head_ext":{"rotation":{"0.0":[-6.44429,-7.33345,-0.98282],"0.0417":[-6.70902,-7.27777,-0.59818],"0.0833":[-6.89569,-7.71637,-0.22409],"0.125":[-6.96649,-8.64839,0.19547],"0.1667":[-6.99359,-9.77878,0.58571],"0.2083":[-6.97577,-10.93727,0.8693],"0.25":[-6.75073,-12.05807,0.91693],"0.2917":[-6.41268,-12.60988,0.62057],"0.3333":[-6.23878,-12.97734,0.22591],"0.375":[-6.35439,-13.08092,-0.06966],"0.4167":[-6.51055,-12.68728,-0.35112],"0.4583":[-6.5688,-11.75118,-0.74403],"0.5":[-6.63013,-10.30845,-1.20681],