{"format_version":"1.8.0","animations":{"animation.spark.ilum_light_door.open":{"animation_length":2,"bones":{"door_part_1":{"position":{"0.0":[0,0,0],"0.04":[0.40508,0,0],"0.08":[1.00685,0,0],"0.12":[1.66017,0,0],"0.16":[2.33698,0,0],"0.44":[7.19814,0,0],"0.6":[9.90838,0,0],"0.76":[12.51086,0,0],"0.92":[14.97711,0,0],"0.96":[15.56924,0,0],"1.0":[16.15072,0,0],"1.04":[16.72091,0,0],"1.08":[17.27945,0,0],"1.12":[17.82585,0,0],"1.16":[18.35954,0,0],"1.2":[18.87996,0,0],"1.24":[19.38647,0,0],"1.28":[19.87841,0,0],"1.32":[20.35508,0,0],"1.36":[20.81553,0,0],"1.4":[21.25912,0,0],"1.44":[21.68495,0,0],"1.48":[22.09207,0,0],"1.52":[22.47944,0,0],"1.56":[22.84592,0,0],"1.6":[23.19024,0,0],"1.64":[23.5106,0,0],"1.68":[23.80588,0,0],"1.72":[24.07443,0,0],"1.76":[24.31422,0,0],"1.8":[24.52254,0,0],"1.84":[24.69775,0,0],"1.88":[24.83644,0,0],"1.92":[24.93566,0,0],"1.96":[24.99142,0,0],"2.0":[25,0,0]}},"door_part_2":{"position":{"0.0":[0,0,0],"0.04":[-0.39532,0,0],"0.08":[-0.983,0,0],"0.12":[-1.62144,0,0],"0.16":[-2.28323,0,0],"0.44":[-7.04705,0,0],"0.64":[-10.36345,0,0],"0.8":[-12.90001,0,0],"0.96":[-15.30398,0,0],"1.0":[-15.88126,0,0],"1.04":[-16.44802,0,0],"1.08":[-17.00393,0,0],"1.12":[-17.54851,0,0],"1.16":[-18.08126,0,0],"1.2":[-18.60161,0,0],"1.24":[-19.10898,0,0],"1.28":[-19.60276,0,0],"1.32":[-20.08227,0,0],"1.36":[-20.54664,0,0],"1.4":[-20.99524,0,0],"1.44":[-21.42726,0,0],"1.48":[-21.84179,0,0],"1.52":[-22.23786,0,0],"1.56":[-22.61439,0,0],"1.6":[-22.9702,0,0],"1.64":[-23.3036,0,0],"1.68":[-23.61355,0,0],"1.72":[-23.89848,0,0],"1.76":[-24.1565,0,0],"1.8":[-24.38508,0,0],"1.84":[-24.58268,0,0],"1.88":[-24.7461,0,0],"1.92":[-24.87257,0,0],"1.96":[-24.95837,0,0],"2.0":[-25,0,0]}}}},"animation.spark.ilum_light_door.close":{"animation_length":2,"bones":{"door_part_1":{"position":{"0.0":[25,0,0],"0.36":[18.62107,0,0],"0.56":[15.13826,0,0],"0.72":[12.47769,0,0],"0.76":[11.83557,0,0],"0.8":[11.20387,0,0],"0.84":[10.58317,0,0],"0.88":[9.97406,0,0],"0.92":[9.37717,0,0],"0.96":[8.79301,0,0],"1.0":[8.22211,0,0],"1.04":[7.66503,0,0],"1.08":[7.12231,0,0],"1.12":[6.5945,0,0],"1.16":[6.08232,0,0],"1.2":[5.58622,0,0],"1.24":[5.10669,0,0],"1.28":[4.64431,0,0],"1.32":[4.19982,0,0],"1.36":[3.77378,0,0],"1.4":[3.36665,0,0],"1.44":[2.97902,0,0],"1.48":[2.61186,0,0],"1.52":[2.26553,0,0],"1.56":[1.94062,0,0],"1.6":[1.63798,0,0],"1.64":[1.35841,0,0],"1.68":[1.10234,0,0],"1.72":[0.87051,0,0],"1.76":[0.6642,0,0],"1.8":[0.48369,0,0],"1.84":[0.32978,0,0],"1.88":[0.20369,0,0],"1.92":[0.10619,0,0],"1.96":[0.03797,0,0],"2.0":[0,0,0]}},"door_part_2":{"position":{"0.0":[-25,0,0],"0.24":[-20.18108,0,0],"0.4":[-17.06388,0,0],"0.52":[-14.80814,0,0],"0.56":[-14.07591,0,0],"0.6":[-13.3548,0,0],"0.64":[-12.64558,0,0],"0.68":[-11.94904,0,0],"0.72":[-11.266,0,0],"0.76":[-10.59721,0,0],"0.8":[-9.9434,0,0],"0.84":[-9.3053,0,0],"0.88":[-8.68365,0,0],"0.92":[-8.07915,0,0],"0.96":[-7.49249,0,0],"1.0":[-6.92434,0,0],"1.04":[-6.37549,0,0],"1.08":[-5.8464,0,0],"1.12":[-5.33766,0,0],"1.16":[-4.8498,0,0],"1.2":[-4.38334,0,0],"1.24":[-3.93876,0,0],"1.28":[-3.5165,0,0],"1.32":[-3.11701,0,0],"1.36":[-2.74068,0,0],"1.4":[-2.38775,0,0],"1.44":[-2.0585,0,0],"1.48":[-1.75316,0,0],"1.52":[-1.47195,0,0],"1.56":[-1.21501,0,0],"1.6":[-0.98247,0,0],"1.64":[-0.77441,0,0],"1.68":[-0.59087,0,0],"1.72":[-0.43185,0,0],"1.76":[-0.29732,0,0],"1.8":[-0.18725,0,0],"1.84":[-0.1017,0,0],"1.88":[-0.04038,0,0],"1.92":[-0.00313,0,0],"1.96":[0.01026,0,0],"2.0":[0,0,0]}}}},"animation.spark.ilum_light_door.opened":{"loop":true,"bones":{"door_part_1":{"position":[25,0,0]},"door_part_2":{"position":[-25,0,0]}}},"animation.spark.ilum_light_door.closed":{"loop":true,"bones":{"door_part_1":{"position":[0,0,0]},"door_part_2":{"position":[0,0,0]}}}}}
