{"format_version":"1.8.0","animations":{"animation.spark.ilum_hanging_crystal.turn":{"loop":"hold_on_last_frame","animation_length":9,"bones":{"frame":{"rotation":{"0.0":[0,0,0],"0.16":[0,-0.57999,0],"0.32":[0,-2.31484,0],"0.48":[0,-5.20832,0],"0.64":[0,-9.26165,0],"0.8":[0,-14.47337,0],"0.96":[0,-20.85461,0],"1.12":[0,-28.40056,0],"1.28":[0,-37.08466,0],"1.44":[0,-46.91664,0],"1.6":[0,-57.87131,0],"1.8":[0,-73.10763,0],"2.0":[0,-90.03962,0],"2.16":[0,-104.74143,0],"2.36":[0,-124.5441,0],"2.56":[0,-145.82324,0],"2.76":[0,-168.50903,0],"3.0":[0,-197.42848,0],"3.24":[0,-228.00697,0],"3.56":[0,-270.98402,0],"4.08":[0,-344.71408,0],"4.6":[0,-420.78943,0],"5.08":[0,-490.49603,0],"5.4":[0,-535.50139,0],"5.68":[0,-573.31526,0],"5.92":[0,-604.2524,0],"6.16":[0,-633.57668,0],"6.36":[0,-656.63954,0],"6.56":[0,-678.34433,0],"6.76":[0,-698.58392,0],"6.92":[0,-713.68599,0],"7.12":[0,-731.10676,0],"7.28":[0,-743.87022,0],"7.44":[0,-755.5392,0],"7.6":[0,-766.11273,0],"7.76":[0,-775.56672,0],"7.92":[0,-783.87789,0],"8.08":[0,-791.05686,0],"8.24":[0,-797.08939,0],"8.4":[0,-801.95435,0],"8.56":[0,-805.67201,0],"8.76":[0,-808.70591,0],"8.96":[0,-809.95366,0],"9.0":[0,-810,0]}},"pole":{"rotation":{"0.0":[0,0,0],"0.16":[0,-0.48242,0],"0.32":[0,-2.39172,0],"0.48":[0,-5.68903,0],"0.64":[0,-10.35151,0],"0.8":[0,-16.32102,0],"0.96":[0,-23.54281,0],"1.12":[0,-31.96789,0],"1.28":[0,-41.56344,0],"1.48":[0,-55.09371,0],"1.68":[0,-70.22787,0],"1.88":[0,-86.86085,0],"2.08":[0,-104.87642,0],"2.32":[0,-128.13682,0],"2.6":[0,-157.27663,0],"2.92":[0,-192.7992,0],"3.44":[0,-254.26692,0],"3.96":[0,-318.43643,0],"4.48":[0,-383.15073,0],"4.96":[0,-441.60915,0],"5.32":[0,-483.72878,0],"5.64":[0,-519.41124,0],"5.92":[0,-548.9758,0],"6.16":[0,-572.90453,0],"6.4":[0,-595.3854,0],"6.64":[0,-616.30491,0],"6.88":[0,-635.55204,0],"7.12":[0,-653.02586,0],"7.32":[0,-666.16732,0],"7.52":[0,-677.96757,0],"7.68":[0,-686.41901,0],"7.88":[0,-695.69532,0],"8.08":[0,-703.51958,0],"8.28":[0,-709.86128,0],"8.48":[0,-714.68748,0],"8.64":[0,-717.44405,0],"8.84":[0,-719.49067,0],"9.0":[0,-720,0]}}}},"animation.spark.ilum_hanging_crystal.startpose":{"loop":"hold_on_last_frame","bones":{"frame":{"rotation":[0,0,0]},"pole":{"rotation":[0,0,0]}}},"animation.spark.ilum_hanging_crystal.endpose":{"loop":"hold_on_last_frame","bones":{"frame":{"rotation":[0,-810,0]},"pole":{"rotation":[0,-720,0]}}}}}
