{"format_version":"1.8.0","animations":{"animation.spark.jedi_temple_door_small.open":{"loop":"hold_on_last_frame","animation_length":1,"bones":{"door_part_1":{"position":{"0.0":[0,0,0],"0.04":[0.7725,0,0],"0.08":[2.19497,0,0],"0.12":[3.81945,0,0],"0.2":[7.19443,0,0],"0.24":[8.8492,0,0],"0.28":[10.45143,0,0],"0.32":[11.98898,0,0],"0.36":[13.45349,0,0],"0.4":[14.83958,0,0],"0.44":[16.14336,0,0],"0.48":[17.36215,0,0],"0.52":[18.49389,0,0],"0.56":[19.53699,0,0],"0.6":[20.4905,0,0],"0.64":[21.35372,0,0],"0.68":[22.12604,0,0],"0.72":[22.8072,0,0],"0.76":[23.39634,0,0],"0.8":[23.8939,0,0],"0.84":[24.29919,0,0],"0.88":[24.61269,0,0],"0.92":[24.8341,0,0],"0.96":[24.96316,0,0],"1.0":[25,0,0]}},"door_part_2":{"position":{"0.0":[0,0,0],"0.04":[-0.76507,0,0],"0.08":[-2.17454,0,0],"0.12":[-3.785,0,0],"0.2":[-7.13354,0,0],"0.24":[-8.77677,0,0],"0.28":[-10.36882,0,0],"0.32":[-11.89765,0,0],"0.36":[-13.35497,0,0],"0.4":[-14.73542,0,0],"0.44":[-16.03512,0,0],"0.48":[-17.25142,0,0],"0.52":[-18.38225,0,0],"0.56":[-19.42602,0,0],"0.6":[-20.3818,0,0],"0.64":[-21.24886,0,0],"0.68":[-22.02659,0,0],"0.72":[-22.71473,0,0],"0.76":[-23.31243,0,0],"0.8":[-23.8201,0,0],"0.84":[-24.23707,0,0],"0.88":[-24.56379,0,0],"0.92":[-24.79996,0,0],"0.96":[-24.94532,0,0],"1.0":[-25,0,0]}}}},"animation.spark.jedi_temple_door_small.close":{"loop":"hold_on_last_frame","animation_length":1,"bones":{"door_part_1":{"position":{"0.0":[25,0,0],"0.04":[22.88436,0,0],"0.08":[20.93515,0,0],"0.12":[19.10737,0,0],"0.16":[17.38429,0,0],"0.2":[15.75677,0,0],"0.24":[14.21871,0,0],"0.28":[12.766,0,0],"0.32":[11.39608,0,0],"0.36":[10.10669,0,0],"0.4":[8.89621,0,0],"0.44":[7.76358,0,0],"0.48":[6.70789,0,0],"0.52":[5.72912,0,0],"0.56":[4.82639,0,0],"0.6":[3.99984,0,0],"0.64":[3.24965,0,0],"0.68":[2.57599,0,0],"0.72":[1.97904,0,0],"0.76":[1.45901,0,0],"0.8":[1.01731,0,0],"0.84":[0.65345,0,0],"0.88":[0.36938,0,0],"0.92":[0.16507,0,0],"0.96":[0.04156,0,0],"1.0":[0,0,0]}},"door_part_2":{"position":{"0.0":[-25,0,0],"0.04":[-22.89877,0,0],"0.08":[-20.95892,0,0],"0.12":[-19.13792,0,0],"0.16":[-17.41962,0,0],"0.2":[-15.79515,0,0],"0.24":[-14.25904,0,0],"0.28":[-12.80743,0,0],"0.32":[-11.43738,0,0],"0.36":[-10.14722,0,0],"0.4":[-8.93525,0,0],"0.44":[-7.80064,0,0],"0.48":[-6.74256,0,0],"0.52":[-5.76082,0,0],"0.56":[-4.85489,0,0],"0.6":[-4.02499,0,0],"0.64":[-3.27134,0,0],"0.68":[-2.59421,0,0],"0.72":[-1.99384,0,0],"0.76":[-1.47054,0,0],"0.8":[-1.02573,0,0],"0.84":[-0.65911,0,0],"0.88":[-0.37274,0,0],"0.92":[-0.16664,0,0],"0.96":[-0.04198,0,0],"1.0":[0,0,0]}}}},"animation.spark.jedi_temple_door_small.opened":{"loop":"hold_on_last_frame","bones":{"door_part_1":{"position":[25,0,0]},"door_part_2":{"position":[-25,0,0]}}},"animation.spark.jedi_temple_door_small.closed":{"loop":"hold_on_last_frame","bones":{"door_part_1":{"position":[0,0,0]},"door_part_2":{"position":[0,0,0]}}}}}
