{"format_version":"1.8.0","animations":{"animation.spark.dreadnaught_gate.open":{"loop":"hold_on_last_frame","animation_length":2,"bones":{"door_part_1":{"position":{"0.0":[0,0,0],"0.04":[0.86,0,0],"0.08":[1.3748,0,0],"0.12":[1.0943,0,0],"0.16":[1.1933,0,0],"0.2":[1.72084,0,0],"0.24":[1.72852,0,0],"0.28":[1.75665,0,0],"0.32":[1.82646,0,0],"0.36":[1.9669,0,0],"0.4":[2.21455,0,0],"0.44":[2.61366,0,0],"0.52":[3.21616,0,0],"0.56":[4.08164,0,0],"0.6":[5.27736,0,0],"0.64":[6.87823,0,0],"0.68":[8.96684,0,0],"0.72":[11.63346,0,0],"0.76":[14.976,0,0],"0.8":[19.10005,0,0],"0.84":[24.11886,0,0],"0.88":[30.15336,0,0],"0.92":[39.32144,0,0],"0.96":[46.01572,0,0],"1.0":[52.12547,0,0],"1.04":[57.68753,0,0],"1.08":[62.73743,0,0],"1.12":[67.30943,0,0],"1.16":[71.43655,0,0],"1.2":[75.15048,0,0],"1.24":[78.48167,0,0],"1.28":[81.45929,0,0],"1.32":[84.11122,0,0],"1.36":[86.46408,0,0],"1.4":[88.5432,0,0],"1.44":[90.37264,0,0],"1.52":[91.97519,0,0],"1.56":[93.37235,0,0],"1.6":[94.58437,0,0],"1.64":[95.63019,0,0],"1.68":[96.5275,0,0],"1.72":[97.2927,0,0],"1.76":[97.94092,0,0],"1.8":[98.48602,0,0],"1.84":[98.94056,0,0],"1.88":[99.31586,0,0],"1.92":[99.62194,0,0],"1.96":[99.86755,0,0],"2.0":[100,0,0]}},"door_part_2":{"position":{"0.0":[0,0,0],"0.04":[-0.86,0,0],"0.08":[-1.3748,0,0],"0.12":[-1.0943,0,0],"0.16":[-1.1933,0,0],"0.2":[-1.72084,0,0],"0.24":[-1.72852,0,0],"0.28":[-1.75665,0,0],"0.32":[-1.82646,0,0],"0.36":[-1.9669,0,0],"0.4":[-2.21455,0,0],"0.44":[-2.61366,0,0],"0.52":[-3.21616,0,0],"0.56":[-4.08164,0,0],"0.6":[-5.27736,0,0],"0.64":[-6.87823,0,0],"0.68":[-8.96684,0,0],"0.72":[-11.63346,0,0],"0.76":[-14.976,0,0],"0.8":[-19.10005,0,0],"0.84":[-24.11886,0,0],"0.88":[-30.15336,0,0],"0.92":[-39.32144,0,0],"0.96":[-46.01572,0,0],"1.0":[-52.12547,0,0],"1.04":[-57.68753,0,0],"1.08":[-62.73743,0,0],"1.12":[-67.30943,0,0],"1.16":[-71.43655,0,0],"1.2":[-75.15048,0,0],"1.24":[-78.48167,0,0],"1.28":[-81.45929,0,0],"1.32":[-84.11122,0,0],"1.36":[-86.46408,0,0],"1.4":[-88.5432,0,0],"1.44":[-90.37264,0,0],"1.52":[-91.97519,0,0],"1.56":[-93.37235,0,0],"1.6":[-94.58437,0,0],"1.64":[-95.63019,0,0],"1.68":[-96.5275,0,0],"1.72":[-97.2927,0,0],"1.76":[-97.94092,0,0],"1.8":[-98.48602,0,0],"1.84":[-98.94056,0,0],"1.88":[-99.31586,0,0],"1.92":[-99.62194,0,0],"1.96":[-99.86755,0,0],"2.0":[-100,0,0]}}}},"animation.spark.dreadnaught_gate.close":{"loop":"hold_on_last_frame","animation_length":2,"bones":{"door_part_1":{"position":{"0.0":[100,0,0],"0.04":[99.86755,0,0],"0.08":[99.62194,0,0],"0.12":[99.31586,0,0],"0.16":[98.94056,0,0],"0.2":[98.48602,0,0],"0.24":[97.94092,0,0],"0.28":[97.2927,0,0],"0.32":[96.5275,0,0],"0.36":[95.63019,0,0],"0.4":[94.58437,0,0],"0.44":[93.37235,0,0],"0.48":[91.97519,0,0],"0.56":[90.37264,0,0],"0.6":[88.5432,0,0],"0.64":[86.46408,0,0],"0.68":[84.11122,0,0],"0.72":[81.45929,0,0],"0.76":[78.48167,0,0],"0.8":[75.15048,0,0],"0.84":[71.43655,0,0],"0.88":[67.30943,0,0],"0.92":[62.73743,0,0],"0.96":[57.68753,0,0],"1.0":[52.12547,0,0],"1.04":[46.01572,0,0],"1.08":[39.32144,0,0],"1.12":[30.15336,0,0],"1.16":[24.11886,0,0],"1.2":[19.10005,0,0],"1.24":[14.976,0,0],"1.28":[11.63346,0,0],"1.32":[8.96684,0,0],"1.36":[6.87823,0,0],"1.4":[5.27736,0,0],"1.44":[4.08164,0,0],"1.48":[3.21616,0,0],"1.76":[0,0,0],"2.0":[0,0,0]}},"door_part_2":{"position":{"0.0":[-100,0,0],"0.04":[-99.86755,0,0],"0.08":[-99.62194,0,0],"0.12":[-99.31586,0,0],"0.16":[-98.94056,0,0],"0.2":[-98.48602,0,0],"0.24":[-97.94092,0,0],"0.28":[-97.2927,0,0],"0.32":[-96.5275,0,0],"0.36":[-95.63019,0,0],"0.4":[-94.58437,0,0],"0.44":[-93.37235,0,0],"0.48":[-91.97519,0,0],"0.56":[-90.37264,0,0],"0.6":[-88.5432,0,0],"0.64":[-86.46408,0,0],"0.68":[-84.11122,0,0],"0.72":[-81.45929,0,0],"0.76":[-78.48167,0,0],"0.8":[-75.15048,0,0],"0.84":[-71.43655,0,0],"0.88":[-67.30943,0,0],"0.92":[-62.73743,0,0],"0.96":[-57.68753,0,0],"1.0":[-52.12547,0,0],"1.04":[-46.01572,0,0],"1.08":[-39.32144,0,0],"1.12":[-30.15336,0,0],"1.16":[-24.11886,0,0],"1.2":[-19.10005,0,0],"1.24":[-14.976,0,0],"1.28":[-11.63346,0,0],"1.32":[-8.96684,0,0],"1.36":[-6.87823,0,0],"1.4":[-5.27736,0,0],"1.44":[-4.08164,0,0],"1.48":[-3.21616,0,0],"1.76":[0,0,0],"2.0":[0,0,0]}}}},"animation.spark.dreadnaught_gate.opened":{"loop":true,"bones":{"door_part_1":{"position":[100,0,0]},"door_part_2":{"position":[-100,0,0]}}},"animation.spark.dreadnaught_gate.closed":{"loop":true}}}
