{"format_version":"1.8.0","animations":{"animation.spark.prison_exit_door.open":{"loop":"hold_on_last_frame","animation_length":1,"bones":{"door":{"position":{"0.0":[0,0,0],"0.04":[0,5.71843,0],"0.08":[0,11.37527,0],"0.12":[0,16.90524,0],"0.16":[0,22.27303,0],"0.2":[0,27.46143,0],"0.24":[0,32.45378,0],"0.28":[0,37.24097,0],"0.32":[0,41.81625,0],"0.36":[0,46.17232,0],"0.4":[0,50.30427,0],"0.44":[0,54.20657,0],"0.48":[0,57.87547,0],"0.52":[0,61.30524,0],"0.56":[0,64.49147,0],"0.6":[0,67.4298,0],"0.64":[0,70.1149,0],"0.68":[0,72.54164,0],"0.72":[0,74.70603,0],"0.76":[0,76.60108,0],"0.8":[0,78.22308,0],"0.84":[0,79.56353,0],"0.88":[0,80.61838,0],"0.92":[0,81.38083,0],"0.96":[0,81.84382,0],"1.0":[0,82,0]}}}},"animation.spark.prison_exit_door.close":{"loop":"hold_on_last_frame","animation_length":1,"bones":{"door":{"position":{"0.0":[0,82,0],"0.04":[0,75.96582,0],"0.08":[0,70.22731,0],"0.12":[0,64.74823,0],"0.16":[0,59.50572,0],"0.2":[0,54.48557,0],"0.24":[0,49.67775,0],"0.28":[0,45.07625,0],"0.32":[0,40.67728,0],"0.36":[0,36.47909,0],"0.4":[0,32.48149,0],"0.44":[0,28.68592,0],"0.48":[0,25.09479,0],"0.52":[0,21.71115,0],"0.56":[0,18.53933,0],"0.6":[0,15.5857,0],"0.64":[0,12.8558,0],"0.68":[0,10.35717,0],"0.72":[0,8.09842,0],"0.76":[0,6.08928,0],"0.8":[0,4.34074,0],"0.84":[0,2.86517,0],"0.88":[0,1.67653,0],"0.92":[0,0.79055,0],"0.96":[0,0.22501,0],"1.0":[0,0,0]}}}},"animation.spark.prison_exit_door.opened":{"loop":true,"bones":{"root":{"position":[0,82,0]},"frame":{"position":[0,-82,0]}}},"animation.spark.prison_exit_door.closed":{"loop":true,"bones":{"root":{"position":[0,0,0]}}}}}
