{"format_version":"1.8.0","animations":{"animation.spark.venator_bridge_door.open":{"loop":"hold_on_last_frame","animation_length":2,"bones":{"door":{"position":{"0.0":[0,0,0],"0.0417":[0,0.47272,0],"0.0833":[0,1.54739,0],"0.125":[0,2.97119,0],"0.1667":[0,4.62658,0],"0.2083":[0,6.44773,0],"0.25":[0,8.39297,0],"0.2917":[0,10.43408,0],"0.3333":[0,12.55147,0],"0.375":[0,14.72923,0],"0.4167":[0,16.95657,0],"0.4583":[0,19.22353,0],"0.5":[0,21.52254,0],"0.5417":[0,23.84721,0],"0.5833":[0,26.19223,0],"0.625":[0,28.55279,0],"0.875":[0,42.83198,0],"0.9167":[0,45.20188,0],"0.9583":[0,47.56165,0],"1.0":[0,49.90824,0],"1.0417":[0,52.23946,0],"1.0833":[0,54.55212,0],"1.125":[0,56.84387,0],"1.1667":[0,59.11159,0],"1.2083":[0,61.35228,0],"1.25":[0,63.56299,0],"1.2917":[0,65.7398,0],"1.3333":[0,67.87973,0],"1.375":[0,69.97795,0],"1.4167":[0,72.03083,0],"1.4583":[0,74.03305,0],"1.5":[0,75.97898,0],"1.5417":[0,77.86316,0],"1.5833":[0,79.67786,0],"1.625":[0,81.41464,0],"1.6667":[0,83.06456,0],"1.7083":[0,84.61618,0],"1.75":[0,86.05593,0],"1.7917":[0,87.36752,0],"1.8333":[0,88.52837,0],"1.875":[0,89.51453,0],"1.9167":[0,90.28894,0],"1.9583":[0,90.80613,0],"2.0":[0,91,0]}}}},"animation.spark.venator_bridge_door.close":{"animation_length":2,"bones":{"door":{"position":{"0.0":[0,91,0],"0.0417":[0,90.68927,0],"0.0833":[0,89.85327,0],"0.125":[0,88.60293,0],"0.1667":[0,87.02164,0],"0.2083":[0,85.17252,0],"0.25":[0,83.10537,0],"0.2917":[0,80.8611,0],"0.3333":[0,78.47283,0],"0.375":[0,75.96791,0],"0.4167":[0,73.36966,0],"0.4583":[0,70.69814,0],"0.5":[0,67.97009,0],"0.5417":[0,65.20097,0],"0.5833":[0,62.40387,0],"0.7083":[0,53.95675,0],"0.75":[0,51.1543,0],"0.7917":[0,48.3723,0],"0.8333":[0,45.61805,0],"0.875":[0,42.89832,0],"0.9167":[0,40.21942,0],"0.9583":[0,37.5872,0],"1.0":[0,35.00714,0],"1.0417":[0,32.48438,0],"1.0833":[0,30.02374,0],"1.125":[0,27.63069,0],"1.1667":[0,25.30943,0],"1.2083":[0,23.06368,0],"1.25":[0,20.89829,0],"1.2917":[0,18.81779,0],"1.3333":[0,16.82456,0],"1.375":[0,14.92486,0],"1.4167":[0,13.12025,0],"1.4583":[0,11.41605,0],"1.5":[0,9.81489,0],"1.5417":[0,8.32138,0],"1.5833":[0,6.93801,0],"1.625":[0,5.67007,0],"1.6667":[0,4.5185,0],"1.7083":[0,3.49085,0],"1.75":[0,2.58668,0],"1.7917":[0,1.81227,0],"1.8333":[0,1.17051,0],"1.875":[0,0.66332,0],"1.9167":[0,0.29854,0],"1.9583":[0,0.07629,0],"2.0":[0,0,0]}}}},"animation.spark.venator_bridge_door.opened":{"loop":true,"bones":{"door":{"position":[0,91,0]}}},"animation.spark.venator_bridge_door.closed":{"loop":"hold_on_last_frame","bones":{"door":{"position":[0,0,0]}}}}}
