{"format_version":"1.8.0","animations":{"animation.spark.ad_3.idle":{"loop":true,"animation_length":12,"bones":{"body":{"rotation":{"0.0":[-2.9571,-12.44375,1.39738],"2.0":[-2.96,-12.44,1.4],"2.375":[-2.9281,-9.19429,1.23008],"2.4583":[-2.93874,-9.51369,1.28193],"2.5417":[-2.93,-9.19,1.23],"5.0":[-2.93,-9.19,1.23],"5.5417":[1.75442,-3.69792,1.67065],"5.625":[1.50442,-3.69792,1.67065],"5.7083":[1.75442,-3.69792,1.67065],"7.9167":[1.75,-3.7,1.67],"8.5833":[-2.9571,-12.44375,1.39738],"8.7083":[-2.46,-12.44,1.4],"8.8333":[-2.96,-12.44,1.4],"12.0":[-2.9571,-12.44375,1.39738]},"position":{"0.0":[-0.5,0,-0.62],"0.5417":[-0.5,-0.04914,-0.62],"1.0833":[-0.5,-0.17344,-0.62],"1.5":[-0.5,-0.2,-0.62],"2.0417":[-0.5,-0.14813,-0.62],"2.5833":[-0.5,-0.02998,-0.62],"3.0":[-0.5,0,-0.62],"3.5417":[-0.5,-0.04914,-0.62],"4.0833":[-0.5,-0.17344,-0.62],"4.5":[-0.5,-0.2,-0.62],"5.0417":[-0.5,-0.14813,-0.62],"5.5833":[-0.5,-0.02998,-0.62],"6.0":[-0.5,0,-0.62],"6.5417":[-0.5,-0.04914,-0.62],"7.0833":[-0.5,-0.17344,-0.62],"7.5":[-0.5,-0.2,-0.62],"8.0417":[-0.5,-0.14813,-0.62],"8.5833":[-0.5,-0.02998,-0.62],"9.0":[-0.5,0,-0.62],"9.5417":[-0.5,-0.04914,-0.62],"10.0833":[-0.5,-0.17344,-0.62],"10.5":[-0.5,-0.2,-0.62],"11.0417":[-0.5,-0.14813,-0.62],"11.5833":[-0.5,-0.02998,-0.62],"12.0":[-0.5,0,-0.62]}},"arm_right":{"rotation":{"0.0":[-1.60416,4.17187,18.10915],"1.875":[-1.6,4.17,18.11],"2.375":[-1.12,2.919,12.677],"5.0":[-1.12,2.92,12.68],"5.5833":[-16.12,2.92,12.68],"8.125":[-16.12,2.92,12.68],"8.7083":[-1.12,2.92,12.68],"12.0":[-1.60416,4.17187,18.10915]},"position":{"0.0":[0,0,1.25],"1.875":[0,0,1.25],"2.375":[0,0,0.875],"5.0":[0,0,0.88],"5.5833":[0,0,0],"8.125":[0,0,0],"8.7083":[0,0,0.88],"12.0":[0,0,1.25]}},"arm_left":{"rotation":{"0.0":[-36.44886,28.65662,-25.88054],"1.875":[-36.44886,28.65662,-25.88054],"2.375":[-25.5142,20.05963,-18.11638],"5.0":[-25.51,20.06,-18.12],"5.5833":[8.40249,1.28842,-8.65535],"8.125":[8.40249,1.28842,-8.65535],"8.7083":[-25.51,20.06,-18.12],"12.0":[-36.44886,28.65662,-25.88054]},"position":{"0.0":[0,0,-1.4],"1.875":[0,0,-1.4],"2.375":[0,0,-0.98],"5.0":[0,0,-0.98],"5.5833":[0,0,0.7],"8.125":[0,0,0.7],"8.7083":[0,0,-0.98],"12.0":[0,0,-1.4]}},"head":{"rotation":{"0.0":[-0.04582,-1.7494,1.5007],"0.9167":[-0.05,-1.75,1.5],"1.2917":[0,1.25,0],"4.5417":[-0.01,0.34,0.46],"5.0":[-0.02282,-2.041,-2.97913],"8.0":[-0.04,-1.85,-0.07],"8.75":[0,2.75,0],"10.5833":[0,2.75,0],"11.3333":[-0.04582,-1.7494,1.5007],"12.0":[-0.04582,-1.7494,1.5007]}},"leg_right":{"rotation":{"0.0":{"post":[5.49667,-0.19165,1.9908],"lerp_mode":"catmullrom"},"1.5":{"post":[7,-0.19,1.99],"lerp_mode":"catmullrom"},"3.0":{"post":[5.49667,-0.19165,1.9908],"lerp_mode":"catmullrom"},"4.5":{"post":[7,-0.19,1.99],"lerp_mode":"catmullrom"},"6.0":{"post":[5.49667,-0.19165,1.9908],"lerp_mode":"catmullrom"},"7.5":{"post":[7,-0.19,1.99],"lerp_mode":"catmullrom"},"9.0":{"post":[5.49667,-0.19165,1.9908],"lerp_mode":"catmullrom"},"10.5":{"post":[7,-0.19,1.99],"lerp_mode":"catmullrom"},"12.0":{"post":[5.49667,-0.19165,1.9908],"lerp_mode":"catmullrom"}},"position":{"0.0":{"post":[-0.425,0,-0.55],"lerp_mode":"catmullrom"},"1.5":{"post":[-0.43,-0.075,-0.85],"lerp_mode":"catmullrom"},"3.0":{"post":[-0.425,0,-0.55],"lerp_mode":"catmullrom"},"4.5":{"post":[-0.43,-0.075,-0.85],"lerp_mode":"catmullrom"},"6.0":{"post":[-0.425,0,-0.55],"lerp_mode":"catmullrom"},"7.5":{"post":[-0.43,-0.075,-0.85],"lerp_mode":"catmullrom"},"9.0":{"post":[-0.425,0,-0.55],"lerp_mode":"catmullrom"},"10.5":{"post":[-0.43,-0.075,-0.85],"lerp_mode":"catmullrom"},"12.0":{"post":[-0.425,0,-0.55],"lerp_mode":"catmullrom"}}},"leg_left":{"rotation":{"0.0":{"post":[0.35145,-21.74113,-3.11239],"lerp_mode":"catmullrom"},"1.5":{"post":[1.35073,-21.74057,-3.11119],"lerp_mode":"catmullrom"},"3.0":{"post":[0.35145,-21.74113,-3.11239],"lerp_mode":"catmullrom"},"4.5":{"post":[1.35073,-21.74057,-3.11119],"lerp_mode":"catmullrom"},"6.0":{"post":[0.35145,-21.74113,-3.11239],"lerp_mode":"catmullrom"},"7.5":{"post":[1.35073,-21.74057,-3.11119],"lerp_mode":"catmullrom"},"9.0":{"post":[0.35145,-21.74113,-3.11239],"lerp_mode":"catmullrom"},"10.5":{"post":[1.35073,-21.74057,-3.11119],"lerp_mode":"catmullrom"},"12.0":{"post":[0.35145,-21.74113,-3.11239],"lerp_mode":"catmullrom"}},"position":{"0.0":{"post":[0.325,0,-0.925],"lerp_mode":"catmullrom"},"1.5":{"post":[0.33,-0.075,-1.17],"lerp_mode":"catmullrom"},"3.0":{"post":[0.325,0,-0.925],"lerp_mode":"catmullrom"},"4.5":{"post":[0.33,-0.075,-1.17],"lerp_mode":"catmullrom"},"6.0":{"post":[0.325,0,-0.925],"lerp_mode":"catmullrom"},"7.5":{"post":[0.33,-0.075,-1.17],"lerp_mode":"catmullrom"},"9.0":{"post":[0.325,0,-0.925],"lerp_mode":"catmullrom"},"10.5":{"post":[0.33,-0.075,-1.17],"lerp_mode":"catmullrom"},"12.0":{"post":[0.325,0,-0.925],"lerp_mode":"catmullrom"}}},"head_ext":{"rotation":{"0.0":[2.71969,12.49694,-0.77712],"0.0417":[2.71973,12.49687,-0.77716],"0.0833":[2.71978,12.4968,-0.7772],"0.125":[2.71983,12.49673,-0.77725],"0.1667":[2.71988,12.49666,-0.77729],"0.2083":[2.71993,12.49658,-0.77734],"0.25":[2.71999,12.49649,-0.77739],"0.2917":[2.72004,12.49642,-0.77744],"0.3333":[2.72009,12.49635,-0.77748],"0.375":[2.72014,12.49628,-0.77753],"0.4167":[2.72019,12.49621,-0.77757],"0.4583":[2.72024,12.49614,-0.77761],"0.5":[2.7203,12.49605,-0.77767],"0.5417":[2.72035,12.49598,-0.77771],"0.5833":[2.72039,12.4959,-0.77776],"0.625":[2.72044,12.49583,-0.7778],"0.6667":[2.72049,12.49576,-0.77785],"0.7083":[2.72054,12.49569,-0.77789],"0.75":[2.7206,12.4956,-0.77795],"0.7917":[2.72065,12.49553,-0.77799],"0.8333":[2.7207,12.49546,-0.77804],"0.875":[2.72075,12.49539,-0.77808],"0.9167":[2.7208,12.49531,-0.77812],"0.9583":[2.72085,12.49524,-0.77817],"1.0":[2.72091,12.49515,-0.77822],"1.0417":[2.72096,12.49508,-0.77827],"1.0833":[2.72101,12.49501,-0.77831],"1.125":[2.72105,12.49494,-0.77836],"1.1667":[2.7211,12.49487,-0.7784],"1.2083":[2.72115,12.49479,-0.77845],"1.25":[2.72121,12.49471,-0.7785],"1.2917":[2.72126,12.49463,-0.77854],"1.3333":[2.72131,12.49456,-0.77859],"1.375":[2.72136,12.49449,-0.77863],"1.4167":[2.72141,12.49442,-0.77868],"1.4583":[2.72146,12.49435,-0.77872],"1.5":[2.72152,12.49426,-0.77878],"1.5417":[2.72157,12.49419,-0.77882],"1.5833":[2.72162,12.49412,-0.77887],"1.625":[2.72167,12.49404,-0.77891],"1.6667":[2.72171,12.49397,-0.77895],"1.7083":[2.72176,12.4939,-0.779],"1.75":[2.72182,12.49381,-0.77905],"1.7917":[2.72187,12.49374,-0.7791],"1.8333":[2.72192,12.49367,-0.77914],"1.875":[2.72197,12.4936,-0.77919],"1.9167":[2.72202,12.49352,-0.77923],"1.9583":[2.72207,12.49345,-0.77928],"2.0":[2.72476,12.32009,-0.77883],"2.0417":[2.72998,11.97346,-0.77789],"2.0833":[2.73508,11.62683,-0.77697],"2.125":[2.74006,11.2802,-0.77605],"2.1667":[2.74491,10.93357,-0.77515],"2.2083":[2.74965,10.58693,-0.77425],"2.25":[2.7554,10.15364,-0.77315],"2.2917":[2.75986,9.80699,-0.77227],"2.3333":[2.76421,9.46035,-0.7714],"2.375":[2.7665,9.30159,-0.77719],"2.4167":[2.76544,9.45595,-0.79404],"2.4583":[2.76525,9.51968,-0.80104],"2.5":[2.76781,9.32416,-0.77986],"2.5417":[2.76887,9.23944,-0.77068],"2.5833":[2.76887,9.23944,-0.77068],"2.625":[2.76887,9.23944,-0.77068],"2.6667":[2.76887,9.23944,-0.77068],"2.7083":[2.76887,9.23944,-0.77068],"2.75":[2.76887,9.23944,-0.77068],"2.7917":[2.76887,9.23944,-0.77068],"2.8333":[2.76887,9.23944,-0.77068],"2.875":[2.76887,9.23944,-0.77068],"2.9167":[2.76887,9.23944,-0.77068],"2.9583":[2.76887,9.23944,-0.77068],"3.0":[2.76887,9.23944,-0.77068],"3.0417":[2.76887,9.23944,-0.77068],"3.0833":[2.76887,9.23944,-0.77068],"3.125":[2.76887,9.23944,-0.77068],"3.1667":[2.76887,9.23944,-0.77068],"3.2083":[2.76887,9.23944,-0.77068],"3.25":[2.76887,9.23944,-0.77068],"3.2917":[2.76887,9.23944,-0.77068],"3.3333":[2.76887,9.23944,-0.77068],"3.375":[2.76887,9.23944,-0.77068],"3.4167":[2.76887,9.23944,-0.77068],"3.4583":[2.76887,9.23944,-0.77068],"3.5":[2.76887,9.23944,-0.77068],"3.5417":[2.76887,9.23944,-0.77068],"3.5833":[2.76887,9.23944,-0.77068],"3.625":[2.76887,9.23944,-0.77068],"3.6667":[2.76887,9.23944,-0.77068],