{"format_version":"1.8.0","animations":{"animation.spark.agen_kolar.idle":{"loop":true,"animation_length":2,"bones":{"body":{"rotation":{"0.0":[-2.38262,-9.93068,-1.21453],"0.25":[-2.5556,-9.93,-1.21],"0.5":[-3.009,-9.93,-1.21],"0.75":[-3.3197,-9.93,-1.21],"1.0":[-3.46549,-9.93068,-1.21453],"1.25":[-3.2961,-9.93,-1.21],"1.5":[-2.9972,-9.93,-1.21],"1.75":[-2.5938,-9.93,-1.21],"1.8333":[-2.49,-9.93,-1.21],"2.0":[-2.38262,-9.93068,-1.21453]},"position":{"0.0":[-0.1,0,0],"0.25":[-0.07755,0.0294,0],"0.5":[-0.049,0.06,0],"0.75":[-0.02157,0.11128,0],"1.0":[0,0.15,0],"1.25":[-0.02346,0.11386,0],"1.5":[-0.051,0.05,0],"1.75":[-0.07892,0.02,0],"2.0":[-0.1,0,0]}},"arm_right":{"rotation":{"0.0":[0.42,2.46,8.26],"0.0833":[0.47,2.46,8.2],"0.1667":[0.51413,2.4617,8.13113],"0.25":[0.50775,2.46,8.14],"0.3333":[0.47525,2.46,8.23],"0.4167":[0.375,2.46,8.32],"0.6667":[-0.07,2.45,8.69],"0.9167":[-0.39,2.44,9.125],"1.0":[-0.46411,2.44,9.23],"1.0833":[-0.48816,2.44,9.27],"1.1667":[-0.49289,2.44035,9.30393],"1.25":[-0.47942,2.44,9.28],"1.3333":[-0.45392,2.44,9.25],"1.4167":[-0.40986,2.44,9.155],"1.5":[-0.33864,2.45,9.01],"1.5833":[-0.22961,2.45,8.86],"1.6667":[-0.07,2.45,8.71],"1.9167":[0.325,2.46,8.33],"2.0":[0.42,2.46,8.26]},"position":{"0.0":[0,-0.38,0.5],"0.0833":[0,-0.35,0.5],"0.3333":[0,-0.295,0.5],"0.5833":[0,-0.33,0.5],"0.8333":[0,-0.43,0.5],"1.0833":[0,-0.5,0.5],"1.3333":[0,-0.545,0.5],"1.5833":[0,-0.515,0.5],"1.8333":[0,-0.44,0.5],"1.9167":[0,-0.41,0.5],"2.0":[0,-0.38,0.5]}},"arm_left":{"rotation":{"0.0":[0.22,2.41,-9.955],"0.0833":[0.2165,2.49058,-9.98029],"0.1667":[0.22,2.41,-10.08],"0.3333":[0.23,2.24,-10.515],"0.5833":[0.25,1.78,-11.115],"0.8333":[0.27,1.155,-11.54],"1.0833":[0.275,0.97877,-11.65297],"1.3333":[0.26,1.155,-11.445],"1.4167":[0.26,1.36,-11.34],"1.5":[0.26,1.57,-11.15],"1.5833":[0.25,1.78,-10.895],"1.8333":[0.23,2.24,-10.2],"1.9167":[0.23,2.32,-10.03],"2.0":[0.22,2.41,-9.955]},"position":{"0.0":[0,-0.66,-0.23],"0.0833":[0,-0.62,-0.23],"0.3333":[0,-0.505,-0.23],"0.4167":[0,-0.495,-0.23],"0.5":[0,-0.505,-0.23],"0.5833":[0,-0.525,-0.23],"0.8333":[0,-0.62,-0.23],"1.0833":[0,-0.72,-0.23],"1.3333":[0,-0.79,-0.23],"1.4167":[0,-0.805,-0.23],"1.5":[0,-0.82,-0.23],"1.5833":[0,-0.81,-0.23],"1.8333":[0,-0.735,-0.23],"1.9167":[0,-0.7,-0.23],"2.0":[0,-0.66,-0.23]}},"head":{"rotation":{"0.0":[2.23,-0.93,0.97],"0.0833":[2.2,-0.93,0.8747],"0.1667":[2.17883,-0.93342,0.78065],"0.25":[2.19549,-0.93,0.68784],"0.3333":[2.21885,-0.93,0.59626],"0.4167":[2.25075,-0.93,0.5059],"0.5":[2.31,-0.93,0.41675],"0.5833":[2.37,-0.93,0.38652],"0.6667":[2.43223,-0.93,0.37],"0.75":[2.5,-0.93,0.40699],"0.8333":[2.56,-0.93,0.46884],"0.9167":[2.62111,-0.93,0.55742],"1.0":[2.66162,-0.93,0.64483],"1.0833":[2.69739,-0.93,0.73109],"1.1667":[2.72883,-0.93342,0.81621],"1.25":[2.6961,-0.93,0.90019],"1.3333":[2.65945,-0.93,0.98306],"1.4167":[2.61851,-0.93,1.0835],"1.5":[2.57,-0.93,1.17286],"1.5833":[2.52,-0.93,1.23375],"1.6667":[2.46633,-0.93,1.27],"1.75":[2.41,-0.93,1.24166],"1.8333":[2.35,-0.93,1.18338],"1.9167":[2.28385,-0.93,1.07621],"2.0":[2.23,-0.93,0.97]},"position":[0,0,0]},"leg_right":{"rotation":{"0.0":[-0.31,1.475,1.44],"0.0833":[-0.39,1.47548,1.44],"0.1667":[-0.48,1.47608,1.44],"0.25":[-0.56,1.47681,1.44],"0.5":[-0.81,1.48,1.44],"1.0":[-1.06,1.47695,1.44],"1.5":[-0.81,1.48,1.44],"1.75":[-0.56,1.47705,1.44],"1.8333":[-0.48,1.47628,1.44],"1.9167":[-0.4,1.4756,1.44],"2.0":[-0.31,1.475,1.44]},"position":{"0.0":[-0.45,0,-0.93],"0.0833":[-0.45,0,-0.91],"0.1667":[-0.45,0,-0.89],"0.25":[-0.45,0,-0.87],"0.5":[-0.45,0,-0.81],"1.0":[-0.45,0,-0.75],"1.5":[-0.45,0,-0.81],"1.75":[-0.45,0,-0.87],"1.8333":[-0.45,0,-0.89],"1.9167":[-0.45,0,-0.91],"2.0":[-0.45,0,-0.93]}},"leg_left":{"rotation":{"0.0":[3.92,-21.99,-5.35],"0.0833":[3.74,-21.99,-5.35],"0.1667":[3.56,-21.99,-5.35],"0.25":[3.37979,-21.9895,-5.3511],"0.5":[2.85023,-21.989,-5.35218],"1.0":[2.45,-21.99,-5.35],"1.5":[2.89217,-21.98904,-5.35209],"1.75":[3.41125,-21.98952,-5.35104],"2.0":[3.92,-21.99,-5.35]},"position":{"0.0":[0.19,0,0.41],"0.0833":[0.17,0,0.44],"0.1667":[0.16,0,0.48],"0.25":[0.14107,0,0.51173],"0.5":[0.0931,0,0.61145],"1.0":[0.06,0,0.69],"1.5":[0.0969,0,0.60355],"1.75":[0.14392,0,0.5058],"2.0":[0.19,0,0.41]}},"head_ext":{"rotation":{"0.0":[2.65844,9.86763,1.65277],"0.0833":[2.71434,9.86588,1.66091],"0.1667":[2.77024,9.86413,1.66905],"0.25":[2.87878,9.8609,1.68675],"0.3333":[3.02598,9.8566,1.71195],"0.4167":[3.17317,9.85223,1.73714],"0.5":[3.3156,9.84795,1.76151],"0.5833":[3.41646,9.84487,1.77875],"0.6667":[3.51732,9.84177,1.796],"0.75":[3.60415,9.83915,1.81156],"0.8333":[3.65174,9.83779,1.82112],"0.9167":[3.69932,9.83643,1.83069],"1.0":[3.70144,9.83638,1.83123],"1.0833":[3.64619,9.83798,1.82036],"1.1667":[3.59095,9.83957,1.80948],"1.25":[3.50791,9.84206,1.79439],"1.3333":[3.41088,9.84504,1.7778],"1.4167":[3.31384,9.848,1.76121],"1.5":[3.18772,9.8518,1.73963],"1.5833":[3.05676,9.85569,1.71722],"1.6667":[2.92579,9.85953,1.6948],"1.75":[2.79337,9.86337,1.67212],"1.8333":[2.71482,9.86572,1.65965],"1.9167":[2.66292,9.86744,1.65291],"2.0":[2.63697,9.86829,1.64954]}}}},"animation.spark.agen_kolar.sit":{"loop":true,"animation_length":2,"bones":{"body":{"rotation":{"0.0":[-8.99697,0.23463,1.48154],"0.25":[-8.83,0.23,1.48],"0.5":[-8.66,0.23,1.48],"0.75":[-8.49,0.23,1.48],"1.0":[-8.4,0.23,1.48154],"1.25":[-8.51,0.23,1.48],"1.5":[-8.68,0.23,1.48],"1.75":[-8.84,0.23,1.48],"2.0":[-8.99697,0.23463,1.48154]},"position":{"0.0":[0,-4.77,3],"0.25":[0,-4.79575,3],"0.5":[0,-4.821,3],"0.75":[0,-4.89421,3],"1.0":[0,-4.9187,3],"1.25":[0,-4.89269,3],"1.5":[0,-4.819,3],"1.75":[0,-4.79425,3],"2.0":[0,-4.77,3]},"scale":{"0.0":[1,1,1],"0.25":[1,1,1],"0.5":[1,1,1],"0.75":[1,1,1],"1.25":[1,1,1],"1.5":[1,1,1],"1.75":[1,1,1],"2.0":[1,1,1]}},"arm_right":{"rotation":{"0.0":[-49.89598,14.72185,-16.74882],"0.25":[-50.05,14.91,-17.09],"0.5":[-50.2,15.1,-17.43],"0.75":[-50.35,15.29,-17.78],"1.0":[-50.42925,15.39854,-17.9661],"1.25":[-50.33,15.27,-17.73],"1.5":[-50.18,15.08,-17.39],"1.75":[-50.04,14.9,-17.07],"2.0":[-49.89598,14.72185,-16.74882]},"position":{"0.0":[0,0.45,-1.675],"0.25":[0,0.45,-1.67],"0.5":[0,0.44,-1.67],"0.75":[0,0.43,-1.67],"1.0":[0,0.425,-1.67],"1.25":[0,0.43,-1.67],"1.5":[0,0.44,-1.67],"1.75":[0,0.45,-1.67],"2.0":[0,0.45,-1.675]}},"arm_left":{"rotation":{"0.0":[-39.61262,-18.91036,17.47569],"0.25":[-39.90265,-18.91,17.48],"0.5":[-40.18698,-18.91,17.48],"0.75":[-40.46567,-18.91,17.48],"1.0":[-40.73881,-18.91018,17.47785],"1.25":[-40.46624,-18.91,17.48],"1.5":[-40.18814,-18.91,17.48],"1.75":[-39.90442,-18.91,17.48],"2.0":[-39.615,-18.91,17.48]},"position":{"0.0":[0.725,0,0],"0.25":[0.73,-0.01,0.05151],"0.5":[0.73,-0.03,0.102],"0.75":[0.73,-0.04,0.15149],"1.0":[0.725,-0.05,0.2],"1.25":[0.72,-0.04,0.15149],"1.5":[0.72,-0.03,0.102],"1.75":[0.72,-0.01,0.05151],"2.0":[0.725,0,0]}},"head":{"rotation":{"0.0":[4.34458,0,-0.02],"0.0833":[4.425,0,0],"0.1667":[4.33804,0,-0.03201],"0.25":[4.18838,0,-0.06092],"0.3333":[3.9475,0,-0.08696],"0.5833":[2.851,0,-0.15],"0.8333":[1.59545,0,-0.23],"0.9167":[1.36003,0,-0.25512],"1.0":[1.23075,0,-0.26859],"1.0833":[1.1672,0,-0.275],"1.1667":[1.21942,0,-0.26562],"1.25":[1.33477,0,-0.24859],"1.3333":[1.55728,0,-0.22],"1.5833":[2.8555,0,-0.15],"1.8333":[3.96715,0,-0.07],"1.9167":[4.20197,0,-0.05],"2.0":[4.34458,0,-0.02]},"position":{"0.0":[0,0,0],"1.0":[0,0,0],"2.0":[0,0,0]},"scale":{"0.0":[1.005,1,1],"2.0":[1.005,1,1]}},"leg_right":{"rotation":{"0.0":[-5.3451,14.73913,8.52356],"2.0":[-5.3451,14.73913,8.52356]},"position":{"0.0":[-0.25,0,-0.65],"2.0":[-0.25,0,-0.65]}},"leg_left":{"rotation":{"0.0":[-47.45015,-3.53168,0.15271],"2.0":[-47.45015,-3.53168,0.15271]},"position":{"0.0":[0.475,-2.7,2.325],"2.0":[0.475,-2.7,2.325]}},"arms":{"rotation":{"0.0":[0.5,0,0],"0.25":[0.455,0,0],"0.5":[0.25,0,0],"0.75":[0.08,0,0],"1.0":[0,0,0],"1.25":[0.08,0,0],"1.5":[0.25,0,0],"1.75":[0.455,0,0],"2.0":[0.5,0,0]},"position":{"0.0":[0,0,0],"0.25":[0,-0.01313,0],"0.5":[0,-0.02592,0],"0.75":[0,-0.03836,0],"1.0":[0,-0.05,0],