{"format_version":"1.8.0","animations":{"animation.spark.even_piell.idle":{"loop":true,"animation_length":3,"bones":{"body":{"rotation":{"0.0":[-1.54526,-2.49048,-0.21803],"0.0833":[-1.4,-2.51916,-0.22079],"0.1667":[-1.26,-2.55497,-0.22374],"0.25":[-1.12,-2.59915,-0.22689],"0.5":[-0.55,-2.79641,-0.23762],"0.75":[0.005,-3.12757,-0.25051],"1.0":[0.57,-3.4634,-0.26554],"1.25":[1.1,-3.64824,-0.27547],"1.3333":[1.25069,-3.68676,-0.2779],"1.4167":[1.36683,-3.71675,-0.27997],"1.5":[1.4589,-3.73967,-0.28172],"1.5833":[1.39551,-3.70534,-0.27969],"1.6667":[1.3044,-3.66474,-0.27737],"1.75":[1.17,-3.61706,-0.27474],"2.0":[0.62,-3.42231,-0.26465],"2.25":[0.015,-3.12757,-0.25051],"2.5":[-0.58,-2.86202,-0.23641],"2.75":[-1.19,-2.58564,-0.22581],"2.8333":[-1.37405,-2.54555,-0.22294],"2.9167":[-1.4929,-2.51434,-0.22035],"3.0":[-1.54526,-2.49048,-0.21803]},"position":{"0.0":[0,0,-0.25],"0.25":[0,-0.0232,-0.25],"0.5":[0,-0.07732,-0.25],"1.0":[0,-0.20194,-0.25],"1.25":[0,-0.2618,-0.25],"1.5":[0,-0.275,-0.25],"1.75":[0,-0.2609,-0.25],"2.0":[0,-0.20545,-0.25],"2.5":[0,-0.08688,-0.25],"2.75":[0,-0.02992,-0.25],"2.8333":[0,-0.01264,-0.25],"2.9167":[0,-0.00387,-0.25],"3.0":[0,0,-0.25]}},"arm_left":{"rotation":{"0.0":[-1.13614,0,-9.63397],"0.0833":[-1.41866,0,-9.43538],"0.1667":[-1.67552,0,-9.25764],"0.25":[-1.9085,0,-9.14415],"0.3333":[-2.11932,0,-9.03363],"0.4167":[-2.30958,0,-8.92603],"0.5":[-2.48083,0,-8.98914],"0.5833":[-2.6345,0,-9.08439],"0.6667":[-2.51948,0,-9.22259],"0.75":[-2.38925,0,-9.41683],"0.8333":[-2.24236,0,-9.68767],"0.9167":[-2.07726,0,-9.96094],"1.1667":[-1.34715,0,-10.79553],"1.3333":[-0.66,0,-11.36442],"1.5":[0.02,0,-11.94346],"1.6667":[0.51997,0,-12.33811],"1.75":[0.71533,0.02,-12.4515],"1.8333":[0.87989,0.03,-12.52683],"1.9167":[1.01742,0.04798,-12.57454],"2.0":[1.13141,0.01,-12.45211],"2.0833":[1.225,0,-12.30442],"2.3333":[1.1,0,-11.55483],"2.5833":[0.5608,0,-10.82135],"2.8333":[-0.3088,0,-10.10372],"3.0":[-1.13614,0,-9.63397]},"position":{"0.0":[0,0.25,0.23],"0.0833":[0,0.25919,0.23],"0.1667":[0,0.26992,0.23],"0.25":[0,0.28238,0.23],"0.3333":[0,0.29677,0.23],"0.4167":[0,0.31329,0.225],"0.5":[0,0.33219,0.22],"0.5833":[0,0.35371,0.22],"0.6667":[0,0.37811,0.22],"0.75":[0,0.40567,0.22],"0.8333":[0,0.42929,0.22],"0.9167":[0,0.44995,0.22],"1.0":[0,0.46794,0.22],"1.0833":[0,0.48353,0.22],"1.1667":[0,0.49696,0.22],"1.25":[0,0.50846,0.22],"1.3333":[0,0.51825,0.22],"1.4167":[0,0.52653,0.22],"1.5":[0,0.53348,0.22],"1.5833":[0,0.52924,0.22],"1.6667":[0,0.52339,0.22],"1.75":[0,0.51553,0.22],"1.8333":[0,0.50519,0.22],"1.9167":[0,0.49182,0.225],"2.0":[0,0.4748,0.23],"2.0833":[0,0.45343,0.23],"2.1667":[0,0.42697,0.23],"2.25":[0,0.39457,0.23],"2.3333":[0,0.36466,0.23],"2.4167":[0,0.33933,0.23],"2.5":[0,0.31804,0.23],"2.5833":[0,0.30029,0.23],"2.6667":[0,0.28562,0.23],"2.75":[0,0.27362,0.23],"2.8333":[0,0.26391,0.23],"2.9167":[0,0.25613,0.23],"3.0":[0,0.25,0.23]}},"arm_right":{"rotation":{"0.0":[0.02,0,10.01312],"0.1667":[0.69,0,9.77425],"0.25":[0.83,-0.02,9.69672],"0.3333":[0.96,-0.03,9.63995],"0.4167":[1.09895,-0.04798,9.59954],"0.5":[1.18,-0.01,9.60113],"0.5833":[1.225,0,9.6584],"0.8333":[1.1,0,9.96568],"1.0833":[0.5608,0,10.59292],"1.3333":[-0.3088,0,11.50119],"1.5":[-1.13614,0,12.0588],"1.5833":[-1.41866,0,12.23341],"1.6667":[-1.67552,0,12.35764],"1.75":[-1.9085,0,12.44327],"1.8333":[-2.11932,0,12.5],"1.9167":[-2.30958,0,12.45799],"2.0":[-2.48083,0,12.37183],"2.0833":[-2.6345,0,12.27121],"2.1667":[-2.51948,0,12.15439],"2.25":[-2.38925,0,12.0195],"2.3333":[-2.24236,0,11.85],"2.4167":[-2.07726,0,11.68731],"2.6667":[-1.34715,0,10.99836],"2.9167":[-0.245,0,10.26],"3.0":[0.02,0,10.01312]},"position":{"0.0":[0,0.05848,0.22],"0.0833":[0,0.06876,0.22],"0.1667":[0,0.0815,0.22],"0.25":[0,0.0971,0.22],"0.3333":[0,0.11603,0.22],"0.4167":[0,0.13879,0.225],"0.5":[0,0.16594,0.23],"0.5833":[0,0.19806,0.23],"0.6667":[0,0.23875,0.23],"0.75":[0,0.2788,0.23],"0.8333":[0,0.31822,0.23],"0.9167":[0,0.35701,0.23],"1.0":[0,0.39518,0.23],"1.0833":[0,0.41976,0.23],"1.1667":[0,0.44019,0.23],"1.25":[0,0.45701,0.23],"1.3333":[0,0.47072,0.23],"1.4167":[0,0.48177,0.23],"1.5":[0,0.49056,0.23],"1.5833":[0,0.48294,0.23],"1.6667":[0,0.4728,0.23],"1.75":[0,0.45959,0.23],"1.8333":[0,0.44266,0.23],"1.9167":[0,0.42127,0.225],"2.0":[0,0.38098,0.22],"2.0833":[0,0.34015,0.22],"2.1667":[0,0.29877,0.22],"2.25":[0,0.25683,0.22],"2.3333":[0,0.21434,0.22],"2.4167":[0,0.17127,0.22],"2.5":[0,0.13686,0.22],"2.5833":[0,0.11095,0.22],"2.6667":[0,0.09191,0.22],"2.75":[0,0.07828,0.22],"2.8333":[0,0.06882,0.22],"2.9167":[0,0.0625,0.22],"3.0":[0,0.05848,0.22]}},"head":{"rotation":{"0.0":[-7.625,2,0],"0.25":[-7.835,2,0],"0.5":[-8.405,2,0],"1.0":[-9.985,2,0],"1.25":[-10.515,2,0],"1.5":[-10.65,2,0],"1.75":[-10.36,2,0],"2.0":[-9.81,2,0],"2.5":[-8.375,2,0],"2.75":[-7.815,2,0],"3.0":[-7.625,2,0]}},"leg_left":{"rotation":{"0.0":[0,-2.5,0],"0.25":[0,-2.5,0],"0.5":[0,-2.5,0],"1.0":[0,-2.5,0],"1.25":[0,-2.5,0],"1.5":[0,-2.5,0],"1.75":[0,-2.5,0],"2.0":[0,-2.5,0],"2.5":[0,-2.5,0],"2.75":[0,-2.5,0],"3.0":[0,-2.5,0]},"position":{"0.0":[0,0,0],"0.25":[0,0,0],"0.5":[0,0,0],"1.0":[0,0,0],"1.25":[0,0,0],"1.5":[0,0,0],"1.75":[0,0,0],"2.0":[0,0,0],"2.5":[0,0,0],"2.75":[0,0,0],"3.0":[0,0,0]}},"leg_right":{"rotation":{"0.0":[0,0,0],"0.25":[0,0,0],"0.5":[0,0,0],"1.0":[0,0,0],"1.25":[0,0,0],"1.5":[0,0,0],"1.75":[0,0,0],"2.0":[0,0,0],"2.5":[0,0,0],"2.75":[0,0,0],"3.0":[0,0,0]},"position":{"0.0":[0.275,0,-1],"0.25":[0.28,0,-1],"0.5":[0.28,0,-1],"1.0":[0.28,0,-1],"1.25":[0.28,0,-1],"1.5":[0.275,0,-1],"1.75":[0.27,0,-1],"2.0":[0.27,0,-1],"2.5":[0.27,0,-1],"2.75":[0.27,0,-1],"3.0":[0.275,0,-1]}},"ear_right":{"rotation":{"0.0":[0,0,0],"0.25":[0,0.115,0],"0.5":[0,0.445,0],"0.75":[0,1,0],"1.0":[0,1.555,0],"1.25":[0,1.895,0],"1.5":[0,2,0],"1.75":[0,1.895,0],"2.0":[0,1.555,0],"2.25":[0,1,0],"2.5":[0,0.445,0],"2.75":[0,0.115,0],"3.0":[0,0,0]}},"ear_left":{"rotation":{"0.0":[0,0,0],"1.5":[0,-2,0],"3.0":[0,0,0]}}}},"animation.spark.even_piell.sit":{"loop":true,"animation_length":3,"bones":{"body":{"relative_to":{"rotation":"entity"},"rotation":{"0.0":[0,0,0.01],"0.1667":[0.07,0,-0.03741],"0.25":[0.175,0,-0.05598],"0.3333":[0.3,0,-0.07447],"0.75":[1.2865,0,-0.16575],"1.0417":[1.95,0,-0.22845],"1.125":[2.135,0,-0.24618],"1.25":[2.345,0,-0.27263],"1.3333":[2.43,0,-0.29016],"1.5":[2.5,0,-0.325],"1.6667":[2.445,0,-0.29016],"1.8333":[2.255,0,-0.25502],"1.9167":[2.095,0,-0.23731],"2.2917":[1.16931,0,-0.15671],"2.6667":[0.28,0,-0.07447],"2.75":[0.165,0,-0.05598],"2.8333":[0.07,0,-0.03741],"3.0":[0,0,0.01]},"position":{"0.0":[0,0.325,0],"0.1667":[0,0.31119,0],"0.3333":[0,0.2975,0],"0.75":[0,0.2638,0],"1.125":[0,0.2341,0],"1.3333":[0,0.21787,0],"1.5":[0,0.205,0],"1.6667":[0,0.21787,0],"1.9167":[0,0.23738,0],"2.2917":[0,0.26714,0],"2.6667":[0,0.2975,0],"2.8333":[0,0.31119,0],"3.0":[0,0.325,0]}},"arm_left":{"rotation":{"0.0":[-27.5,0,0],"0.0417":[-27.53006,0,0],"0.0833":[-27.56282,0,0],"0.125":[-27.59844,0,0],"0.2083":[-27.67901,0,0],"0.4167":[-27.94433,0,0],"0.75":[-28.62,0,0],"1.125":[-29.44839,0,0],"1.2917":[-29.6255,0,0],"1.375":[-29.68582,0,0],"1.4167":[-29.71037,0,0],"1.4583":[-29.73568,0,0],"1.5":[-29.75,0,0],"1.5417":[-29.71682,0,0],"1.5833":[-29.67286,0,0],"1.625":[-29.63067,0,0],"1.7083":[-29.53849,0,0],"1.875":[-29.31962,0,0],"2.25":[-28.62,0,0],"2.625":[-27.87235,0,0],"2.7917":[-27.67164,0,0],"2.875":[-27.59373,0,0],"2.9167":[-27.5596,0,0],"2.9583":[-27.52842,0,0],"3.0":[-27.5,0,0]},"position":{"0.0":[0.225,0,-1.275],"0.0417":[0.225,0.00092,-1.27111],"0.0833":[0.225,0.00203,-1.26687],"0.125":[0.225,0.00336,-1.26226],"0.2083":[0.225,0.0068,-1.25182],"0.4167":[0.225,0.02169,-1.21748],"0.75":[0.225,0.07715,-1.13],"1.125":[0.225,0.15017,-1.02004],"1.2917":[0.225,0.16917,-0.99653],"1.375":[0.225,0.17642,-0.98852],"1.4167":[0.225,0.17957,-0.98526],"1.4583":[0.225,0.18241,-0.9819],"1.5":[0.225,0.185,-0.98],"1.5417":[0.225,0.18165,-0.9844],"1.5833":[0.225,0.17815,-0.99024],"1.625":[0.225,0.1745,-0.99584],"1.7083":[0.225,0.1667,-1.00808],