{"format_version":"1.8.0","animations":{"animation.spark.jocasta_nu.idle":{"loop":true,"animation_length":2,"bones":{"body":{"rotation":{"0.0":[-0.75836,15.49978,-0.03395],"0.25":[-1.17,15.5,-0.14],"0.5":[-1.84,15.5,-0.44],"0.75":[-2.575,15.5,-0.75],"1.0":[-2.83336,15.49978,-0.85895],"1.25":[-2.575,15.5,-0.75],"1.5":[-1.84,15.5,-0.44],"1.75":[-1.17,15.5,-0.14],"2.0":[-0.75836,15.49978,-0.03395]},"position":{"0.0":[0,0,-0.525],"0.25":[0,0,-0.52],"0.5":[0,0,-0.52],"0.75":[0,0,-0.52],"1.0":[0,0,-0.52],"1.25":[0,0,-0.52],"1.5":[0,0,-0.52],"1.75":[0,0,-0.52],"2.0":[0,0,-0.525]}},"head":{"rotation":{"0.0":[-1.71,-0.115,1.49],"0.0833":[-1.77954,-0.11065,1.49033],"0.25":[-1.645,-0.115,1.49],"0.3333":[-1.315,-0.115,1.49],"0.5833":[0.1,-0.115,1.49],"0.8333":[1.48,-0.115,1.49],"1.0833":[1.97046,-0.11065,1.49033],"1.3333":[1.48,-0.115,1.49],"1.5833":[0.09,-0.115,1.49],"1.8333":[-1.315,-0.115,1.49],"1.9167":[-1.645,-0.115,1.49],"2.0":[-1.71,-0.115,1.49]}},"arm_left":{"rotation":{"0.0":[-1.92,-7.66,-5.55],"0.0833":[-1.82922,-7.65628,-5.68834],"0.1667":[-1.91,-7.66,-5.75],"0.25":[-2,-7.66,-5.82],"0.3333":[-2.20331,-7.66,-5.89],"0.5833":[-2.985,-7.66,-5.565],"0.8333":[-3.69526,-7.66,-5.015],"0.9167":[-3.88,-7.66,-4.83944],"1.0":[-3.99,-7.66,-4.70795],"1.0833":[-4.10422,-7.66,-4.6118],"1.1667":[-3.99,-7.66,-4.54339],"1.25":[-3.88,-7.66,-4.49624],"1.3333":[-3.68255,-7.66,-4.465],"1.5833":[-2.985,-7.66,-4.79],"1.8333":[-2.19773,-7.66,-5.265],"1.9167":[-2.01,-7.66,-5.41],"2.0":[-1.92,-7.66,-5.55]},"position":{"0.0":[-0.08,0.01,0.13],"0.0833":[-0.075,0,0.125],"0.3333":[-0.095,0.025,0.125],"0.5833":[-0.095,0.075,0.125],"0.8333":[-0.095,0.15,0.125],"1.0833":[-0.095,0.175,0.125],"1.3333":[-0.095,0.15,0.125],"1.5833":[-0.095,0.075,0.125],"1.8333":[-0.095,0.025,0.125],"2.0":[-0.08,0.01,0.13]}},"arm_right":{"rotation":{"0.0":[-3.25,-23.23,8],"0.0833":[-3.17611,-23.22463,8.12013],"0.3333":[-3.385,-23.245,8.56],"0.5833":[-4.025,-23.245,8.33013],"0.8333":[-4.54,-23.245,7.80775],"1.0833":[-4.75165,-23.24159,7.44274],"1.3333":[-4.54,-23.245,7.21],"1.5833":[-4.025,-23.245,7.41829],"1.8333":[-3.385,-23.245,7.76063],"2.0":[-3.25,-23.23,8]},"position":{"0.0":[0.32,0.26,-1.05],"0.0833":[0.325,0.255,-1.05],"0.3333":[0.325,0.275,-1.05],"0.5833":[0.325,0.35,-1.05],"0.8333":[0.325,0.4237,-1.05],"0.9167":[0.33,0.443,-1.05],"1.0":[0.33,0.46003,-1.05],"1.0833":[0.325,0.475,-1.05],"1.1667":[0.33,0.47,-1.05],"1.25":[0.33,0.46,-1.05],"1.3333":[0.325,0.45,-1.05],"1.5833":[0.325,0.375,-1.05],"1.8333":[0.325,0.275,-1.05],"2.0":[0.32,0.26,-1.05]}},"dress":{"rotation":{"0.0":[0,12.5,0],"0.25":[0,12.325,0],"0.5":[0,11.79,0],"0.75":[0,11.48,0],"1.0":[0,11.35,0],"1.25":[0,11.53,0],"1.5":[0,11.88,0],"1.75":[0,12.365,0],"2.0":[0,12.5,0]}},"head_ext":{"rotation":{"0.0":[0.84121,-15.49892,-0.17573],"0.0833":[0.96849,-15.49913,-0.17705],"0.1667":[1.09578,-15.4994,-0.17837],"0.25":[1.27327,-15.50032,-0.15912],"0.3333":[1.46915,-15.50209,-0.11899],"0.4167":[1.66502,-15.50435,-0.07887],"0.5":[1.89573,-15.5075,-0.03499],"0.5833":[2.11231,-15.51091,0.00263],"0.6667":[2.32889,-15.51484,0.04022],"0.75":[2.50232,-15.51833,0.07029],"0.8333":[2.57845,-15.51992,0.08349],"0.9167":[2.65458,-15.52157,0.09668],"1.0":[2.6641,-15.52178,0.09832],"1.0833":[2.58796,-15.52012,0.08514],"1.1667":[2.51183,-15.51853,0.07194],"1.25":[2.35596,-15.51537,0.04491],"1.3333":[2.13938,-15.51137,0.00733],"1.4167":[1.9228,-15.5079,-0.03029],"1.5":[1.68951,-15.50466,-0.07386],"1.5833":[1.49363,-15.50235,-0.11397],"1.6667":[1.29775,-15.50051,-0.1541],"1.75":[1.11169,-15.49944,-0.17853],"1.8333":[0.9844,-15.49916,-0.17721],"1.9167":[0.85712,-15.49895,-0.1759],"2.0":[0.79348,-15.49887,-0.17524]}}}},"animation.spark.jocasta_nu.walk":{"loop":true,"animation_length":1.6667,"bones":{"body":{"rotation":{"0.0":[1,2,0],"0.125":[1.825,1.89,-0.11038],"0.2083":[2,1.65,-0.16448],"0.2917":[1.835,0.99,-0.20608],"0.4167":[1.025,0,-0.25],"0.5417":[0.185,-0.99,-0.20252],"0.625":[0,-1.65,-0.15966],"0.7083":[0.175,-1.865,-0.10579],"0.8333":[1,-2,0],"0.9583":[1.825,-1.865,0.10811],"1.0417":[2,-1.65,0.16209],"1.125":[1.835,-0.99,0.20432],"1.25":[1.025,0,0.25],"1.375":[0.185,0.99,0.20069],"1.4583":[0,1.65,0.15724],"1.5417":[0.175,1.89,0.10354],"1.6667":[1,2,0]},"position":{"0.0":[0,-0.095,0],"0.0833":[0.06,-0.05,0],"0.2083":[0.15,0.15,0],"0.3333":[0.18,0.265,0],"0.4167":[0.2,0.3,0],"0.5":[0.18,0.265,0],"0.625":[0.15,0.15,0],"0.75":[0.06,-0.05,0],"0.8333":[0,-0.095,0],"0.9167":[-0.06,-0.05,0],"1.0417":[-0.15,0.15,0],"1.1667":[-0.18,0.265,0],"1.25":[-0.2,0.3,0],"1.3333":[-0.18,0.265,0],"1.4583":[-0.15,0.15,0],"1.5833":[-0.06,-0.05,0],"1.6667":[0,-0.095,0]}},"head":{"rotation":{"0.0":[-0.65,-2.65,0],"0.125":[-1.22,-2.38,0.03],"0.2083":[-1.35,-2.09283,0.05],"0.2917":[-1.21,-1.47,0.07],"0.4167":[-0.55,-0.3805,0.1],"0.5417":[0.14,0.72,0.07],"0.625":[0.325,1.32071,0.05],"0.7083":[0.135,1.59,0.03],"0.8333":[-0.575,1.8,0],"0.9583":[-1.215,1.59,-0.03],"1.0417":[-1.35,1.32071,-0.05],"1.125":[-1.23,0.72,-0.07],"1.25":[-0.6,-0.3805,-0.1],"1.375":[0.13,-1.47,-0.07],"1.4583":[0.325,-2.10396,-0.05],"1.5417":[0.115,-2.38,-0.03],"1.6667":[-0.65,-2.65,0]},"position":{"0.0":[0,0,-0.75],"0.2083":[0,0,-0.75],"0.625":[0,0,-0.75],"1.0417":[0,0,-0.75],"1.4583":[0,0,-0.75]}},"arm_left":{"rotation":{"0.0":[37.5,-32.5,-5],"1.6667":[37.5,-32.5,-5]},"position":{"0.0":[-1,0.075,0.325],"0.2083":[-1.025,0.05,0.285],"0.4167":[-1.025,0.05,0.2],"0.625":[-1.05,0.05,0.115],"0.8333":[-1.1,0.05,0.075],"1.0417":[-1.125,0.05,0.115],"1.25":[-1.075,0.05,0.2],"1.4583":[-1.025,0.05,0.285],"1.6667":[-1,0.075,0.325]}},"arm_right":{"rotation":{"0.0":[37.5,32.5,5],"1.6667":[37.5,32.5,5]},"position":{"0.0":[1,0.075,0.325],"0.2083":[1.025,0.05,0.285],"0.4167":[1.025,0.05,0.2],"0.625":[1.05,0.05,0.115],"0.8333":[1.1,0.05,0.075],"1.0417":[1.125,0.05,0.115],"1.25":[1.075,0.05,0.2],"1.4583":[1.025,0.05,0.285],"1.6667":[1,0.075,0.325]}},"leg_left":{"rotation":{"0.0":[-15,-0.36708,1.3],"0.2083":[-7.27388,0,1.3],"0.4167":[0.29999,0,1.3],"0.625":[7.72387,0,1.3],"0.8333":[15,0,1.3],"1.0417":[7.72387,0.55256,0.25],"1.25":[0.29999,-0.82293,-0.94977],"1.4583":[-7.27388,-0.70049,0.25],"1.6667":[-15,-0.36708,1.3]},"position":{"0.0":[0,0,0],"0.2083":[0,0,0],"0.4167":[0,0,0],"0.625":[0,0,0],"0.8333":[0,0,0],"1.0417":[0,0.525,0],"1.25":[0,0.85,0],"1.4583":[0,0.525,0],"1.6667":[0,0,0]}},"leg_right":{"rotation":{"0.0":[15,0,-1.3],"0.2083":[6.69711,-0.55256,-0.127],"0.4167":[1.77438,0.04793,1],"0.625":[-10.41703,0.45049,0],"0.8333":[-15,0.19208,-1.3],"1.0417":[-10.93051,0,-1.3],"1.25":[-2.45902,0,-1.3],"1.4583":[6.18362,0,-1.3],"1.6667":[15,0,-1.3]},"position":{"0.0":[0,0,0],"0.2083":[0,0,0],"0.4167":[0,0.65,0.015],"0.625":[0,0,-0.00746],"0.8333":[0,0,0],"1.0417":[0,0,0],"1.25":[0,0,0],"1.4583":[0,0,0],"1.6667":[0,0,0]}},"dress":{"rotation":{"0.0":[0.10912,0,-0.50238],"0.2083":[0.05,1.8,-0.385],"0.4167":[0,2.5,0],"0.625":[0.05,1.8,0.415],"0.8333":[0.10912,0,0.59762],"1.0417":[0.06,-1.9,0.415],"1.25":[-0.015,-2.5,0],"1.4583":[0.06,-1.9,-0.385],"1.6667":[0.10912,0,-0.50238]},"position":{"0.0":[0,0,0],"0.2083":[0.105,0.02,0],"0.4167":[0.15,0.05,0],"0.625":[0.105,0.03,0],"0.8333":[0,0,0],"1.0417":[-0.085,0.03,0],"1.25":[-0.125,0.05,0],"1.4583":[-0.085,0.03,0],"1.6667":[0,0,0]}},"arms":{"rotation":{"0.0":[0,0,0],"0.125":[0,0,0.375],"0.25":[0,0,0.675],"0.375":[0,0,0.875],"0.5":[0,0,1],"0.625":[0,0,0.795],"0.75":[0,0,0.455],"0.875":[0,0,0],"1.0":[0,0,-0.48],"1.125":[0,0,-0.81],"1.25":[0,0,-1],"1.375":[0,0,-0.85],"1.5":[0,0,-0.55],"1.6667":[0,0,0]}}}},"animation.spark.jocasta_nu.goodbye":{"loop":"hold_on_last_frame","animation_length":2,"bones":{"body":{"rotation":{"0.0":[-0.75836,15.49978,-0.03395],"0.0833":[-0.33776,15.42,0.16],"0.1667":[0.18122,15.33245,0.34744],"0.25":[0.90218,15.32,0.74],"0.2917":[1.35641,15.32,0.93],"0.3333":[1.88333,15.31,1.12],"0.4167":[3.18939,15.3,1.51],"0.5":[4.67607,15.295,1.895],"0.5833":[6.04828,15.29,2.06],"0.625":[6.73876,15.28,2.14],"0.6667":[7.26892,15.27896,2.21575],"0.7083":[7.66781,15.29,2.21],