{"format_version":"1.8.0","animations":{"animation.spark.marksman_droid.idle":{"loop":true,"animation_length":4.45833,"bones":{"body":{"rotation":{"0.3333":[0,0,0],"0.375":[0,12.5,0],"0.5833":[0,12.5,0],"0.625":[0,-10,0],"0.9583":[0,-10,0],"1.0":[0,0,0],"3.0417":[0,0,0],"3.0833":[0,17.5,0],"3.2917":[0,17.5,0],"3.3333":[0,7.5,0],"3.5833":[0,7.5,0],"3.625":[0,-5,0],"4.125":[0,-5,0],"4.1667":[0,-12.5,0],"4.2917":[0,-12.5,0],"4.3333":[0,0,0]},"position":[0,"math.sin(q.life_time * 300) * 0.2",0]}}},"animation.spark.marksman_droid.hit":{"loop":"hold_on_last_frame","animation_length":0.66667,"bones":{"body":{"rotation":{"0.0":[0,0,0],"0.0417":[2.2,0,2.2],"0.2083":[16,0,-10],"0.4167":[22.9,0.9,-15.3],"0.6667":[25.3,0,-17.4]},"position":{"0.0":[0,0,0],"0.0417":[0,1,0],"0.0833":[0,-2.05183,0],"0.125":[0,-6,0],"0.1667":[0,-6.88874,0],"0.2083":[0,-6.64125,0],"0.25":[0,-6.0698,0],"0.2917":[0,-5.4621,0],"0.3333":[0,-4.9905,0],"0.375":[0,-4.8,0]},"scale":{"0.0417":[0.7,0.7,0.7],"0.0833":[0,0,0]}}},"particle_effects":{"0.0":{"effect":"marksman_droid_metal_sparks"}}}}}
