{"format_version":"1.8.0","animations":{"animation.spark.oppo_rancisis.sit":{"loop":true,"animation_length":3,"override_previous_animation":true,"bones":{"body":{"rotation":{"0.0":[0,0,0],"0.25":[-0.02175,0,0],"0.5":[-0.05453,0,0],"1.0":[-0.19423,0,0],"1.2083":[-0.22455,0,0],"1.5":[-0.25,0,0],"1.75":[-0.22636,0,0],"2.0":[-0.18975,0,0],"2.5":[-0.05777,0,0],"2.75":[-0.02377,0,0],"3.0":[0,0,0]},"position":{"0.0":[0,0,0],"0.25":[0,0.02584,0],"0.5":[0,0.05134,0],"1.0":[0,0.10133,0],"1.2083":[0,0.12177,0],"1.5":[0,0.15,0],"1.75":[0,0.12583,0],"2.0":[0,0.10133,0],"2.5":[0,0.05134,0],"2.75":[0,0.02584,0],"3.0":[0,0,0]}},"arm_right":{"rotation":{"0.0":[-48.64605,-68.22668,8.01523],"0.25":[-48.65,-68.23,8.02],"0.5":[-48.65,-68.23,8.02],"1.0":[-48.65,-68.23,8.02],"1.2083":[-48.65,-68.23,8.02],"1.5":[-48.65,-68.23,8.02],"1.75":[-48.65,-68.23,8.02],"2.0":[-48.65,-68.23,8.02],"2.5":[-48.65,-68.23,8.02],"2.75":[-48.65,-68.23,8.02],"3.0":[-48.64605,-68.22668,8.01523]},"position":{"0.0":[0,-1.675,-2.375],"0.25":[0,-1.63,-2.37],"0.5":[0,-1.58,-2.37],"1.0":[0,-1.48,-2.37],"1.2083":[0,-1.45,-2.37],"1.5":[0,-1.425,-2.37],"1.75":[0,-1.45,-2.37],"2.0":[0,-1.49,-2.37],"2.5":[0,-1.59,-2.37],"2.75":[0,-1.64,-2.37],"3.0":[0,-1.675,-2.375]}},"arm_left":{"rotation":{"0.0":[-29.06001,59.42325,-8.48088],"0.25":[-29.06,59.42,-8.48],"0.5":[-29.06,59.42,-8.48],"1.0":[-29.06,59.42,-8.48],"1.2083":[-29.06,59.42,-8.48],"1.5":[-29.06,59.42,-8.48],"1.75":[-29.06,59.42,-8.48],"2.0":[-29.06,59.42,-8.48],"2.5":[-29.06,59.42,-8.48],"2.75":[-29.06,59.42,-8.48],"3.0":[-29.06001,59.42325,-8.48088]},"position":{"0.0":[0,-1.575,-1.925],"0.25":[0,-1.53,-1.92],"0.5":[0,-1.47,-1.92],"1.0":[0,-1.36,-1.92],"1.2083":[0,-1.33,-1.92],"1.5":[0,-1.295,-1.92],"1.75":[0,-1.32,-1.92],"2.0":[0,-1.37,-1.92],"2.5":[0,-1.48,-1.92],"2.75":[0,-1.53,-1.92],"3.0":[0,-1.575,-1.925]}},"head":{"rotation":{"0.0":[2.25,0,0],"0.25":[2.05,0,0],"0.5":[1.52,0,0],"1.0":[0.31,0,0],"1.2083":[0,0,0],"1.5":[-0.25,0,0],"1.75":[0.01,0,0],"2.0":[0.45,0,0],"2.5":[1.59,0,0],"2.75":[2.08,0,0],"3.0":[2.25,0,0]}},"tail2":{"rotation":{"0.0":[4.99833,0,0],"0.25":[4.93,0,0],"0.5":[4.72,0,0],"1.0":[4.22,0,0],"1.2083":[4.1,0,0],"1.5":[4,0,0],"1.75":[4.1,0,0],"2.0":[4.28,0,0],"2.5":[4.76,0,0],"2.75":[4.95,0,0],"3.0":[4.99833,0,0]}},"bone":{"rotation":{"0.0":[-9,15,0],"0.25":[-8.935,15,0],"0.5":[-8.615,15,0],"1.0":[-7.83,15,0],"1.2083":[-7.65,15,0],"1.5":[-7.5,15,0],"1.75":[-7.65,15,0],"2.0":[-7.92,15,0],"2.5":[-8.665,15,0],"2.75":[-8.955,15,0],"3.0":[-9,15,0]},"position":{"0.0":[0,0,-1.05],"0.25":[0,0,-1.05],"0.5":[0,0,-1.05],"1.0":[0,0,-1.05],"1.2083":[0,0,-1.05],"1.5":[0,0,-1.05],"1.75":[0,0,-1.05],"2.0":[0,0,-1.05],"2.5":[0,0,-1.05],"2.75":[0,0,-1.05],"3.0":[0,0,-1.05]}},"tail_1":{"rotation":{"0.0":[0,-2.5,0],"0.4583":[-0.06303,-2.5,0],"1.0":{"pre":[-0.19,-2.5,0],"post":[-0.19,-2.5,0],"lerp_mode":"catmullrom"},"1.5":{"post":[-0.24,-2.5,0],"lerp_mode":"catmullrom"},"2.0":{"post":[-0.17,-2.5,0],"lerp_mode":"catmullrom"},"2.5417":[-0.05319,-2.5,0],"3.0":[0,-2.5,0]},"position":{"0.0":[0,0,0],"0.4583":[0,0.0199,0],"1.0":{"pre":[0,0.06226,0],"post":[0,0.06226,0],"lerp_mode":"catmullrom"},"1.5":{"post":[0,0.08,0],"lerp_mode":"catmullrom"},"2.0":{"post":[0,0.05925,0],"lerp_mode":"catmullrom"},"2.5417":[0,0.02105,0],"3.0":[0,0,0]}},"tail_2":{"rotation":{"0.0":[0,5,0],"0.4583":[0.14,5,0],"1.0":{"pre":[0.33,5,0],"post":[0.33,5,0],"lerp_mode":"catmullrom"},"1.5":{"post":[0.425,5,0],"lerp_mode":"catmullrom"},"2.0":{"post":[0.31,5,0],"lerp_mode":"catmullrom"},"2.5":[0.15,5,0],"3.0":[0,5,0]},"position":[0,0,-0.3]},"head_ext":{"rotation":{"0.0":[0.00174,0,0],"0.0417":[0.00522,0,0],"0.0833":[0.0087,0,0],"0.125":[0.01218,0,0],"0.1667":[0.01566,0,0],"0.2083":[0.01914,0,0],"0.25":[0.02437,0,0],"0.2917":[0.02962,0,0],"0.3333":[0.03486,0,0],"0.375":[0.04011,0,0],"0.4167":[0.04535,0,0],"0.4583":[0.0506,0,0],"0.5":[0.06012,0,0],"0.5417":[0.07129,0,0],"0.5833":[0.08247,0,0],"0.625":[0.09365,0,0],"0.6667":[0.10482,0,0],"0.7083":[0.116,0,0],"0.75":[0.12997,0,0],"0.7917":[0.14114,0,0],"0.8333":[0.15232,0,0],"0.875":[0.1635,0,0],"0.9167":[0.17467,0,0],"0.9583":[0.18585,0,0],"1.0":[0.19714,0,0],"1.0417":[0.20296,0,0],"1.0833":[0.20879,0,0],"1.125":[0.21461,0,0],"1.1667":[0.22043,0,0],"1.2083":[0.22557,0,0],"1.25":[0.22993,0,0],"1.2917":[0.23342,0,0],"1.3333":[0.23691,0,0],"1.375":[0.2404,0,0],"1.4167":[0.24389,0,0],"1.4583":[0.24738,0,0],"1.5":[0.24811,0,0],"1.5417":[0.24433,0,0],"1.5833":[0.24054,0,0],"1.625":[0.23676,0,0],"1.6667":[0.23298,0,0],"1.7083":[0.2292,0,0],"1.75":[0.22343,0,0],"1.7917":[0.21757,0,0],"1.8333":[0.21172,0,0],"1.875":[0.20586,0,0],"1.9167":[0.2,0,0],"1.9583":[0.19414,0,0],"2.0":[0.18447,0,0],"2.0417":[0.17391,0,0],"2.0833":[0.16335,0,0],"2.125":[0.1528,0,0],"2.1667":[0.14224,0,0],"2.2083":[0.13168,0,0],"2.25":[0.11848,0,0],"2.2917":[0.10792,0,0],"2.3333":[0.09736,0,0],"2.375":[0.08681,0,0],"2.4167":[0.07625,0,0],"2.4583":[0.06569,0,0],"2.5":[0.05505,0,0],"2.5417":[0.04961,0,0],"2.5833":[0.04417,0,0],"2.625":[0.03873,0,0],"2.6667":[0.03329,0,0],"2.7083":[0.02785,0,0],"2.75":[0.02187,0,0],"2.7917":[0.01807,0,0],"2.8333":[0.01426,0,0],"2.875":[0.01046,0,0],"2.9167":[0.00666,0,0],"2.9583":[0.00285,0,0],"3.0":[0,0,0]}},"sit":{"scale":1},"tail":{"scale":0},"root":{"position":[0,-3,0]}}},"animation.spark.oppo_rancisis.idle":{"loop":true,"animation_length":3,"bones":{"body_main":{"rotation":{"0.0":[0,10,0],"1.5":[0.5,10,0],"3.0":[0,10,0]}},"body":{"rotation":{"0.0":[0,1,0],"0.0833":[-0.03513,1,0.00286],"0.1667":[-0.08626,1,0.00924],"0.2083":[-0.11932,1,0.01451],"0.2917":[-0.20394,1,0.03118],"0.375":[-0.31485,1,0.05939],"0.6667":[-0.8424,1,0.16765],"1.0":[-1.40633,1,0.26868],"1.1667":[-1.66442,1,0.31191],"1.25":[-1.75646,1,0.32632],"1.2917":[-1.78929,1,0.33221],"1.375":[-1.83514,1,0.34181],"1.4167":[-1.85037,1,0.34565],"1.4583":[-1.86173,1,0.34894],"1.5":[-1.87,1,0.35175],"1.5417":[-1.86184,1,0.34812],"1.5833":[-1.85016,1,0.34407],"1.6667":[-1.81199,1,0.33458],"1.7083":[-1.7829,1,0.32907],"1.75":[-1.74508,1,0.32299],"1.7917":[-1.69677,1,0.3163],"1.875":[-1.56758,1,0.30092],"2.0833":[-1.22577,1,0.24846],"2.2917":[-0.87,1,0.16765],"2.5":[-0.5051,1,0.09048],"2.5833":[-0.35,1,0.06266],"2.6667":[-0.21819,1,0.0422],"2.75":[-0.13002,1,0.02655],"2.7917":[-0.09632,1,0.02023],"2.875":[-0.04546,1,0.01013],"2.9167":[-0.02683,1,0.00617],"3.0":[0,1,0]},"position":{"0.0":[0,0,0],"1.5":[0,-0.05,0],"3.0":[0,0,0]}},"arm_right":{"rotation":{"0.0":[-2.14,-15.55,9.285],"0.0833":[-2.53,-15.46,9.24405],"0.1667":[-2.92147,-15.37,9.18332],"0.2917":[-3.3757,-15.11,9.04084],"0.375":[-3.58377,-14.798,8.9],"0.5":[-3.79143,-14.32208,8.66564],"0.5833":[-3.8784,-13.99946,8.51197],"0.6667":[-3.93603,-13.61937,8.36033],"0.7917":[-4.03333,-13.06048,8.13664],"0.875":[-3.96556,-12.69525,7.99],"1.0":[-3.72562,-12.15832,7.75601],"1.0833":[-3.40985,-11.87109,7.62967],"1.1667":[-3.11386,-11.63812,7.52377],"1.2917":[-2.53349,-11.37301,7.39765],"1.375":[-1.98,-11.24224,7.33203],"1.5":[-1.15303,-11.1,7.25623],"1.6667":[-0.09201,-11.345,7.43587],"1.7917":[0.6565,-11.6847,7.584],"1.875":[0.95397,-11.95004,7.68952],"2.0":[1.20248,-12.41409,7.8585],"2.0833":[1.28361,-12.77235,7.99567],"2.1667":[1.325,-13.17389,8.13139],"2.2917":[1.22853,-13.67251,8.33228],"2.375":[1.05745,-13.99946,8.46443],"2.5":[0.66437,-14.48178,8.67823],"2.6667":[-0.17318,-15.11,8.92103],"2.7917":[-0.93964,-15.37,9.07492],"3.0":[-2.14,-15.55,9.285]},"position":{"0.0":[-0.22,-0.35,-0.95],"0.1667":[-0.22,-0.33284,-0.95],"0.2917":[-0.22,-0.31124,-0.95],"0.5":[-0.22,-0.26569,-0.95],"1.0":[-0.22,-0.15,-0.95],"1.1667":[-0.22,-0.115,-0.95],"1.3333":[-0.22,-0.08907,-0.95],"1.5":[-0.22,-0.075,-0.95],"1.625":[-0.22,-0.08386,-0.95],"1.7917":[-0.22,-0.105,-0.95],"2.0":[-0.22,-0.14,-0.95],"2.5":[-0.22,-0.26184,-0.95],"2.6667":[-0.22,-0.30937,-0.95],"2.7917":[-0.22,-0.32796,-0.95],"2.875":[-0.22,-0.34023,-0.95],"3.0":[-0.22,-0.35,-0.95]}},"arm_left":{"rotation":{"0.0":[0.445,5.01,-12.5],"0.0833":[-0.59634,5.01,-12.5],