{"format_version":"1.8.0","animations":{"animation.spark.saesee_tiin.idle":{"loop":true,"animation_length":3,"bones":{"body":{"rotation":{"0.0":[2.37,-5.06,1.5],"0.25":[2.32,-5.06,1.5],"0.5":[2.215,-5.06,1.5],"1.0":[1.82,-5.06,1.5],"1.25":[1.74,-5.06,1.5],"1.5":[1.69304,-5.06371,1.50444],"1.75":[1.74,-5.06,1.5],"2.0":[1.82,-5.06,1.5],"2.5":[2.215,-5.06,1.5],"2.75":[2.32,-5.06,1.5],"3.0":[2.36804,-5.06371,1.50444]},"position":{"0.0":[0,0,0],"0.0833":[0,0.00651,0],"0.1667":[0,0.01394,0],"0.25":[0,0.02237,0],"0.5":[0,0.0547,0],"0.75":[0,0.1,0],"1.0":[0,0.14911,0],"1.25":[0,0.18073,0],"1.3333":[0,0.1883,0],"1.4167":[0,0.19468,0],"1.5":[0,0.2,0],"1.5833":[0,0.1938,0],"1.6667":[0,0.18664,0],"1.75":[0,0.17842,0],"2.0":[0,0.14625,0],"2.25":[0,0.1,0],"2.5":[0,0.05089,0],"2.75":[0,0.01927,0],"2.8333":[0,0.0117,0],"2.9167":[0,0.00532,0],"3.0":[0,0,0]}},"arm_right":{"rotation":{"0.0":[5,15.125,12.5],"0.25":[4.91664,15.155,12.33284],"0.5":[4.77528,15.175,12.02941],"0.75":[4.55,15.195,11.52],"1.0":[4.29308,15.215,10.96928],"1.25":[4.15539,15.235,10.67412],"1.5":[4.0898,15.26357,10.53352],"1.75":[4.18199,15.245,10.65968],"2.0417":[4.35948,15.215,11.01701],"2.25":[4.55,15.195,11.51],"2.5":[4.80556,15.175,12.05316],"2.75":[4.93889,15.155,12.35212],"3.0":[5,15.125,12.5]},"position":{"0.0":[0,0,0.625],"0.5":[0,-0.05275,0.625],"1.0":[0,-0.18823,0.625],"1.5":[0,-0.225,0.625],"2.0":[0,-0.16774,0.625],"2.5":[0,-0.05275,0.625],"2.75":[0,-0.03,0.625],"3.0":[0,0,0.625]}},"arm_left":{"rotation":{"0.0":[-5,0,-15],"0.25":[-5,0.03243,-14.7],"0.5":[-5,0.0779,-14.16443],"0.75":[-5,0.14,-13.51],"1.0":[-5,0.19711,-12.85975],"1.25":[-5,0.23582,-12.235],"1.5":[-4.9932,0.26099,-12.01554],"1.75":[-5,0.23169,-12.235],"2.0":[-5,0.18934,-12.85485],"2.25":[-5,0.13,-13.5],"2.5":[-5,0.0674,-14.112],"2.75":[-5,0.02604,-14.7],"3.0":[-5,0,-15]},"position":{"0.0":[0,0,-0.4],"0.25":[0,-0.02589,-0.4],"0.5":[0,-0.0645,-0.4],"0.75":[0,-0.12,-0.4],"1.0":[0,-0.1826,-0.4],"1.25":[0,-0.22396,-0.4],"1.5":[0,-0.25,-0.4],"1.75":[0,-0.22783,-0.4],"2.0":[0,-0.18757,-0.4],"2.25":[0,-0.12,-0.4],"2.5":[0,-0.05992,-0.4],"2.75":[0,-0.02223,-0.4],"3.0":[0,0,-0.4]}},"head":{"rotation":{"0.0":[0.02249,6.1172,-1.79188],"1.4583":[-0.13826,6.11568,-1.05047],"3.0":[0.02249,6.1172,-1.79188]},"position":[0,0,0]},"leg_right":{"rotation":{"0.0":[-1.79974,1.5213,1.48897],"3.0":[-1.79974,1.5213,1.48897]},"position":{"0.0":[0,0,-0.525],"3.0":[0,0,-0.525]}},"leg_left":{"rotation":{"0.0":[9.80702,-16.69599,-7.78715],"3.0":[9.80702,-16.69599,-7.78715]},"position":{"0.0":[0.25,0,0],"3.0":[0.25,0,0]}}}},"animation.spark.saesee_tiin.sit":{"loop":true,"animation_length":2,"bones":{"body":{"rotation":{"0.0":[1,0,0],"0.125":[0.98,0,0],"0.25":[0.865,0,0],"0.5":[0.53,0,0],"0.75":[0.26,0,0],"0.875":[0.195,0,0],"1.0":[0.17,0,0],"1.125":[0.205,0,0],"1.25":[0.28,0,0],"1.5":[0.56,0,0],"1.75":[0.865,0,0],"1.875":[0.98,0,0],"2.0":[1,0,0]},"position":{"0.0":[0,2.55,3],"0.25":[0,2.59489,3],"0.5":[0,2.652,3],"0.75":[0,2.70978,3],"1.0":[0,2.75,3],"1.25":[0,2.70881,3],"1.5":[0,2.652,3],"1.75":[0,2.59085,3],"2.0":[0,2.55,3]}},"arm_right":{"rotation":[-16.75,12.31673,7.40825],"position":{"0.0":[0,0,0],"0.25":[0,-0.04806,0],"0.5":[0,-0.12,0],"0.75":[0,-0.20049,0],"1.0":[0,-0.25,0],"1.25":[0,-0.19921,0],"1.5":[0,-0.12,0],"1.75":[0,-0.05162,0],"2.0":[0,0,0]}},"arm_left":{"rotation":{"0.0":[-7.025,-6.40867,-9.76339],"1.0":[-7.025,-6.40867,-9.76339],"1.9583":[-7.025,-6.40867,-9.76339]},"position":{"0.0":[0,0,0.875],"0.25":[0,-0.02052,0.88],"0.5":[0,-0.06,0.88],"0.75":[0,-0.10088,0.88],"1.0":[0,-0.125,0.875],"1.25":[0,-0.09897,0.88],"1.5":[0,-0.06,0.88],"1.75":[0,-0.02026,0.88],"1.9583":[0,0,0.875]}},"head":{"rotation":{"0.0":[-0.73736,-0.68631,0.25128],"0.125":[-0.71,-0.69,0.23],"0.25":[-0.635,-0.69,0.21157],"0.5":[-0.255,-0.69,0.12313],"0.75":[0.11,-0.69,0.03594],"0.875":[0.215,-0.69,0.02],"1.0":[0.26,-0.69,0],"1.125":[0.205,-0.69,0.02],"1.25":[0.09,-0.69,0.03594],"1.5":[-0.26,-0.69,0.12313],"1.75":[-0.635,-0.69,0.21157],"1.875":[-0.71,-0.69,0.23],"2.0":[-0.73736,-0.68631,0.25128]},"position":{"0.0":[0,0,0],"0.25":[0,0,0],"0.5":[0,0,0],"0.75":[0,0,0],"1.0":[0,0,0],"1.25":[0,0,0],"1.5":[0,0,0],"1.75":[0,0,0],"2.0":[0,0,0]}},"leg_right":{"rotation":{"0.0":[-30.04008,15.9781,-1.56219],"0.25":[-30.04,15.98,-1.56],"0.5":[-30.04,15.98,-1.56],"0.75":[-30.04,15.98,-1.56],"1.0":[-30.04,15.98,-1.56],"1.25":[-30.04,15.98,-1.56],"1.5":[-30.04,15.98,-1.56],"1.75":[-30.04,15.98,-1.56],"2.0":[-30.04008,15.9781,-1.56219]},"position":{"0.0":[-0.225,7.075,0],"0.25":[-0.22,7.075,0],"0.5":[-0.22,7.075,0],"0.75":[-0.22,7.075,0],"1.0":[-0.22,7.075,0],"1.25":[-0.22,7.075,0],"1.5":[-0.22,7.075,0],"1.75":[-0.22,7.075,0],"2.0":[-0.225,7.075,0]}},"leg_left":{"rotation":{"0.0":[-35.20728,-10.57045,0.26077],"0.25":[-35.21,-10.57,0.265],"0.5":[-35.21,-10.57,0.265],"0.75":[-35.21,-10.57,0.265],"1.0":[-35.21,-10.57,0.265],"1.25":[-35.21,-10.57,0.265],"1.5":[-35.21,-10.57,0.265],"1.75":[-35.21,-10.57,0.265],"2.0":[-35.20728,-10.57045,0.26077]},"position":{"0.0":[1.375,6.4,0],"0.25":[1.38,6.4,0],"0.5":[1.38,6.4,0],"0.75":[1.38,6.4,0],"1.0":[1.38,6.4,0],"1.25":[1.38,6.4,0],"1.5":[1.38,6.4,0],"1.75":[1.38,6.4,0],"2.0":[1.375,6.4,0]}},"body_main":{"position":[0,-8,-2]},"lightsaber":{"scale":0},"root":{"position":[0,-6.75,-1]}}},"animation.spark.saesee_tiin.goodbye":{"loop":"hold_on_last_frame","animation_length":2,"bones":{"body":{"rotation":{"0.0":[2.37,-5.06,1.5],"0.0833":[2.49964,-5.06,1.5],"0.1667":[2.71253,-5.06,1.5],"0.25":[3.04303,-5.06,1.5],"0.3333":[3.27466,-5.06,1.425],"0.4167":[3.51,-5.06,1.25],"0.5833":[3.83245,-5.00257,0.70139],"0.6667":[3.95525,-5.02,0.92],"0.75":[4.05671,-5.03,1.44],"0.8333":[4.13971,-5.04,1.655],"0.9167":[4.2069,-5.05,1.48],"1.0833":[4.30307,-5.06,0.84498],"1.1667":[4.33603,-5.06,0.6],"1.25":[4.22,-5.06,0.6],"1.3333":[4.035,-5.06,0.75491],"1.4167":[3.77043,-5.06,0.9291],"1.5":[3.50048,-5.06,1.09871],"1.5833":[3.22509,-5.06,1.26385],"1.6667":[2.94415,-5.06,1.34604],"1.75":[2.67971,-5.06,1.40648],"1.8333":[2.5157,-5.06,1.44978],"1.9167":[2.42055,-5.06,1.47],"2.0":[2.37,-5.06,1.5]},"position":{"0.0":[0,0,0],"0.1667":[0,-0.055,0.02],"0.25":[0,-0.07756,0.03859],"0.3333":[0,-0.09664,0.05739],"0.4167":[0,-0.11267,0.07643],"0.75":[0.01,-0.15326,0.15476],"1.0833":[0.01,-0.17561,0.19777],"1.1667":[0.00852,-0.18078,0.20616],"1.25":[0.00706,-0.18488,0.21281],"1.3333":[0.00562,-0.18809,0.21802],"1.4167":[0.00348,-0.17987,0.20001],"1.5833":[0,-0.15701,0.13752],"1.6667":[0,-0.13048,0.0885],"1.75":[0,-0.10166,0.03858],"1.8333":[0,-0.07041,0.00788],"2.0":[0,0,0]}},"arm_right":{"rotation":{"0.0":[5,15.125,12.5],"0.0833":[5.1,14.98,12.24],"0.1667":[5.20296,14.38393,11.98057],"0.25":[5.414,13.62021,11.61138],"0.4167":[5.75111,12.5367,11.15595],"0.6667":[6.13,11.81,10.58],"0.9167":[6.50527,11.37,10.2],"1.0833":[6.61282,10.875,9.95],"1.1667":[6.6419,10.41333,9.82805],"1.25":[6.59278,9.83278,9.84128],"1.3333":[6.46557,9.55524,9.89832],"1.4167":[6.28353,9.42238,10.06205],"1.5":[6.03072,9.72266,10.355],"1.5833":[5.68828,10.37783,10.87102],"1.6667":[5.40975,11.63356,11.37667],"1.75":[5.14785,13.39877,11.88976],"1.8333":[5.08256,14.36956,12.21039],"1.9167":[5.04,14.85,12.36],"2.0":[5,15.125,12.5]},"position":{"0.0":[0,0,0.625],"0.0833":[0,-0.03,0.61461],"0.1667":[0,-0.05692,0.56394],"0.25":[0,-0.10381,0.49362],"0.3333":[0,-0.17023,0.435],"0.4167":[0,-0.22402,0.37212],"0.5833":[0,-0.30109,0.275],"0.75":[0,-0.34583,0.2],"0.8333":[0,-0.3603,0.16],"0.9167":[0,-0.3689,0.13],"1.0833":[0,-0.37553,0.055],"1.1667":[0,-0.37622,0.02161],"1.25":[0,-0.3614,-0.00065],"1.3333":[0,-0.32977,-0.02],"1.4167":[0,-0.27006,-0.00456],"1.5":[0,-0.16716,0.04693],"1.5833":[0,-0.03369,0.13549],"1.6667":[0,0.02752,0.25962],"1.75":[0,0.06423,0.40435],"1.8333":[0,0.04473,0.51796],"1.9167":[0,0.02337,0.59699],"2.0":[0,0,0.625]}},"arm_left":{"rotation":{"0.0":[-5,0,-15],"0.0833":[-5.05,-0.07,-18.62307],"0.1667":[-5.10555,-0.14939,-22.20954],"0.25":[-4.6905,-4.91386,-29.59858],"0.3333":[-4.15964,-11.0077,-41.54927],