{"format_version":"1.8.0","animations":{"animation.spark.cutscene.crucible_leaves_ilum.hidden":{"animation_length":1,"bones":{"ilum":{"scale":0},"root":{"scale":0}}},"animation.spark.cutscene.crucible_leaves_ilum.shot_1":{"loop":"hold_on_last_frame","animation_length":6,"bones":{"root":{"rotation":{"0.0":[-180.5,0,163.8],"0.52":[-181.78284,0,165.292],"1.04":[-182.37823,0,167.2749],"1.56":[-182.79992,0,169.40635],"2.08":[-183.12771,0,171.64851],"2.6":[-183.39303,0,173.99928],"3.12":[-183.6117,0,176.47938],"3.64":[-183.79219,0,179.14827],"4.16":[-183.9379,0,182.20752],"4.4":[-183.99211,0,184.06345],"4.44":[-184,0,184.5],"4.96":[-185.11496,0,191.11565],"5.48":[-187.4037,0,197.71034],"5.88":[-189.50556,0,202.46833],"5.96":[-189.88506,0,203.25833],"6.0":[-190,0,203.5]},"position":{"0.0":[0,"-17+454 * 0.02","-148-7880 * 0.02"],"0.04":[0,-8.00549,-303.75733],"0.08":[0,-8.08416,-301.35611],"0.12":[0,-8.15636,-298.82156],"0.16":[0,-8.2224,-296.21926],"0.2":[0,-8.28258,-293.57437],"0.24":[0,-8.33716,-290.90013],"0.28":[0,-8.38641,-288.20424],"0.32":[0,-8.43055,-285.49202],"0.36":[0,-8.4698,-282.76708],"0.64":[0,-8.62473,-263.4899],"1.0":[0,-8.57616,-238.52342],"1.44":[0,-8.24081,-208.0655],"1.76":[0,-7.8562,-186.07088],"2.0":[0,-7.50828,-169.70581],"2.2":[0,-7.18675,-156.176],"2.4":[0,-6.84167,-142.76363],"2.56":[0,-6.55169,-132.13186],"2.72":[0,-6.25178,-121.60167],"2.88":[0,-5.94424,-111.188],"3.0":[0,-5.70999,-103.46517],"3.08":[0,-5.5527,-98.3639],"3.12":[0,-5.47385,-95.82883],"3.16":[0,-5.3949,-93.30422],"3.2":[0,-5.31592,-90.79113],"3.24":[0,-5.23694,-88.28996],"3.28":[0,-5.15801,-85.80081],"3.32":[0,-5.07918,-83.32551],"3.36":[0,-5.00051,-80.86309],"3.4":[0,-4.92203,-78.41589],"3.44":[0,-4.84382,-75.98377],"3.48":[0,-4.76592,-73.56707],"3.52":[0,-4.6884,-71.16868],"3.56":[0,-4.61132,-68.78801],"3.6":[0,-4.53474,-66.42611],"3.64":[0,-4.45875,-64.08519],"3.68":[0,-4.3834,-61.76682],"3.72":[0,-4.30879,-59.47176],"3.76":[0,-4.23499,-57.20194],"3.8":[0,-4.16209,-54.9595],"3.84":[0,-4.09019,-52.74689],"3.88":[0,-4.01939,-50.5669],"3.92":[0,-3.94979,-48.42272],"3.96":[0,-3.88154,-46.31804],"4.0":[0,-3.81477,-44.2571],"4.04":[0,-3.74959,-42.24484],"4.08":[0,-3.68614,-40.28704],"4.12":[0,-3.62466,-38.39059],"4.16":[0,-3.5653,-36.56926],"4.2":[0,"-175.41* 0.02","-1741.46* 0.02"],"4.24":[0,-3.44966,-33.14722],"4.28":[0,-3.38602,-31.48254],"4.32":[0,-3.31693,-29.83535],"4.36":[0,-3.24262,-28.20635],"4.4":[0,-3.16274,-26.59496],"4.44":[0,-3.07755,-25.00131],"4.48":[0,-2.98671,-23.42564],"4.52":[0,-2.89037,-21.86828],"4.56":[0,-2.78849,-20.32899],"4.6":[0,-2.68081,-18.80789],"4.64":[0,-2.56743,-17.30513],"4.68":[0,-2.4483,-15.82085],"4.72":[0,-2.32335,-14.35519],"4.76":[0,-2.1925,-12.90829],"4.8":[0,-2.05567,-11.48029],"4.84":[0,-1.91281,-10.07134],"4.88":[0,-1.76384,-8.6816],"4.92":[0,-1.60871,-7.31121],"4.96":[0,-1.44736,-5.96062],"5.0":[0,-1.27974,-4.62997],"5.04":[0,-1.1058,-3.31923],"5.08":[0,-0.92542,-2.02899],"5.12":[0,-0.7385,-0.75943],"5.16":[0,-0.5451,0.48915],"5.2":[0,-0.34497,1.71645],"5.24":[0,-0.13819,2.92179],"5.28":[0,0.07532,4.10505],"5.32":[0,0.29572,5.26565],"5.36":[0,0.523,6.40299],"5.4":[0,0.75719,7.51644],"5.44":[0,0.99841,8.60534],"5.48":[0,1.2466,9.66901],"5.52":[0,1.50176,10.70614],"5.56":[0,1.7639,11.71609],"5.6":[0,2.03293,12.69731],"5.64":[0,2.30867,13.64823],"5.68":[0,2.5909,14.56692],"5.72":[0,2.87916,15.45128],"5.76":[0,3.17276,16.29789],"5.8":[0,3.47058,17.10263],"5.84":[0,3.77067,17.85973],"5.88":[0,4.06949,18.55999],"5.92":[0,4.35979,19.18779],"5.96":[0,4.62356,19.70939],"6.0":[0,"239.2* 0.02","1000* 0.02"]},"scale":0.02},"ilum":{"rotation":[23.87581,-33.43257,-2.42089],"position":[220,-303.2,-1337.6],"scale":1},"engine_open":{"scale":0},"staircase":{"scale":0},"opening_front_left":{"scale":0},"opening_front_right":{"scale":0}}},"animation.spark.cutscene.crucible_leaves_ilum.shot_2":{"loop":"hold_on_last_frame","animation_length":6,"bones":{"root":{"rotation":{"0.0":[-7.5,180,-10],"6.0":[-2.5,180,15.5]},"position":{"0.0":[0,"-1200* 0.02","-91-6000* 0.02"],"6.0":[0,"-1000* 0.02","-91+15000* 0.02"]},"scale":0.02},"ilum":{"position":[-3889,-3511,1597],"scale":0}}}}}
