{"format_version":"1.8.0","animations":{"animation.cutscene.gunship.shot_4_counter":{"loop":true,"bones":{"root":{"position":[2000,0,1500]}}},"animation.cutscene.gunship.shot_4":{"loop":"hold_on_last_frame","animation_length":6,"bones":{"root":{"rotation":{"0.0":[343.89437,427.92224,-37.00452],"0.0417":[342.53345,426.44387,-36.92756],"0.0833":[341.19743,425.157,-36.80629],"0.125":[339.88838,424.03469,-36.67034],"0.1667":[338.60708,423.05612,-36.52596],"0.2083":[337.35525,422.20494,-36.37581],"0.25":[336.13472,421.46696,-36.22127],"0.4167":[331.60481,419.44796,-35.57196],"0.625":[326.93912,418.52865,-34.70804],"0.7917":[324.34237,418.75286,-33.9765],"0.8333":[323.9102,418.91945,-33.78668],"0.875":[323.58665,419.12592,-33.59329],"0.9167":[323.38584,419.37024,-33.39563],"0.9583":[323.32386,419.64997,-33.19259],"1.0":[323.41604,419.96218,-32.98236],"1.0417":[323.6681,420.30187,-32.76145],"1.0833":[324.03957,420.65763,-32.52168],"1.125":[324.30178,420.97854,-32.22421],"1.1667":[324.55352,421.24876,-31.69316],"1.7083":[331.38214,425.29612,-22.86044],"2.0417":[336.02174,427.54234,-17.17158],"2.0833":[336.59,427.69,-16.46],"2.625":[344.90606,427.53783,-7.7878],"3.1667":[353.02738,427.36954,0.7378],"3.7083":[360.84885,427.20705,9.13832],"4.25":[368.28907,427.0555,17.38552],"4.7917":[375.20331,426.92178,25.41552],"5.3333":[381.29251,426.82098,33.07338],"5.7917":[385.2216,426.803,38.84662],"5.9583":[386.07755,426.86272,40.3658],"6.0":[386.205,426.93,40.52]},"position":{"0.0":[-849.575,-30,-1884.375],"0.0417":[-864.5288,-31.72283,-1891.19991],"0.0833":[-879.30263,-33.19686,-1897.71833],"0.125":[-894.03396,-34.4767,-1904.16052],"0.1667":[-908.74341,-35.60677,-1910.56263],"0.2083":[-923.43847,-36.61297,-1916.9392],"0.25":[-938.12374,-37.51531,-1923.29666],"0.2917":[-952.78575,-38.32953,-1929.64047],"0.3333":[-967.47306,-39.06815,-1935.97331],"0.375":[-982.13987,-39.74064,-1942.29718],"0.4167":[-996.80271,-40.35004,-1948.6136],"0.4583":[-1011.46225,-40.90879,-1954.92376],"0.5":[-1026.119,-41.41961,-1961.22819],"0.5417":[-1040.77306,-41.88577,-1967.52791],"0.5833":[-1055.42511,-42.3139,-1973.82363],"0.625":[-1070.07509,-42.70384,-1980.11526],"0.6667":[-1084.7235,-43.06127,-1986.40387],"0.7083":[-1099.37022,-43.38754,-1992.68914],"0.75":[-1114.01568,-43.68381,-1998.97193],"0.7917":[-1128.65986,-43.95502,-2005.25204],"0.8333":[-1143.30289,-44.19898,-2011.52994],"0.875":[-1157.94496,-44.41962,-2017.80586],"0.9167":[-1172.58608,-44.61914,-2024.07963],"0.9583":[-1187.2263,-44.79666,-2030.35172],"1.0":[-1201.86578,-44.95366,-2036.62224],"1.0417":[-1216.50457,-45.09261,-2042.89113],"1.0833":[-1231.14272,-45.21428,-2049.15857],"1.125":[-1245.7802,-45.31808,-2055.42474],"1.1667":[-1260.41716,-45.40512,-2061.6897],"1.2083":[-1275.05362,-45.47714,-2067.95349],"1.25":[-1289.68963,-45.53474,-2074.21611],"1.2917":[-1304.32522,-45.57847,-2080.47775],"1.3333":[-1318.96042,-45.60847,-2086.73844],"1.375":[-1333.59527,-45.62456,-2092.99826],"1.4167":[-1348.22976,-45.62839,-2099.25724],"1.4583":[-1362.86397,-45.62042,-2105.51544],"1.5":[-1377.4979,-45.60103,-2111.77287],"1.5417":[-1392.1316,-45.57062,-2118.02957],"1.5833":[-1406.76508,-45.52955,-2124.28562],"1.625":[-1421.39836,-45.47817,-2130.54106],"1.6667":[-1436.03146,-45.41665,-2136.79592],"1.8333":[-1494.56252,-45.07508,-2161.81023],"2.0":[-1553.09224,-44.59738,-2186.81772],"2.1667":[-1611.62166,-43.99808,-2211.82002],"2.375":[-1684.78435,-43.09625,-2243.06772],"2.5833":[-1757.94955,-42.04289,-2274.31192],"2.8333":[-1845.75327,-40.60094,-2311.80334],"3.0833":[-1933.5655,-38.98638,-2349.2963],"3.375":[-2036.02748,-36.90854,-2393.04456],"3.6667":[-2138.5098,-34.64351,-2436.80531],"4.0":[-2255.66523,-31.8498,-2486.84139],"4.375":[-2387.52155,-28.4714,-2543.17745],"4.7917":[-2534.1307,-24.45537,-2605.86077],"5.1667":[-2666.22508,-20.62838,-2662.40657],"5.4167":[-2754.41872,-17.97645,-2700.22235],"5.5":[-2783.85358,-17.07657,-2712.86091],"5.5417":[-2798.67463,-16.62394,-2719.18894],"5.5833":[-2813.31479,-16.1697,-2725.52343],"5.625":[-2828.05787,-15.714,-2731.86548],"5.6667":[-2842.81102,-15.25702,-2738.21659],"5.7083":[-2857.57632,-14.79905,-2744.57834],"5.75":[-2872.35655,-14.34045,-2750.95271],"5.7917":[-2887.15543,-13.8818,-2757.34329],"5.8333":[-2901.97906,-13.42396,-2763.75393],"5.875":[-2916.87564,-12.96664,-2770.19185],"5.9167":[-2931.75078,-12.51877,-2776.6695],"5.9583":[-2946.76855,-12.08274,-2783.21199],"6.0":[-2962.275,-11.725,-2789.9]},"scale":{"0.0":[0.15,0.15,0.15],"0.5417":[0.15,0.15,0.15],"1.0833":[0.15,0.15,0.15],"1.625":[0.15,0.15,0.15],"2.0833":[0.15,0.15,0.15],"2.625":[0.15,0.15,0.15],"3.1667":[0.15,0.15,0.15],"3.7083":[0.15,0.15,0.15],"4.25":[0.15,0.15,0.15],"4.5":[0.15,0.15,0.15],"5.0417":[0.15,0.15,0.15],"5.5833":[0.15,0.15,0.15],"6.0":[0.15,0.15,0.15]}},"root2":{"scale":0},"root3":{"scale":0}}}}}
