{"format_version":"1.8.0","animations":{"animation.spark.cutscene.astromech.shot02and03":{"loop":"hold_on_last_frame","animation_length":14.2,"bones":{"root":{"rotation":{"2.45":[0,0,0],"2.5":[-0.20261,-0.24772,0.08608],"2.55":[-0.54646,-1.12044,0.23487],"2.6":[-0.93507,-2.64158,0.40568],"2.65":[-1.34321,-4.83386,0.58779],"2.7":[-1.75842,-7.71255,0.77626],"2.75":[-2.17302,-11.28847,0.96814],"2.8":[-2.5808,-15.55978,1.16131],"2.85":[-2.97577,-20.51146,1.35398],"2.9":[-3.35112,-26.10827,1.54433],"2.95":[-3.69798,-32.28964,1.73023],"3.0":[-4.00308,-38.96252,1.90875],"3.05":[-4.24367,-45.99703,2.07507],"3.1":[-4.37099,-53.22168,2.21956],"3.15":[-4.22054,-60.42451,2.31294],"3.2":[-3.45852,-67.04676,2.19437],"3.25":[-2.29128,-72.69461,1.69755],"3.3":[-1.46435,-77.39168,1.15768],"3.35":[-0.95253,-81.18617,0.77234],"3.4":[-0.61483,-84.14839,0.50542],"3.45":[-0.38346,-86.3671,0.31812],"3.5":[-0.22383,-87.9449,0.18693],"3.55":[-0.11609,-88.99048,0.09751],"3.6":[-0.04805,-89.61342,0.04052],"3.65":[-0.01124,-89.91791,0.00956],"3.7":[0,-90,0],"4.35":[0,-90,0],"5.0":[0,-90,0],"5.65":[0,-90,0],"6.3":[0,-90,0],"6.95":[0,-90,0],"7.1":[0,-90,0],"7.15":[0,-90.81699,0],"7.2":[0,-93.30731,0],"7.25":[0,-97.55386,0],"7.3":[0,-103.62887,0],"7.35":[0,-111.60316,0],"7.4":[0,-121.53276,0],"7.45":[0,-133.46075,0],"7.5":[0,-147.39837,0],"7.55":[0,-163.31503,0],"7.6":[0,-181.12422,0],"7.65":[0,-200.64639,0],"7.7":[0,-221.59261,0],"7.75":[0,-243.52005,0],"7.8":[0,-265.8074,0],"7.85":[0,-287.63106,0],"7.9":[0,-307.97361,0],"7.95":[0,-325.66901,0],"8.0":[0,-339.5,0],"8.05":[0,-350.12234,0],"8.1":[0,-359.51123,0],"8.15":[0,-368.09695,0],"8.2":[0,-376.09333,0],"8.25":[0,-383.62239,0],"8.3":[0,-390.76135,0],"8.35":[0,-397.55953,0],"8.4":[0,-404.04938,0],"8.45":[0,-410.25155,0],"8.5":[0,-416.17718,0],"8.55":[0,-421.82903,0],"8.6":[0,-427.20156,0],"8.65":[0,-432.28007,0],"8.7":[0,-437.0364,0],"8.75":[0,-441.42715,0],"8.8":[0,-445.37862,0],"8.85":[0,-448.76406,0],"8.9":[0,-451.33812,0],"8.95":[0,-452.5,0]},"position":{"0.0":[0,-30,0],"0.05":[0,-29.38718,-0.01003],"0.1":[0,-28.51114,-0.02449],"0.15":[0,-27.56312,-0.03955],"0.2":[0,-26.57732,-0.05448],"0.25":[0,-25.56765,-0.06897],"0.3":[0,-24.5415,-0.08287],"0.9":[0,-11.7889,-0.17447],"1.1":[0,-7.54406,-0.15986],"1.2":[0,-5.4585,-0.13966],"1.25":[0,-4.43235,-0.12558],"1.3":[0,-3.42268,-0.10843],"1.35":[0,-2.43688,-0.08784],"1.4":[0,-1.48886,-0.06332],"1.45":[0,-0.61282,-0.03429],"1.5":[0,0,0],"1.55":[0,0,0.02806],"1.6":[0,0,0.03375],"1.65":[0,0,0.0092],"1.7":[0,0,-0.05661],"1.75":[0,0,-0.17896],"1.8":[0,0,-0.3798],"1.85":[0,0,-0.69097],"1.9":[0,0,-1.15983],"1.95":[0,0,-1.85577],"2.0":[0,0,-2.87533],"2.05":[0,0,-4.33571],"2.1":[0,0,-6.32997],"2.15":[0,0,-8.84841],"2.2":[0,0,-11.75079],"2.25":[0,0,-14.84934],"2.3":[0,0,-18],"2.35":[0.03043,0,-21.22202],"2.4":[0.12624,0,-24.55535],"2.45":[0.29586,0,-27.93464],"2.5":[0.54832,0,-31.29383],"2.55":[0.8943,0,-34.57021],"2.6":[1.34618,0,-37.70728],"2.65":[1.91753,0,-40.65709],"2.7":[2.62297,0,-43.38188],"2.75":[3.47832,0,-45.85287],"2.8":[4.49867,0,-48.05074],"2.85":[5.69715,0,-49.96454],"2.9":[7.08182,0,-51.58877],"2.95":[8.65285,0,-52.924],"3.0":[10.39901,0,-53.97479],"3.05":[12.29658,0,-54.74809],"3.1":[14.31071,0,-55.2531],"3.15":[16.4,0,-55.5],"3.2":[18.49065,0,-55.61638],"3.25":[20.51105,0,-55.72202],"3.3":[22.41756,0,-55.81528],"3.35":[24.16516,0,-55.89427],"3.4":[25.71595,0,-55.95698],"3.45":[27.04602,0,-56.0015],"3.5":[28.14904,0,-56.02659],"3.55":[29.03414,0,-56.03262],"3.6":[29.72076,0,-56.02277],"3.65":[30.23282,0,-56.00372],"3.7":[30.59529,0,-55.98455],"3.75":[30.83099,0,-55.97403],"3.8":[30.96017,0,-55.97826],"3.85":[31,0,-56],"4.5":[30.92023,0,-56.06284],"5.15":[30.83677,0,-56.06123],"5.8":[30.77561,0,-56.04585],"6.45":[30.76217,0,-56.02353],"6.85":[30.81635,0,-56.00808],"7.0":[30.8785,0,-56.00255],"7.05":[30.91741,0,-56.00097],"7.1":[31,0,-56],"7.15":[31.17034,0,-55.93526],"7.2":[31.28604,0,-55.71273],"7.25":[31.29232,0,-55.27638],"7.3":[31.13264,0,-54.55401],"7.35":[30.76926,0,-53.48965],"7.4":[30.19654,0,-52.14776],"7.45":[29.43565,0,-50.77043],"7.5":[28.52,0,-49.58],"7.55":[27.41565,0,-48.56544],"7.6":[26.09877,0,-47.78662],"7.65":[24.63391,0,-47.40657],"7.7":[23.0993,0,-47.50177],"7.75":[21.57546,0,-48.06732],"7.8":[20.13352,0,-49.05299],"7.85":[18.8276,0,-50.39507],"7.9":[17.69314,0,-52.03304],"7.95":[16.74866,0,-53.9155],"8.0":[16,0,-56],"8.05":[15.40718,0,-58.27072],"8.1":[14.93574,0,-60.74225],"8.15":[14.59586,0,-63.42361],"8.2":[14.40109,0,-66.31584],"8.25":[14.37018,0,-69.40474],"8.3":[14.52958,0,-72.647],"8.35":[14.91771,0,-75.94868],"8.4":[15.594,0,-79.13917],"8.45":[16.65787,0,-81.95785],"8.5":[18.3,0,-84.09],"8.55":[20.89153,0,-85.61875],"8.6":[24.07905,0,-86.73474],"8.65":[26.67147,0,-87.41071],"8.7":[28.41241,0,-87.76002],"8.75":[29.54413,0,-87.91964],"8.8":[30.26695,0,-87.98255],"8.85":[30.70412,0,-88.00071],"8.9":[30.932,0,-88.00166],"8.95":[31,0,-88]}},"body":{"rotation":{"1.5":[2.5,0,0],"1.55":[1.21267,0,0],"1.6":[-1.67968,0,0],"1.65":[-5.29441,0,0],"1.7":[-9.11457,0,0],"1.75":[-12.77806,0,0],"1.8":[-15.99226,0,0],"1.85":[-18.48961,0,0],"1.9":[-20,0,0],"1.95":[-20.78331,0,0],"2.0":[-21.19785,0,0],"2.05":[-21.11278,0,0],"2.1":[-20.56488,0,0],"2.2":[-19.07066,0,0],"2.25":[-18.44,0,0],"2.3":[-17.88456,-0.08767,0],"2.35":[-17.34605,-0.32226,0],"2.9":[-11.82701,-7.26768,0],"3.0":[-10.91276,-8.63166,0],"3.05":[-10.49,-9,0],"3.1":[-10.08453,-8.80299,0],"3.5":[-6.85977,-4.87529,0],"3.7":[-5.44255,-2.03714,0],"3.75":[-5.16214,-1.13046,0],"3.8":[-5,0,0],"3.85":[-5.26777,1.46047,-0.06929],"3.9":[-6.26416,3.26948,-0.32713],"3.95":[-7.26055,4.76696,-0.58497],"4.0":{"pre":[-7.52832,4.95712,-0.65426],"post":[-7.52832,4.95712,-0.65426],"lerp_mode":"catmullrom"},"4.3":{"post":[-7.52832,4.95712,-0.65426],"lerp_mode":"catmullrom"},"4.5":{"post":[-5.02832,4.95712,-0.65426],"lerp_mode":"catmullrom"},"5.0":{"post":[-6.02832,4.95712,-0.65426],"lerp_mode":"catmullrom"},"5.25":{"post":[-4.17118,4.95712,-0.65426],"lerp_mode":"catmullrom"},"5.55":{"post":[-7.52832,4.95712,-0.65426],"lerp_mode":"catmullrom"},"5.85":{"post":[-7.52832,4.95712,-0.65426],"lerp_mode":"catmullrom"},"6.05":{"post":[-5.02832,4.95712,-0.65426],"lerp_mode":"catmullrom"},"6.55":{"post":[-6.02832,4.95712,-0.65426],"lerp_mode":"catmullrom"},"6.8":{"post":[-4.17118,4.95712,-0.65426],"lerp_mode":"catmullrom"},"7.1":{"post":[-7.52832,4.95712,-0.65426],"lerp_mode":"catmullrom"},"8.95":{"post":[-7.52832,4.95712,-0.65426],"lerp_mode":"catmullrom"},"9.25":{"post":[-7.52832,4.95712,-0.65426],"lerp_mode":"catmullrom"},"9.45":{"post":[-5.02832,4.95712,-0.65426],"lerp_mode":"catmullrom"},"9.95":{"post":[-6.02832,4.95712,-0.65426],"lerp_mode":"catmullrom"},"10.2":{"post":[-4.17118,4.95712,-0.65426],"lerp_mode":"catmullrom"},"10.5":{"post":[-7.52832,4.95712,-0.65426],"lerp_mode":"catmullrom"},"10.8":{"post":[-7.52832,4.95712,-0.65426],"lerp_mode":"catmullrom"},"11.0":{"post":[-5.02832,4.95712,-0.65426],"lerp_mode":"catmullrom"},"11.5":{"post":[-6.02832,4.95712,-0.65426],"lerp_mode":"catmullrom"},"11.75":{"post":[-4.17118,4.95712,-0.65426],"lerp_mode":"catmullrom"},"12.05":{"post":[-7.52832,4.95712,-0.65426],"lerp_mode":"catmullrom"},"12.35":{"post":[-7.52832,4.95712,-0.65426],"lerp_mode":"catmullrom"},"12.55":{"post":[-5.02832,4.95712,-0.65426],"lerp_mode":"catmullrom"},"13.05":{"post":[-6.02832,4.95712,-0.65426],"lerp_mode":"catmullrom"},"13.3":{"post":[-4.17118,4.95712,-0.65426],"lerp_mode":"catmullrom"},"13.6":{"post":[-7.52832,4.95712,-0.65426],"lerp_mode":"catmullrom"}}},"arm":{"rotation":{"3.5":[0,0,0],"4.0":[7.5,0,0],"4.15":[0,0,0],"4.45":[10,0,0],"4.5":[15,0,0],"4.55":[-10,0,0],"4.7":[10,0,0],"4.75":[-2.5,0,0],"4.85":[5,0,0],"4.9":[0,0,0],"4.95":[2.5,0,0],"5.05":[-12.5,0,0],"5.1":[7.5,0,0],"5.2":[0,0,0],"5.3":[0,0,0],"5.55":[7.5,0,0],"5.7":[0,0,0],"6.0":[10,0,0],"6.05":[15,0,0],"6.1":[-10,0,0],"6.25":[10,0,0],"6.3":[-2.5,0,0],"6.4":[5,0,0],"6.45":[0,0,0],"6.5":[2.5,0,0],"6.6":[-12.5,0,0],"6.65":[7.5,0,0],"6.75":[0,0,0],