{"format_version":"1.8.0","animations":{"animation.spark.cutscene.astromech.shot01":{"animation_length":14.2,"loop":"hold_on_last_frame","bones":{"root":{"rotation":{"0.0":[0,-207.5,0],"0.05":[0,-207.89717,0],"0.3":[0,-211.67503,0],"0.5":[0,-214.00197,0],"0.55":[0,-214.35172,0],"0.6":[0,-214.57362,0],"0.65":[0,-214.6434,0],"0.7":[0,-214.52977,0],"0.75":[0,-214.19,0],"0.8":[0,-213.81142,0],"1.1":[0,-212.5032,0],"1.3":[0,-210.97881,0],"1.5":[0,-208.33152,0],"1.65":[0,-205.43228,0],"1.7":[0,-204.26988,0],"1.75":[0,-203.00222,0],"1.8":[0,-201.62497,0],"1.85":[0,-200.13436,0],"1.9":[0,-198.52471,0],"1.95":[0,-196.79208,0],"2.0":[0,-194.93081,0],"2.05":[0,-192.93594,0],"2.1":[0,-190.80137,0],"2.15":[0,-188.5218,0],"2.2":[0,-186.08971,0],"2.25":[0,-183.5,0],"2.3":[0,-183.1124,0],"2.35":[0,-184.39542,0],"2.4":[0,-182.71684,0],"2.45":[0,-175.18,0],"2.5":[0,-161.42176,0],"2.55":[0,-147.1965,0],"2.6":[0,-133.58291,0],"2.65":[0,-120.70938,0],"2.7":[0,-108.59041,0],"2.75":[0,-97.21333,0],"2.8":[0,-86.55867,0],"2.85":[0,-76.60506,0],"2.9":[0,-67.33332,0],"2.95":[0,-58.72274,0],"3.0":[0,-50.75743,0],"3.05":[0,-43.4188,0],"3.1":[0,-36.69756,0],"3.15":[0,-30.57605,0],"3.2":[0,-25.04252,0],"3.25":[0,-20.08728,0],"3.3":[0,-15.7001,0],"3.35":[0,-11.86969,0],"3.4":[0,-8.58682,0],"3.45":[0,-5.84585,0],"3.5":[0,-3.63798,0],"3.55":[0,-1.95652,0],"3.6":[0,-0.79526,0],"3.65":[0,-0.14575,0],"3.7":[0,0,0]},"position":{"0.0":[53,-88,-116],"0.05":[51.4526,-88,-112.49918],"0.1":[49.97695,-88,-109.3919],"0.15":[48.54967,-88,-106.55024],"0.2":[47.15744,-88,-103.90207],"0.25":[45.79213,-88,-101.40194],"0.3":[44.44808,-88,-99.01881],"0.35":[43.12121,-88,-96.73086],"0.4":[41.80868,-88,-94.52101],"0.45":[40.50804,-88,-92.37684],"0.5":[39.21748,-88,-90.28788],"0.55":[37.93548,-88,-88.24565],"0.6":[36.66078,-88,-86.24325],"0.65":[35.3923,-88,-84.27446],"0.7":[34.12915,-88,-82.33399],"0.75":[32.87043,-88,-80.41721],"0.8":[31.6154,-88,-78.52005],"0.85":[30.36343,-88,-76.63833],"1.1":[24.12671,-88,-67.33674],"1.15":[22.87969,-88,-65.47273],"1.2":[21.63125,-88,-63.59851],"1.25":[20.38064,-88,-61.70951],"1.3":[19.12701,-88,-59.80075],"1.35":[17.86939,-88,-57.86643],"1.4":[16.60663,-88,-55.89966],"1.45":[15.33738,-88,-53.89172],"1.5":[14.05985,-88,-51.83266],"1.55":[12.7719,-88,-49.70814],"1.6":[11.47049,-88,-47.50016],"1.65":[10.15141,-88,-45.18209],"1.7":[8.80838,-88,-42.71408],"1.75":[7.43104,-88,-40.02978],"1.8":[6,-88,-37],"1.85":[4.60903,-88,-33.78748],"1.9":[3.37473,-88,-30.70626],"1.95":[2.29702,-88,-27.75505],"2.0":[1.37384,-88,-24.93262],"2.05":[0.60023,-88,-22.23763],"2.1":[-0.03105,-88,-19.66841],"2.15":[-0.53069,-88,-17.22378],"2.2":[-0.91268,-88,-14.90189],"2.25":[-1.19431,-88,-12.7012],"2.3":[-1.39554,-88,-10.61999],"2.35":[-1.5393,-88,-8.65633],"2.4":[-1.65012,-88,-6.80805],"2.45":[-1.7535,-88,-5.07306],"2.5":[-1.875,-88,-3.44878],"2.55":[-2.03905,-88,-1.9326],"2.6":[-2.26835,-88,-0.52144],"2.65":[-2.58291,-88,0.78815],"2.7":[-3,-88,2],"2.75":[-2.72109,-88,2.86067],"2.8":[-2.4961,-88,3.45181],"2.85":[-2.31612,-88,3.76602],"2.9":[-2.16732,-88,3.91208],"2.95":[-2.02504,-88,4.03147],"3.0":[-1.83544,-88,4.20313],"3.05":[-1.42,-88,4.45],"3.1":[-1.31027,-88,4.56603],"3.15":[-1.04438,-88,4.4163],"3.2":[-0.81029,-88,4.08496],"3.25":[-0.61808,-88,3.63416],"3.3":[-0.46209,-88,3.11186],"3.35":[-0.33626,-88,2.55668],"3.4":[-0.23574,-88,2.00063],"3.45":[-0.15674,-88,1.47117],"3.5":[-0.09634,-88,0.99241],"3.55":[-0.05218,-88,0.58622],"3.6":[-0.02239,-88,0.27283],"3.65":[-0.00543,-88,0.07131],"3.7":[0,-88,0],"4.25":[0,-88,0],"4.3":[0,-87.40599,0],"4.35":[0,-85.79151,0],"4.4":[0,-83.34364,0],"4.45":[0,-80.20274,0],"4.5":[0,-76.47687,0],"4.55":[0,-72.25094,0],"4.6":[0,-67.59264,0],"4.65":[0,-62.56225,0],"4.7":[0,-57.2087,0],"4.75":[0,-51.57858,0],"4.8":[0,-45.71469,0],"4.85":[0,-39.65963,0],"4.9":[0,-33.45894,0],"4.95":[0,-27.16516,0],"5.0":[0,-20.84625,0],"5.05":[0,-14.6014,0],"5.1":[0,-8.60192,0],"5.15":[0,-3.2286,0],"5.2":[0,0,0]}},"body":{"rotation":{"0.0":[-15,0,0],"0.65":[-15.0298,0,0],"1.3":[-15.04718,0,0],"1.95":[-15.03966,0,0],"2.4":[-15,0,0],"2.65":[-14.26759,0,0],"2.9":[-12.03922,0,0],"3.35":[-4.95756,0,0],"3.55":[-1.94477,0,0],"3.65":[-0.88223,0,0],"3.7":[-0.49875,0,0],"3.75":[-0.22238,0,0],"3.8":[-0.05563,0,0],"3.85":[0,0,0]},"position":{"0.0":[0,0,0],"0.05":[0,0.1,0],"0.1":[0,0,0],"0.15":[0,0.1,0],"0.2":[0,0,0],"0.25":[0,-0.05,0],"0.3":[0,0.1,0],"0.35":[0,0,0],"0.4":[0,0.1,0],"0.45":[0,0,0],"0.5":[0,0.1,0],"0.55":[0,0,0],"0.6":[0,-0.05,0],"0.65":[0,0.1,0],"0.7":[0,0,0],"0.75":[0,0.1,0],"0.8":[0,0,0],"0.85":[0,0.1,0],"0.9":[0,0,0],"0.95":[0,-0.05,0],"1.0":[0,0.1,0],"1.05":[0,0,0]}},"head":{"rotation":{"0.0":[0,353,0],"0.05":[0,356.22157,0],"0.1":[0,341.59203,0],"0.15":[0,325.5,0],"0.2":[0,315.97931,0],"0.25":[0,312.52133,0],"0.3":[0,313.24026,0],"0.35":[0,317.00852,0],"0.4":[0,323.06467,0],"0.45":[0,330.83932,0],"0.5":[0,339.85244,0],"0.55":[0,349.63061,0],"0.6":[0,359.59424,0],"0.65":[0,368.78617,0],"0.7":[0,374.68,0],"0.75":[0,373.84507,0],"0.8":[0,367.39975,0],"0.85":[0,357.37325,0],"0.9":[0,348.08517,0],"0.95":[0,342.54,0],"1.0":[0,341.44954,0],"1.05":[0,341.64969,0],"1.1":[0,342.23976,0],"1.15":[0,343.0252,0],"1.45":[0,348.88091,0],"1.6":[0,351.48982,0],"1.65":[0,352.16271,0],"1.7":[0,352.67054,0],"1.75":[0,352.93837,0],"1.8":[0,352.828,0],"1.85":[0,352.01305,0],"1.9":[0,348.98,0],"1.95":[0,346.51705,0],"2.0":[0,352.53932,0],"2.05":[0,362.77242,0],"2.1":[0,369.63335,0],"2.15":[0,368.56,0],"2.2":[0,367.29836,0],"2.25":[0,370.06742,0],"2.3":[0,374.50909,0],"2.35":[0,379.75047,0],"2.45":[0,390.98823,0],"2.5":[0,396.49551,0],"2.55":[0,401.6945,0],"2.6":[0,406.43897,0],"2.65":[0,410.58706,0],"2.7":[0,413.99362,0],"2.75":[0,416.5,0],"2.8":[0,417.92474,0],"2.85":[0,418.14741,0],"2.9":[0,417.07318,0],"2.95":[0,414.59103,0],"3.0":[0,410.56819,0],"3.05":[0,404.84994,0],"3.1":[0,397.24617,0],"3.15":[0,387.52451,0],"3.2":[0,375.39619,0],"3.25":[0,360.5,0],"3.3":[0,348.35542,0],"3.35":[0,342.11831,0],"3.4":[0,339.43288,0],"3.45":[0,338.85322,0],"3.5":[0,339.04438,0],"3.55":[0,337.5,0],"3.6":[0,334.28735,0],"3.65":[0,332.42003,0],"3.7":[0,331.24529,0],"3.75":[0,330.58737,0],"3.8":[0,330.39366,0],"3.85":[0,330.67472,0],"3.9":[0,331.5,0],"3.95":[0,333.02263,0],"4.0":[0,335.26598,0],"4.1":[0,340.73592,0],"4.15":[0,342.75853,0],"4.2":[0,343.5,0],"4.25":[0,341.69956,0],"4.35":[0,328.30044,0],"4.4":[0,326.5,0],"4.45":[0,328.08862,0],"4.55":[0,339.91138,0],"4.6":[0,341.5,0],"4.65":[0,343.46243,0],"4.7":[0,349.08346,0],"4.75":[0,357.53949,0],"4.8":[0,367.64994,0],"4.85":[0,378.25778,0],"4.9":[0,388.5,0],"4.95":[0,393.60665,0],"5.0":[0,392.17396,0],"5.05":[0,386.94108,0],"5.1":[0,379.52505,0],"5.15":[0,371.0563,0],"5.2":[0,362.44355,0],"5.25":[0,354.52657,0],"5.3":[0,348.19193,0],"5.35":[0,344.5,0],"5.4":[0,343.55232,0],"5.45":[0,344.31636,0],"5.5":[0,346.41898,0],"5.55":[0,349.4929,0],"5.65":[0,356.88251,0],"5.7":[0,360.0427,0],"5.75":[0,361.5,0],"5.8":[0,360.31747,0],"5.85":[0,358.13254,0],"5.9":[0,355.56296,0],"6.1":[0,344.19932,0],"6.15":[0,341.43704,0],"6.2":[0,338.86746,0],"6.25":[0,336.68253,0],"6.3":[0,335.5,0]}},"leg_middle":{"position":{"0.0":[0,0,-3],"0.65":[0,0,-2.99386],"1.3":[0,0,-2.98929],"1.95":[0,0,-2.98794],"2.6":[0,0,-2.99561],"2.7":[0,0,-3],"2.75":[0,0,-2.99043],"2.8":[0,0,-2.95534],"2.85":[0,0,-2.89399],"2.9":[0,0,-2.80603],"2.95":[0,0,-2.69131],"3.0":[0,0,-2.55027],"3.05":[0,0,-2.38387],"3.1":[0,0,-2.1938],"3.15":[0,0,-1.98277],"3.2":[0,0,-1.75455],"3.4":[0,0,-0.78601],"3.45":[0,0,-0.56765],"3.5":[0,0,-0.37534],"3.55":[0,0,-0.21677],"3.6":[0,0,-0.09834],"3.65":[0,0,-0.02498],"3.7":[0,0,0]}},"leg_left":{"position":{"0.0":[0,0,0],"0.05":[0,0,0],"0.1":[0,0,0],"0.15":[0,0,0],"0.2":[0,0,0],"0.25":[0,0,0],"0.3":[0,0.3,0],"0.35":[0,0,0],"0.4":[0,0,0],"0.45":[0,0,0],"0.5":[0,0,0],"0.55":[0,0.3,0],"0.6":[0,0.1,0],"0.65":[0,0.2,0],"0.7":[0,0,0],"0.8":[0,0.3,0],"0.85":[0,0,0],"0.9":[0,0,0],"0.95":[0,0,0],"1.0":[0,0,0],"1.05":[0,0,0],"1.1":[0,0.3,0],"1.15":[0,0,0],"1.2":[0,0,0],