{"format_version":"1.8.0","animations":{"animation.cutscene.eta2.ch08_c11_s3":{"loop":"hold_on_last_frame","animation_length":12.88,"bones":{"ship2":{"rotation":{"0.0":[10,-3,0],"0.52":[6.68326,-2.6004,0],"1.04":[4.07438,-2.1181,0],"1.56":[1.81633,-1.56922,0],"2.08":[0.1319,-0.8863,0],"2.28":[0,-0.5,0],"2.8":[1.82775,-0.71348,0.01348],"3.32":[4.01249,-0.54284,0.01617],"3.6":[5,0.7,0],"3.64":[5.1016,1.01381,-0.00851],"3.68":[5.19406,1.46742,-0.02636],"3.72":[5.27915,2.05389,-0.05233],"3.76":[5.35803,2.7658,-0.08532],"3.8":[5.43141,3.59549,-0.12433],"3.84":[5.49983,4.53733,-0.16847],"4.0":[5.73007,9.30078,-0.38187],"4.2":[5.93162,17.11204,-0.68614],"4.48":[6.06152,30.53823,-1.07203],"5.0":[5.76985,59.11254,-1.14673],"5.24":[5.32551,71.92305,-0.56302],"5.36":[5,77.71075,0],"5.6":[4.37649,87.65324,0.90974],"5.96":[3.90982,99.71245,1.2616],"6.48":[3.61762,113.85912,0.71091],"6.8":[3.08878,122.4271,0.0531],"6.84":[3,123.60958,0],"7.36":[0.92564,142.65769,0],"7.76":[-1.75494,159.12181,0],"7.96":[-2.52328,166.91049,0],"8.0":[-2.5,168.33274,0],"8.04":[-2.46941,169.65636,0],"8.08":[-2.49256,170.86069,0],"8.12":[-2.55911,171.95141,0],"8.16":[-2.66062,172.93446,0],"8.32":[-3.29194,175.91361,0],"8.56":[-4.45396,178.20096,0],"8.92":[-5.4968,178.9967,0],"8.96":[-5.5,179,0],"9.48":[-4.23791,179.25351,0],"10.0":[-2.37444,179.66145,0],"10.4":[-1.061,179.98219,0],"10.44":[-1,180,0],"10.96":[1.24894,180,0],"11.28":[2,180,0],"11.8":[1.4139,179.84306,0],"12.32":[0.59247,179.67017,0],"12.84":[0.00607,179.5072,0],"12.88":[0,179.5,0]},"position":{"0.16":[1670,616,3852],"0.2":[1671.85975,611.19117,3813.19725],"0.24":[1673.50441,606.6715,3773.87859],"0.28":[1674.96971,602.42738,3734.25731],"0.32":[1676.28114,598.42833,3694.43153],"0.36":[1677.45981,594.66484,3654.46138],"0.4":[1678.52586,591.10895,3614.38195],"0.44":[1679.48779,587.75464,3574.21858],"0.48":[1680.362,584.58552,3533.98996],"0.52":[1681.15163,581.58643,3493.70965],"0.56":[1681.86933,578.74754,3453.38638],"0.6":[1682.52092,576.06481,3413.03029],"0.64":[1683.10995,573.52455,3372.64699],"0.68":[1683.64248,571.11824,3332.24196],"0.72":[1684.12342,568.83883,3291.82028],"0.76":[1684.55639,566.67974,3251.38568],"0.8":[1684.94467,564.63486,3210.94147],"0.84":[1685.29123,562.69852,3170.49057],"0.88":[1685.59876,560.86541,3130.05945],"0.92":[1685.8697,559.13055,3089.57889],"0.96":[1686.10628,557.48932,3049.12258],"1.0":[1686.31055,555.93735,3008.66856],"1.04":[1686.48435,554.47058,2968.21858],"1.08":[1686.62942,553.08515,2927.77424],"1.12":[1686.74732,551.77747,2887.33699],"1.16":[1686.8395,550.54412,2846.90819],"1.2":[1686.90665,549.3819,2806.48909],"1.24":[1686.95024,548.28777,2766.08086],"1.28":[1686.97184,547.25886,2725.68547],"1.32":[1686.97253,546.29245,2685.30339],"1.36":[1686.9533,545.38595,2644.93559],"1.4":[1686.91487,544.5369,2604.583],"1.44":[1686.85734,543.74297,2564.24779],"1.48":[1686.78256,543.00194,2523.93025],"1.52":[1686.69131,542.31237,2483.63091],"1.56":[1686.5843,541.6725,2443.3512],"1.6":[1686.46117,541.07934,2403.09318],"1.64":[1686.32351,540.53101,2362.8562],"1.68":[1686.17207,540.0257,2322.64137],"1.72":[1686.00745,539.56168,2282.45191],"1.76":[1685.82908,539.13726,2242.28634],"1.8":[1685.63865,538.75105,2202.14592],"1.84":[1685.43665,538.40255,2162.03421],"1.88":[1685.22323,538.08883,2121.94934],"1.92":[1684.99854,537.80841,2081.89324],"1.96":[1684.76373,537.55984,2041.86894],"2.0":[1684.5192,537.34172,2001.87463],"2.04":[1684.26473,537.15267,1961.91342],"2.08":[1684.00119,536.9919,1921.98695],"2.12":[1683.7292,536.85802,1882.09397],"2.16":[1683.44899,536.74908,1842.23916],"2.2":[1683.16049,536.66381,1802.42209],"2.24":[1682.86469,536.60092,1762.64251],"2.28":[1682.56193,536.55914,1722.90681],"2.32":[1682.25231,536.53721,1683.21227],"2.36":[1681.93618,536.5341,1643.56024],"2.4":[1681.61419,536.54863,1603.95761],"2.44":[1681.28669,536.57908,1564.40079],"2.48":[1680.95381,536.6242,1524.89238],"2.52":[1680.61596,536.68269,1485.43913],"2.56":[1680.2737,536.75324,1446.03787],"2.6":[1679.92738,536.83455,1406.69102],"2.64":[1679.57732,536.92525,1367.40714],"2.68":[1679.22377,537.02397,1328.18275],"2.72":[1678.86732,537.1293,1289.02059],"2.76":[1678.50837,537.23977,1249.92795],"2.8":[1678.14732,537.35391,1210.9062],"2.84":[1677.7846,537.47014,1171.95664],"2.88":[1677.42066,537.58684,1133.08306],"2.92":[1677.05597,537.70236,1094.29407],"2.96":[1676.69107,537.81497,1055.59128],"3.0":[1676.32649,537.92287,1016.97801],"3.04":[1675.96279,538.02413,978.45959],"3.08":[1675.60057,538.11667,940.04189],"3.12":[1675.24049,538.19842,901.73223],"3.16":[1674.88325,538.26713,863.53967],"3.2":[1674.5296,538.32043,825.46869],"3.24":[1674.18038,538.35579,787.52784],"3.28":[1673.83649,538.37052,749.72666],"3.32":[1673.49892,538.36174,712.07577],"3.36":[1673.169,538.32587,674.58701],"3.4":[1672.84793,538.25896,637.27371],"3.44":[1672.53701,538.15813,600.15084],"3.48":[1672.23776,538.01949,563.24183],"3.52":[1671.95275,537.83633,526.56444],"3.56":[1671.68359,537.60527,490.13959],"3.6":[1671.43321,537.32046,453.9936],"3.64":[1671.20465,536.97358,418.18071],"3.68":[1671.00229,536.55954,382.71842],"3.72":[1670.83036,536.0676,347.68708],"3.76":[1670.69529,535.48864,313.13554],"3.8":[1670.60534,534.81234,279.16041],"3.84":[1670.57125,534.02377,245.8892],"3.88":[1670.60757,533.10517,213.49374],"3.92":[1670.73894,532.03866,182.21795],"3.96":[1671,530.8,152.5],"4.0":[1670.89049,529.44481,123.77617],"4.04":[1669.87963,528.049,95.07528],"4.08":[1667.92533,526.60795,66.41804],"4.12":[1665.02403,525.11452,37.82968],"4.16":[1661.1542,523.56357,9.33572],"4.2":[1656.28999,521.94729,-19.03248],"4.24":[1650.42122,520.25671,-47.24066],"4.28":[1643.5346,518.4818,-75.25173],"4.32":[1635.61796,516.61146,-103.02395],"4.36":[1626.6623,514.6333,-130.51189],"4.4":[1616.66162,512.53007,-157.66413],"4.44":[1605.60618,510.28604,-184.42784],"4.48":[1593.50482,507.88106,-210.74838],"4.52":[1580.36439,505.29309,-236.56014],"4.56":[1566.18425,502.49492,-261.80547],"4.6":[1550.98879,499.46147,-286.42027],"4.64":[1534.78994,496.16299,-310.33741],"4.68":[1517.6205,492.57067,-333.49554],"4.72":[1499.49943,488.65541,-355.83578],"4.76":[1480.47255,484.39573,-377.30255],"4.8":[1460.57976,479.77528,-397.84638],"4.84":[1439.8621,474.78973,-417.42534],"4.88":[1418.37657,469.44849,-436.00611],"4.92":[1396.18037,463.77489,-453.56484],"4.96":[1373.33455,457.80444,-470.0877],"5.0":[1349.90414,451.58158,-485.57103],"5.04":[1325.95576,445.15536,-500.0211],"5.08":[1301.5621,438.57503,-513.45362],"5.12":[1276.79621,431.88571,-525.8929],"5.16":[1251.73145,425.12681,-537.37082],"5.2":[1226.44123,418.33113,-547.91514],"5.24":[1200.99776,411.52516,-557.57561],"5.28":[1175.47298,404.72932,-566.38726],"5.32":[1149.93615,397.95904,-574.40188],"5.36":[1124.45346,391.22584,-581.66264],"5.4":[1099.0888,384.53779,-588.21269],"5.44":[1073.9,377.9,-594.1],"5.48":[1048.66792,371.32875,-599.37027],"5.52":[1023.16534,364.83409,-604.05428],"5.56":[997.43085,358.41605,-608.16736],"5.6":[971.51047,352.0726,-611.72442],"5.64":[945.44551,345.80321,-614.74],"5.68":[919.28106,339.60607,-617.22826],"5.72":[893.05992,333.48073,-619.20303],"5.76":[866.82589,327.42497,-620.67784],"5.8":[840.62207,321.43898,-621.66592],"5.84":[814.49038,315.52033,-622.18026],"5.88":[788.47354,309.66819,-622.23358],"5.92":[762.61052,303.8818,-621.83836],"5.96":[736.94332,298.15926,-621.00626],"6.0":[711.50794,292.49941,-619.75035],"6.04":[686.34224,286.90142,-618.08266],"6.08":[661.48265,281.36378,-616.01502],"6.12":[636.96075,275.88501,-613.55921],"6.16":[612.80984,270.46379,-610.72687],"6.2":[589.06216,265.09878,-607.52961],"6.24":[565.74373,259.78855,-603.97897],"6.28":[542.88153,254.53163,-600.08574],"6.32":[520.50078,249.32647,-595.86185],"6.36":[498.62486,244.17147,-591.31899],"6.4":[477.27627,239.06493,-586.46876],"6.44":[456.47355,234.00509,-581.32281],"6.48":[436.23397,228.99048,-575.8929],"6.52":[416.57342,224.01878,-570.19088],"6.56":[397.50835,219.08791,-564.2275],"6.6":[379.05018,214.19618,-558.01533],