{"format_version":"1.8.0","animations":{"animation.cutscene.eta2.ch10_c01_s2":{"loop":"hold_on_last_frame","animation_length":12.88,"bones":{"bone":{"position":[0,-15.5,0],"scale":[800,1,800]},"ship2":{"rotation":{"0.0":[10,7,0],"0.52":[7.18428,9.23606,0],"1.04":[4.50351,11.66591,0],"1.56":[2.06183,14.06363,0],"2.08":[0.1741,16.306,0],"2.28":[0,17,0],"2.8":[1.82775,15.75213,0.01348],"3.2":[3.51975,14.59677,0.01884],"3.56":[4.88521,15.47311,0.0032],"3.6":[5,15.7,0],"4.0":[5.703,18.73485,-0.26182],"4.2":[5.89513,21.14058,-0.57455],"4.36":[5.99891,24.05093,-0.90794],"4.52":[6.05,28.34,-1.22],"4.92":[6.04553,41.19151,-1.59926],"4.96":[6,42.53,-1.56],"5.0":[5.9624,43.93253,-1.52033],"5.2":[6.02264,52.23878,-1.58176],"5.28":[5.87,55.73,-1.32],"5.32":[5.81871,57.49899,-1.06852],"5.36":[6.01445,59.46283,-0.80036],"5.4":[5.97971,61.66191,-0.5408],"5.44":[5.84107,64.07305,-0.31316],"5.48":[5.65945,66.63935,-0.13581],"5.6":[5,74.81075,0],"5.64":[4.88001,77.36186,-0.03526],"5.68":[4.76483,79.6625,-0.05305],"6.2":[3.87726,105.02545,-0.07434],"6.72":[3.30239,128.32278,-0.01362],"6.84":[3,133.60958,0],"7.24":[1.65607,150.99868,0],"7.48":[0.70258,160.45461,0],"7.68":[0.45158,167.14431,0],"7.72":[0.5,168.33274,0],"7.88":[0.73656,172.57746,0],"8.04":[0.81736,175.6747,0],"8.2":[0.63528,177.25984,0],"8.44":[0.09,177.24,0],"8.96":[-3.04406,177.05722,0],"9.4":[-6.15754,178.04314,0],"9.64":[-6.98747,178.84603,0],"9.68":[-7,179,0],"10.2":[-5.73618,180.05903,0],"10.64":[-2.99166,180.03239,0],"10.8":[-1.4,180,0],"11.04":[1.03295,180,0],"11.48":[2,180,0],"12.0":[1.30576,179.87197,0],"12.52":[0.35503,179.64995,0],"12.88":[0,179.5,0]},"position":{"0.0":[3325,616,4476],"0.04":[3319.11868,611.22627,4436.82852],"0.08":[3312.41153,606.8002,4396.65891],"0.12":[3305.01613,602.70282,4355.90287],"0.16":[3297.02315,598.89098,4314.71873],"0.2":[3288.52667,595.35605,4273.23792],"0.24":[3279.59466,592.06075,4231.51886],"0.28":[3270.25897,588.9885,4189.60749],"0.32":[3260.58154,586.13233,4147.53176],"0.36":[3250.58809,583.46712,4105.32044],"0.4":[3240.30498,580.98031,4062.98902],"0.44":[3229.76548,578.66043,4020.55549],"0.48":[3218.98933,576.49694,3978.02686],"0.52":[3207.99414,574.48018,3935.4152],"0.56":[3196.79325,572.60209,3892.72891],"0.6":[3185.40293,570.85385,3849.97429],"0.64":[3173.83765,569.22694,3807.15684],"0.68":[3162.10863,567.71446,3764.28137],"0.72":[3150.22604,566.31,3721.35213],"0.76":[3138.1991,565.00759,3678.37287],"0.8":[3126.03624,563.80298,3635.34692],"0.84":[3113.74211,562.69012,3592.27725],"0.88":[3101.32602,561.66394,3549.16649],"0.92":[3088.79474,560.71985,3506.01572],"0.96":[3076.15426,559.85357,3462.82735],"1.0":[3063.41005,559.06104,3419.60422],"1.04":[3050.56718,558.3385,3376.34809],"1.08":[3037.62898,557.68235,3333.05964],"1.12":[3024.59664,557.08957,3289.73921],"1.16":[3011.47863,556.5592,3246.39008],"1.2":[2998.27867,556.08553,3203.01344],"1.24":[2985.00021,555.66569,3159.60729],"1.28":[2971.64093,555.29694,3116.17566],"1.32":[2958.20875,554.97666,3072.71933],"1.36":[2944.70724,554.70457,3029.23623],"1.4":[2931.13784,554.47658,2985.73024],"1.44":[2917.49903,554.28971,2942.20078],"1.48":[2903.79848,554.14177,2898.64768],"1.52":[2890.0383,554.03115,2855.07363],"1.56":[2876.21547,553.95725,2811.47628],"1.6":[2862.33602,553.91591,2767.8585],"1.64":[2848.40289,553.90524,2724.21983],"1.68":[2834.41401,553.92338,2680.56012],"1.72":[2820.37274,553.97049,2636.88154],"1.76":[2806.28284,554.04265,2593.1814],"1.8":[2792.14254,554.13808,2549.46325],"1.84":[2777.95409,554.25511,2505.72478],"1.88":[2763.72128,554.3934,2461.96795],"1.92":[2749.44245,554.54987,2418.19223],"1.96":[2735.11945,554.72276,2374.3976],"2.0":[2720.7558,554.91047,2330.5853],"2.04":[2706.34988,555.11219,2286.75353],"2.08":[2691.90338,555.32543,2242.90501],"2.12":[2677.41945,555.54844,2199.0367],"2.16":[2662.89671,555.77966,2155.1516],"2.2":[2648.33646,556.01774,2111.2477],"2.24":[2633.74163,556.26068,2067.32616],"2.28":[2619.11135,556.5067,2023.38677],"2.32":[2604.44609,556.75417,1979.42871],"2.36":[2589.74882,557.00136,1935.45375],"2.4":[2575.01953,557.24631,1891.45891],"2.44":[2560.25721,557.48731,1847.44702],"2.48":[2545.46522,557.72254,1803.41602],"2.52":[2530.64421,557.95015,1759.3665],"2.56":[2515.7928,558.16797,1715.29892],"2.6":[2500.91331,558.37373,1671.21091],"2.64":[2486.00697,558.56572,1627.10465],"2.68":[2471.0744,558.7418,1582.97842],"2.72":[2456.11436,558.89974,1538.83185],"2.76":[2441.12952,559.0372,1494.66585],"2.8":[2426.12055,559.15172,1450.47826],"2.84":[2411.0881,559.23982,1406.26938],"2.88":[2396.03238,559.29963,1362.03946],"2.92":[2380.9538,559.3283,1317.78674],"2.96":[2365.85391,559.32282,1273.51044],"3.0":[2350.73342,559.27999,1229.21094],"3.04":[2335.59302,559.19638,1184.8873],"3.08":[2320.43348,559.06838,1140.53747],"3.12":[2305.25557,558.89209,1096.16077],"3.16":[2290.06014,558.66334,1051.75669],"3.2":[2274.84807,558.37768,1007.32387],"3.24":[2259.6203,558.03028,962.86075],"3.28":[2244.37786,557.61597,918.36562],"3.32":[2229.12183,557.12915,873.83652],"3.36":[2213.85341,556.56374,829.27129],"3.4":[2198.57388,555.91106,784.66742],"3.44":[2183.28468,555.16384,740.02213],"3.48":[2167.98734,554.31529,695.33218],"3.52":[2152.68354,553.35666,650.59391],"3.56":[2137.37518,552.27445,605.80308],"3.6":[2122.0647,551.05635,560.95479],"3.64":[2106.75472,549.69419,516.03867],"3.68":[2091.44837,548.16241,471.05123],"3.72":[2076.14954,546.45427,425.97824],"3.76":[2060.86266,544.53559,380.80951],"3.8":[2045.59396,542.39169,335.52542],"3.84":[2030.35101,539.99014,290.09965],"3.88":[2015.14379,537.28766,244.49594],"3.92":[1999.98724,534.24301,198.66285],"3.96":[1984.9,530.8,152.5],"4.0":[1969.73611,527.13346,106.30516],"4.04":[1954.32162,523.47143,60.49824],"4.08":[1938.64053,519.81358,15.13302],"4.12":[1922.67624,516.15958,-29.74711],"4.16":[1906.41038,512.50876,-74.0865],"4.2":[1889.82234,508.86042,-117.82326],"4.24":[1872.8969,505.21365,-160.90023],"4.28":[1855.60856,501.56726,-203.25228],"4.32":[1837.9403,497.91976,-244.80864],"4.36":[1819.86693,494.26932,-285.49685],"4.4":[1801.36567,490.61351,-325.24792],"4.44":[1782.41584,486.94948,-363.98442],"4.48":[1762.99227,483.27358,-401.62687],"4.52":[1743.07646,479.58141,-438.10411],"4.56":[1722.65088,475.86732,-473.34465],"4.6":[1701.69331,472.12496,-507.26771],"4.64":[1680.19512,468.34646,-539.8181],"4.68":[1658.14722,464.52297,-570.93638],"4.72":[1635.54639,460.64456,-600.5718],"4.76":[1612.39692,456.70089,-628.68371],"4.8":[1588.71124,452.68143,-655.24264],"4.84":[1564.51014,448.5769,-680.23105],"4.88":[1539.822,444.38021,-703.64256],"4.92":[1514.68171,440.08731,-725.48312],"4.96":[1489.1362,435.69754,-745.77382],"5.0":[1463.23488,431.21373,-764.54543],"5.04":[1437.03007,426.64169,-781.83939],"5.08":[1410.58041,421.98951,-797.70659],"5.12":[1383.94245,417.26588,-812.19658],"5.16":[1357.1716,412.48049,-825.3771],"5.2":[1330.32058,407.64218,-837.31803],"5.24":[1303.43811,402.7593,-848.08192],"5.28":[1276.56798,397.83907,-857.74508],"5.32":[1249.74838,392.88803,-866.38058],"5.36":[1223.01328,387.91151,-874.0566],"5.4":[1196.38945,382.91417,-880.83931],"5.44":[1169.9,377.9,-886.8],"5.48":[1143.54605,372.89638,-892.0982],"5.52":[1117.31723,367.92732,-896.85601],"5.56":[1091.21851,362.99252,-901.07438],"5.6":[1065.25482,358.09045,-904.75411],"5.64":[1039.43109,353.22066,-907.8959],"5.68":[1013.75227,348.38164,-910.50029],"5.72":[988.22327,343.57301,-912.56771],"5.76":[962.84975,338.7932,-914.09847],"5.8":[937.63605,334.04156,-915.09272],"5.84":[912.58696,329.31693,-915.55051],"5.88":[887.7074,324.61814,-915.47173],"5.92":[863.00224,319.94441,-914.85616],"5.96":[838.47638,315.29445,-913.70343],"6.0":[814.1347,310.6671,-912.01303],"6.04":[789.98259,306.06124,-909.78431],"6.08":[766.02488,301.47582,-907.0165],"6.12":[742.26598,296.9095,-903.70866],"6.16":[718.71073,292.36099,-899.85972],"6.2":[695.36395,287.82899,-895.46845],"6.24":[672.23049,283.31213,-890.53347],"6.28":[649.31516,278.80897,-885.05327],"6.32":[626.62275,274.31801,-879.02506],