{"format_version":"1.8.0","animations":{"animation.cutscene.eta2.ch09_c01_s2":{"loop":"hold_on_last_frame","animation_length":10,"bones":{"ship":{"rotation":{"0.0":[48.37712,-14.5,-70],"0.52":[37.54241,-17.6225,-57.43827],"1.04":[27.27962,-19.67971,-46.06914],"1.56":[17.86512,-20.23767,-35.85279],"2.04":[10.35696,-18.79348,-27.42893],"2.44":[5.4839,-15.48752,-21.15317],"2.88":[2.30569,-9.11999,-15.06188],"3.24":[1.4319,-3.0632,-10.76752],"3.48":[1.11,-0.1,-8.25],"4.0":[-1.16985,3.41227,-2.814],"4.52":[-5.1048,4.79897,1.7187],"5.04":[-9.6567,4.64285,5.14594],"5.44":[-12.79418,3.62733,6.51443],"5.6":[-13.5,3,6.5],"6.0":[-12.94492,1.42822,5.18633],"6.36":[-10.58942,0.39398,1.76019],"6.6":[-8.3,-0.1,0],"7.12":[-3.39336,-0.28589,-0.47684],"7.64":[0.05695,-0.13905,-0.22522],"8.0":[1,0,0],"8.52":[0.59615,0,0],"9.0":[0,0,0]},"position":{"0.0":[-3057,351,8000],"0.04":[-2949.33472,346.66504,7886.39884],"0.08":[-2843.12123,342.33907,7774.03581],"0.12":[-2738.50488,338.02244,7662.91753],"0.16":[-2635.50065,333.71555,7552.90006],"0.2":[-2534.17248,329.4188,7444.00066],"0.24":[-2434.64185,325.13331,7336.10364],"0.28":[-2336.90401,320.85999,7229.17802],"0.32":[-2241.03439,316.59829,7123.20538],"0.36":[-2147.15499,312.34872,7018.10686],"0.4":[-2055.25898,308.11351,6913.8498],"0.44":[-1965.40574,303.89242,6810.44358],"0.48":[-1877.66362,299.68524,6707.81638],"0.52":[-1792.12062,295.49515,6605.94197],"0.56":[-1708.77441,291.3211,6504.79636],"0.6":[-1627.66852,287.16448,6404.37142],"0.64":[-1548.84138,283.02725,6304.64228],"0.68":[-1472.32596,278.90893,6205.57682],"0.72":[-1398.19115,274.81266,6107.15725],"0.76":[-1326.42044,270.73814,6009.36703],"0.8":[-1257.02368,266.68743,5912.19076],"0.84":[-1190.00959,262.66291,5815.61408],"0.88":[-1125.38033,258.66436,5719.62996],"0.92":[-1063.13156,254.69534,5624.22566],"0.96":[-1003.27128,250.75804,5529.38248],"1.0":[-945.79236,246.85346,5435.08992],"1.04":[-890.64412,242.98429,5341.33826],"1.08":[-837.79751,239.15345,5248.11854],"1.12":[-787.21778,235.36407,5155.42252],"1.16":[-738.8649,231.61948,5063.24262],"1.2":[-692.75025,227.92328,4971.57195],"1.24":[-648.77614,224.27928,4880.40423],"1.28":[-606.88384,220.69151,4789.73381],"1.32":[-567.01637,217.16427,4699.5556],"1.36":[-529.18088,213.70381,4609.86512],"1.4":[-493.26014,210.31679,4520.65842],"1.44":[-459.17928,207.00644,4431.93211],"1.48":[-426.93625,203.78425,4343.68332],"1.52":[-396.42652,200.65438,4255.9118],"1.56":[-367.56575,197.62553,4168.61711],"1.6":[-340.36656,194.70759,4081.79473],"1.64":[-314.67014,191.91063,3995.44397],"1.68":[-290.49872,189.24471,3909.56465],"1.72":[-267.7122,186.71948,3824.15713],"1.76":[-246.3202,184.34392,3739.22228],"1.8":[-226.18308,182.12769,3654.76151],"1.84":[-207.33486,180.08088,3570.7768],"1.88":[-189.63257,178.20791,3487.27065],"1.92":[-173.06078,176.51151,3404.24617],"1.96":[-157.5683,174.9918,3321.70705],"2.0":[-143.07033,173.64406,3239.65758],"2.04":[-129.53824,172.45757,3158.10288],"2.08":[-116.93642,171.4169,3077.06247],"2.12":[-105.18761,170.50271,2996.52991],"2.16":[-94.24937,169.69252,2916.51238],"2.2":[-84.08041,168.96212,2837.01783],"2.24":[-74.65837,168.28714,2758.05503],"2.28":[-65.92687,167.64456,2679.63362],"2.32":[-57.8432,167.01385,2601.78276],"2.36":[-50.37136,166.37715,2524.50339],"2.4":[-43.47662,165.72008,2447.80281],"2.44":[-37.12554,165.03019,2371.69503],"2.48":[-31.28598,164.29925,2296.21709],"2.52":[-25.9271,163.52057,2221.37991],"2.56":[-21.01933,162.68944,2147.18936],"2.6":[-16.53437,161.80297,2073.68816],"2.64":[-12.44523,160.85985,2000.90231],"2.68":[-8.72612,159.85904,1928.83387],"2.72":[-5.35253,158.79974,1857.56679],"2.76":[-2.30704,157.68485,1787.08051],"2.8":[0.43039,156.51249,1717.46668],"2.84":[2.88866,155.28607,1648.71926],"2.88":[5.08788,154.0072,1580.95104],"2.92":[7.04706,152.67636,1514.17154],"2.96":[8.77663,151.2949,1448.45308],"3.0":[10.29175,149.86553,1383.91617],"3.04":[11.61863,148.38988,1320.61472],"3.08":[12.77228,146.86963,1258.65935],"3.12":[13.75169,145.30654,1198.17855],"3.16":[14.58483,143.70092,1139.32242],"3.2":[15.28623,142.055,1082.26749],"3.24":[15.85252,140.37113,1027.24416],"3.28":[16.31064,138.65115,974.55483],"3.32":[16.66644,136.89413,924.50761],"3.36":[16.9265,135.10265,877.6029],"3.4":[17.11,133.28,834.49],"3.44":[17.24721,131.42997,794.18745],"3.48":[17.37736,129.5634,755.21865],"3.52":[17.49942,127.67868,717.67648],"3.56":[17.61341,125.77551,681.63523],"3.6":[17.7195,123.85484,647.14884],"3.64":[17.81652,121.91563,614.25016],"3.68":[17.90492,119.9575,582.95106],"3.72":[17.98455,117.9813,553.24339],"3.76":[18.05478,115.98689,525.10068],"3.8":[18.1152,113.97415,498.48037],"3.84":[18.16596,111.94232,473.32644],"3.88":[18.20676,109.89239,449.60133],"3.92":[18.23729,107.82451,427.22155],"3.96":[18.25725,105.73891,406.1268],"4.0":[18.26617,103.6359,386.23648],"4.04":[18.26391,101.51591,367.5074],"4.08":[18.25029,99.37949,349.84679],"4.12":[18.22507,97.22728,333.19314],"4.16":[18.18799,95.06007,317.48522],"4.2":[18.13883,92.87879,302.6628],"4.24":[18.07739,90.68413,288.66716],"4.28":[18.00322,88.47755,275.44159],"4.32":[17.91629,86.26053,262.93169],"4.36":[17.81653,84.03458,251.11324],"4.4":[17.70384,81.80117,239.9161],"4.44":[17.57817,79.56229,229.30469],"4.48":[17.43938,77.3201,219.25128],"4.52":[17.28702,75.07676,209.70773],"4.56":[17.12168,72.83475,200.6453],"4.6":[16.94347,70.59667,192.04296],"4.64":[16.75191,68.36536,183.85683],"4.68":[16.54766,66.14365,176.06418],"4.72":[16.33107,63.93473,168.65302],"4.76":[16.10176,61.74169,161.59287],"4.8":[15.86087,59.56759,154.86052],"4.84":[15.6082,57.41626,148.43747],"4.88":[15.34463,55.2899,142.30616],"4.92":[15.07048,53.19324,136.44992],"4.96":[14.78641,51.12806,130.85296],"5.0":[14.49307,49.09776,125.50036],"5.04":[14.19111,47.10585,120.37798],"5.08":[13.88133,45.15344,115.47676],"5.12":[13.56442,43.24497,110.78743],"5.16":[13.24127,41.38086,106.29182],"5.2":[12.91262,39.56362,101.97859],"5.24":[12.57938,37.79525,97.83864],"5.28":[12.2423,36.07575,93.87622],"5.32":[11.90232,34.40813,90.06669],"5.36":[11.56015,32.79074,86.40301],"5.4":[11.2167,31.22637,82.89332],"5.44":[10.87268,29.71323,79.51151],"5.48":[10.52885,28.25221,76.26357],"5.52":[10.18595,26.84344,73.13784],"5.56":[9.84466,25.48474,70.12856],"5.6":[9.50553,24.17758,67.23375],"5.64":[9.16927,22.92034,64.44359],"5.68":[8.83637,21.71131,61.75693],"5.72":[8.50726,20.54967,59.16788],"5.76":[8.18239,19.43539,56.66877],"5.8":[7.86237,18.36709,54.2643],"5.84":[7.5474,17.34284,51.93795],"5.88":[7.23779,16.36151,49.69905],"5.92":[6.93381,15.42186,47.53593],"5.96":[6.63573,14.52265,45.44243],"6.0":[6.34377,13.66259,43.42813],"6.04":[6.0581,12.84035,41.47889],"6.08":[5.77887,12.05463,39.59164],"6.12":[5.50619,11.30408,37.77098],"6.16":[5.24017,10.58756,36.01117],"6.2":[4.98085,9.90493,34.30653],"6.24":[4.72827,9.25396,32.65519],"6.28":[4.48244,8.63316,31.06068],"6.32":[4.24333,8.04123,29.51767],"6.36":[4.01092,7.4787,28.02206],"6.4":[3.78551,6.94379,26.57223],"6.44":[3.56683,6.43427,25.16662],"6.48":[3.3547,5.95102,23.8064],"6.52":[3.14902,5.49243,22.48927],"6.56":[2.9503,5.05625,21.21143],"6.6":[2.75795,4.64488,19.9715],"6.64":[2.57175,4.25363,18.76817],"6.68":[2.39239,3.88532,17.60016],"6.72":[2.21902,3.53585,16.46621],"6.76":[2.05185,3.20776,15.36514],"6.8":[1.89094,2.89685,14.29576],"6.84":[1.73576,2.60646,13.25867],"6.88":[1.58691,2.33233,12.25082],"6.92":[1.44347,2.07601,11.2711],"6.96":[1.3062,1.83636,10.31851],"7.0":[1.17424,1.6116,9.39207],"7.04":[1.04808,1.40393,8.49083],"7.08":[0.9273,1.2106,7.61389],"7.12":[0.81173,1.03093,6.76036],"7.16":[0.70182,0.86644,5.92938],"7.2":[0.5967,0.71537,5.12013],"7.24":[0.49694,0.57685,4.33182],"7.28":[0.40224,0.45057,3.56366],"7.32":[0.31216,0.33801,2.81491],"7.36":[0.22716,0.23697,2.08486],"7.4":[0.14701,0.14715,1.3728],"7.44":[0.07131,0.06825,0.67807],"7.48":[0,0,0]}}}}}}
