{"format_version":"1.8.0","animations":{"animation.cutscene.eta2.ch08_c01_s2.OLD":{"loop":"hold_on_last_frame","animation_length":13.28,"bones":{"bone":{"position":[0,-33,0],"scale":[800,1,800]},"ship2":{"rotation":{"0.0":[10,-92.5,0],"0.52":[6.68326,-91.83001,0],"1.04":[4.07438,-91.13677,0],"1.56":[1.81633,-90.50625,0],"2.08":[0.1319,-90.03642,0],"2.28":[0,-90,0],"2.72":[1.45748,-91.0151,0.0104],"2.96":[2.41892,-90.71771,0.01727],"3.2":[3.39929,-88.78148,0.01916],"3.52":[4.62579,-83.81551,0.00865],"3.64":[5,-81.4,0],"4.04":[5.6823,-71.70902,-0.00129],"4.56":[6.05356,-55.75943,0.03626],"5.08":[5.77598,-37.46148,0.03334],"5.28":[5.21359,-30.37947,0.00728],"5.32":[5,-28.98925,0],"5.84":[3.62096,-8.96057,-0.05126],"6.36":[3.15191,13.45086,-0.03987],"6.84":[3,34.80958,0],"6.88":[2.88997,36.56494,0],"7.28":[0.4745,55.32453,0],"7.48":[-0.0314,64.31199,0],"7.52":[0,65.93274,0],"7.68":[-0.12294,72.21473,0],"7.84":[-0.56731,77.50448,0],"8.0":[-1.13184,81.50478,0],"8.24":[-2.05961,85.53823,0],"8.56":[-3.20389,88.36008,0],"8.72":[-3.5,89,0],"9.24":[-3.01671,89.86862,0],"9.76":[-2.39852,90.17655,0],"10.28":[-1.7559,90.20391,0],"10.8":[-1.1235,90.04681,0],"10.92":[-1,90,0],"11.4":[1.33749,90,0],"11.68":[2,90,0],"12.2":[1.30576,90,0],"12.72":[0.35503,90,0],"13.08":[0,90,0]},"position":{"0.0":[-3852,1013,937],"0.04":[-3828.73604,1008.01519,937.381],"0.08":[-3802.01673,1003.00788,938.14433],"0.12":[-3773.23279,997.97958,939.08048],"0.16":[-3743.05469,992.93277,940.11524],"0.2":[-3711.85258,987.86895,941.21263],"0.24":[-3679.85517,982.79031,942.35289],"0.28":[-3647.21509,977.69759,943.52185],"0.32":[-3614.04641,972.59291,944.71072],"0.36":[-3580.43566,967.47725,945.91296],"0.4":[-3546.42728,962.35156,947.12372],"0.44":[-3512.097,957.21726,948.33927],"0.48":[-3477.45983,952.07529,949.55645],"0.52":[-3442.56672,946.92638,950.77281],"0.56":[-3407.4416,941.77148,951.98637],"0.6":[-3372.09851,936.61151,953.19527],"0.64":[-3336.5631,931.44719,954.39798],"0.68":[-3300.85278,926.27926,955.59332],"0.72":[-3264.98141,921.10837,956.78009],"0.76":[-3228.9613,915.93516,957.95721],"0.8":[-3192.80348,910.76031,959.12363],"0.84":[-3156.51782,905.58442,960.27837],"0.88":[-3120.1132,900.40808,961.42077],"0.92":[-3083.59765,895.23183,962.55003],"0.96":[-3046.97841,890.05623,963.66542],"1.0":[-3010.26205,884.8818,964.76623],"1.04":[-2973.45457,879.70906,965.8517],"1.08":[-2936.56038,874.53851,966.92099],"1.12":[-2899.58278,869.37065,967.97363],"1.16":[-2862.52905,864.20595,969.00901],"1.2":[-2825.40347,859.04491,970.02655],"1.24":[-2788.20993,853.888,971.02564],"1.28":[-2750.95183,848.73569,972.00571],"1.32":[-2713.62865,843.58844,972.96617],"1.36":[-2676.24778,838.44672,973.90532],"1.4":[-2638.8121,833.31099,974.82342],"1.44":[-2601.32432,828.18173,975.71998],"1.48":[-2563.78306,823.0594,976.59439],"1.52":[-2526.19458,817.94447,977.44582],"1.56":[-2488.56138,812.83742,978.27222],"1.6":[-2450.88465,807.73873,979.07439],"1.64":[-2413.16446,802.64889,979.85165],"1.68":[-2375.40582,797.56839,980.60332],"1.72":[-2337.61051,792.49774,981.32639],"1.76":[-2299.77779,787.43745,982.02214],"1.8":[-2261.91107,782.38806,982.68984],"1.84":[-2224.01287,777.3501,983.32841],"1.88":[-2186.0839,772.32412,983.93474],"1.92":[-2148.12451,767.31071,984.51021],"1.96":[-2110.13834,762.31044,985.05387],"2.0":[-2072.12673,757.32393,985.5639],"2.04":[-2034.0893,752.3518,986.03773],"2.08":[-1996.02891,747.39471,986.47636],"2.12":[-1957.94738,742.45333,986.87859],"2.16":[-1919.84573,737.52838,987.24187],"2.2":[-1881.72427,732.62057,987.564],"2.24":[-1843.58585,727.73068,987.84547],"2.28":[-1805.43175,722.85951,988.08475],"2.32":[-1767.26314,718.00788,988.27937],"2.36":[-1729.08088,713.17668,988.42576],"2.4":[-1690.88729,708.36683,988.52453],"2.44":[-1652.6838,703.57928,988.57366],"2.48":[-1614.47188,698.81506,988.57098],"2.52":[-1576.253,694.07542,988.51262],"2.56":[-1538.02884,689.3618,988.39587],"2.6":[-1499.80136,684.67502,988.21968],"2.64":[-1461.57237,680.01636,987.98111],"2.68":[-1423.34381,675.38716,987.67696],"2.72":[-1385.11775,670.78887,987.30377],"2.76":[-1346.89643,666.22299,986.85776],"2.8":[-1308.68228,661.69241,986.33453],"2.84":[-1270.47796,657.19817,985.72869],"2.88":[-1232.28636,652.74181,985.03684],"2.92":[-1194.11068,648.32535,984.25365],"2.96":[-1155.95443,643.95306,983.37324],"3.0":[-1117.82153,639.62591,982.38914],"3.04":[-1079.71634,635.34597,981.29418],"3.08":[-1041.64374,631.11925,980.07778],"3.12":[-1003.61045,626.9463,978.73214],"3.16":[-965.62351,622.83245,977.24745],"3.2":[-927.68925,618.78146,975.61239],"3.24":[-889.82016,614.79839,973.81426],"3.28":[-852.02526,610.88754,971.83005],"3.32":[-814.32325,607.05749,969.64592],"3.36":[-776.72994,603.31221,967.24209],"3.4":[-739.27142,599.66012,964.58138],"3.44":[-701.98229,596.11318,961.64026],"3.48":[-664.90937,592.67975,958.37652],"3.52":[-628.127,589.37256,954.7267],"3.56":[-591.75224,586.20672,950.63169],"3.6":[-556,583.2,946],"3.64":[-521.12631,580.27242,941.03802],"3.68":[-487.10708,577.32547,936.0417],"3.72":[-453.91935,574.35693,931.00673],"3.76":[-421.54187,571.36406,925.92783],"3.8":[-389.95311,568.34434,920.80063],"3.84":[-359.13354,565.29484,915.61933],"3.88":[-329.0649,562.21203,910.37717],"3.92":[-299.73009,559.0921,905.06823],"3.96":[-271.11312,555.93091,899.68503],"4.0":[-243.20346,552.72408,894.21953],"4.04":[-215.98604,549.46696,888.66313],"4.08":[-189.44487,546.15326,883.00667],"4.12":[-163.56769,542.77826,877.24029],"4.16":[-138.35195,539.33555,871.35163],"4.2":[-113.77892,535.81862,865.33165],"4.24":[-89.83815,532.22121,859.16594],"4.28":[-66.5305,528.53716,852.84386],"4.32":[-43.83792,524.76105,846.35093],"4.36":[-21.75547,520.88772,839.67329],"4.4":[-0.28027,516.9127,832.79811],"4.44":[20.60221,512.83373,825.71172],"4.48":[40.88803,508.64999,818.40097],"4.52":[60.5912,504.36131,810.85299],"4.56":[79.71201,499.97118,803.0555],"4.6":[98.25593,495.48414,795.00001],"4.64":[116.22896,490.9058,786.6787],"4.68":[133.62986,486.24369,778.08223],"4.72":[150.46883,481.50635,769.21006],"4.76":[166.73931,476.70199,760.05935],"4.8":[182.45457,471.83972,750.63113],"4.84":[197.60371,466.92813,740.93116],"4.88":[212.20096,461.97522,730.96226],"4.92":[226.23581,456.98848,720.73628],"4.96":[239.71894,451.97471,710.2633],"5.0":[252.64181,446.9399,699.55328],"5.04":[265.0114,441.8892,688.62148],"5.08":[276.82139,436.82728,677.48195],"5.12":[288.07468,431.758,666.14926],"5.16":[298.76773,426.68465,654.6383],"5.2":[308.89856,421.61003,642.964],"5.24":[318.46735,416.53649,631.14012],"5.28":[327.4661,411.46596,619.18059],"5.32":[335.9,406.4,607.1],"5.36":[343.89049,401.34747,594.87614],"5.4":[351.57231,396.317,582.48701],"5.44":[358.93344,391.31101,569.93599],"5.48":[365.96233,386.33221,557.23029],"5.52":[372.65251,381.38337,544.38004],"5.56":[378.9946,376.46753,531.39692],"5.6":[384.97853,371.58804,518.2953],"5.64":[390.5957,366.74829,505.09229],"5.68":[395.8403,361.95204,491.80719],"5.72":[400.70534,357.20398,478.46274],"5.76":[405.18461,352.50792,465.08365],"5.8":[409.27272,347.86846,451.69646],"5.84":[412.96514,343.29043,438.32936],"5.88":[416.25829,338.77861,425.01177],"5.92":[419.1495,334.33757,411.77274],"5.96":[421.63712,329.97154,398.64197],"6.0":[423.72048,325.68427,385.64649],"6.04":[425.39993,321.47977,372.81351],"6.08":[426.67683,317.36007,360.16586],"6.12":[427.55354,313.32732,347.72469],"6.16":[428.0334,309.38146,335.50906],"6.2":[428.12039,305.52295,323.5321],"6.24":[427.81938,301.74903,311.80563],"6.28":[427.13689,298.05721,300.33836],"6.32":[426.07981,294.44363,289.13593],"6.36":[424.65579,290.90302,278.20109],"6.4":[422.8732,287.43047,267.53391],"6.44":[420.74104,284.01955,257.13201],"6.48":[418.26888,280.66409,246.99314],"6.52":[415.46463,277.35826,237.11296],"6.56":[412.33936,274.09571,227.48473],"6.6":[408.90513,270.87062,218.10093],"6.64":[405.17213,267.67763,208.95791],"6.68":[401.14854,264.51177,200.04524],"6.72":[396.84955,261.36824,191.35524],"6.76":[392.28257,258.24314,182.87992],