{"format_version":"1.8.0","animations":{"animation.spark.eta2_starfighter.planet":{"loop":"hold_on_last_frame","animation_length":13.52,"bones":{"eta_2_hs":{"rotation":{"0.0":[0,180,-5],"0.68":[0,180,-5],"0.88":[0,180,-5],"2.04":[0,180,-5]},"position":{"0.0":[-14,34,-300],"0.68":[-14,34,-1000],"0.72":[-14,34,-600],"0.76":[-14,34,-137.77],"0.8":[-14,34,-95.21],"0.84":[-14,34,-80.65],"0.88":[-14,34,-77],"2.04":[-14,34,-77]},"scale":{"0.0":[0,0,0],"0.64":[0,0,0],"0.68":[0.02,0.02,0],"0.72":[0.02,0.02,1],"0.76":[0.02,0.02,0.6],"0.8":[0.02,0.02,0.2],"0.84":[0.02,0.02,0.06],"0.88":[0.02,0.02,0.02],"2.04":[0.02,0.02,0.02]}},"planet_ph":{"rotation":[18.64189,-30.65072,13.23869],"position":[-100,-133,1333],"scale":1},"root":{"rotation":[0,0,0],"position":[0,0,0]},"ship":{"rotation":{"0.0":[0,0,0],"0.88":[0,0,0],"1.4":[0,0,-0.0521],"1.72":[0,0,0],"1.92":[0.83401,0,0.04068],"2.24":[4.62991,0,0.19447],"2.32":[5.45678,0,0.46866],"2.4":[5.98,0,1.07],"2.44":[6.10158,0,1.16051],"2.96":[6.05885,0,-1.34812],"3.48":[5.53569,0,-4.38259],"3.84":[5.23064,0,-6.04108],"3.96":[5.23,0,-6.18],"4.24":[4.92018,-0.17884,-3.65552],"4.76":[3.35365,-1.00338,4.88136],"5.2":[1.95,-2,12.34],"5.72":[0.59715,-3.67113,20.05518],"6.24":[-0.66041,-5.35293,27.32036],"6.76":[-1.84726,-6.87229,34.387],"7.28":[-2.93929,-8.12258,41.27805],"7.8":[-3.83249,-8.91075,47.8764],"7.96":[-3.9891,-8.996,49.69376],"8.0":[-4,-9,50]},"position":{"0.0":[0,0,0],"0.52":[0,0,-0.09617],"0.76":[0,0,-0.08817],"0.84":[0,0,-0.05119],"0.88":[0,0,0],"0.92":[0,0,0.48339],"0.96":[0,0,1.31412],"1.0":[0,0,2.18037],"1.04":[0,0,2.97021],"1.08":[0,0,3.64326],"1.12":[0,0,4.18706],"1.16":[0,0,4.60095],"1.2":[0,0,4.88939],"1.24":[0,0,5.05876],"1.28":[0,0,5.11579],"1.32":[0,0,5.06759],"1.36":[0,0,4.92021],"1.4":[0,0,4.68018],"1.44":[0,0,4.35289],"1.48":[0,0,3.9436],"1.52":[0,0,3.45679],"1.56":[0,0,2.89683],"1.6":[0,0,2.2676],"1.64":[0,0,1.57301],"1.68":[0,0,0.8162],"1.72":[0,0,0],"1.76":[0.52505,-0.15744,-0.55693],"1.8":[1.47856,-0.64858,-0.51813],"1.84":[2.5599,-1.15537,0.14246],"1.88":[3.67787,-1.66532,1.45473],"1.92":[4.79222,-2.17844,3.44565],"1.96":[5.88172,-2.69474,6.1414],"2.0":[6.93404,-2.50373,9.5596],"2.04":[7.94129,-1.46444,13.71353],"2.08":[8.89838,-0.48854,18.60211],"2.12":[9.80211,0.42688,24.2088],"2.16":[10.64989,1.28467,30.4942],"2.2":[11.44007,2.08758,37.38704],"2.24":[12.17167,2.83828,44.77814],"2.28":[12.84353,3.53936,52.51167],"2.32":[13.45514,4.19331,60.38223],"2.36":[14.00618,6.19339,68.13472],"2.4":[14.49599,8.19348,75.47528],"2.44":[14.92467,10.19357,82.09169],"2.48":[15.29205,12.19366,87.67218],"2.52":[15.59799,14.19375,91.94882],"2.56":[15.84215,16.19384,94.70581],"2.6":[16.02483,18.19392,95.79772],"2.64":[16.14593,20.19401,95.15313],"2.68":[16.20544,22.1941,92.77134],"2.72":[16.20343,24.19419,88.69222],"2.76":[16.14,26.19428,83],"2.8":[15.99618,28.19436,75.70295],"2.84":[15.76175,30.19445,66.75495],"2.88":[15.44452,32.19454,56.16357],"2.92":[15.05281,34.19463,43.97175],"2.96":[14.59209,36.19472,30.22564],"3.0":[14.06879,38.19481,14.99023],"3.04":[13.48797,40.19489,-1.68925],"3.08":[12.85408,42.19498,-19.74211],"3.12":[12.17115,44.19507,-39.11264],"3.16":[11.44282,45.29688,-59.74398],"3.2":[10.67228,46.17077,-81.59622],"3.24":[9.86212,46.82168,-104.60059],"3.28":[9.01559,47.2508,-128.71746],"3.32":[8.13523,47.4676,-153.90898],"3.36":[7.22239,47.4783,-180.12388],"3.4":[6.28016,47.2862,-207.32585],"3.44":[5.3097,46.8987,-235.48332],"3.48":[4.31337,46.32432,-264.55037],"3.52":[3.2921,45.56593,-294.49393],"3.56":[2.2481,44.63306,-325.29702],"3.6":[1.18228,43.53237,-356.91425],"3.64":[0.09609,42.26853,-389.32202],"3.68":[-1.00905,40.85193,-422.50595],"3.72":[-2.1321,39.28506,-456.42776],"3.76":[-3.27227,37.57919,-491.06642],"3.8":[-4.42821,35.73713,-526.4011],"3.84":[-5.599,33.7685,-562.41127],"3.88":[-6.78374,31.67857,-599.07663],"3.92":[-7.9816,29.47316,-636.3772],"3.96":[-9.19178,27.16045,-674.29327],"4.0":[-10.4135,24.74478,-712.77605],"4.04":[-11.64605,22.23232,-751.91613],"4.08":[-12.88872,19.62991,-791.58912],"4.12":[-14.14082,16.94294,-831.80578],"4.16":[-15.40171,14.17621,-872.57736],"4.2":[-16.67081,11.33469,-913.86315],"4.24":[-17.94752,8.42423,-955.66716],"4.28":[-19.23127,5.44961,-997.9655],"4.32":[-20.52152,2.41545,-1040.75839],"4.36":[-21.81775,-0.6738,-1084.01445],"4.4":[-23.11946,-3.81387,-1127.75394],"4.44":[-24.42617,-7.00062,-1171.9374],"4.48":[-25.73741,-10.23012,-1216.55966],"4.52":[-27.05274,-13.49859,-1261.63114],"4.56":[-28.37178,-16.80243,-1307.1216],"4.6":[-29.69406,-20.13821,-1353.02369],"4.64":[-31.01916,-23.50303,-1399.33015],"4.68":[-32.34669,-26.89362,-1446.04463],"4.72":[-33.67627,-30.3068,-1493.15015],"4.76":[-35.00757,-33.73979,-1540.63674],"4.8":[-36.34017,-37.19018,-1588.49753],"4.84":[-37.67373,-40.65557,-1636.72575],"4.88":[-39.00792,-44.13321,-1685.31472],"4.92":[-40.34239,-47.62108,-1734.25783],"4.96":[-41.6768,-51.11713,-1783.5486],"5.0":[-43.01086,-54.6191,-1833.1806],"5.04":[-44.34421,-58.12539,-1883.1475],"5.08":[-45.67656,-61.63398,-1933.44306],"5.12":[-47.00763,-65.1433,-1984.06113],"5.16":[-48.33706,-68.65173,-2034.99561],"5.2":[-49.6646,-72.1577,-2086.24054],"5.24":[-50.99,-75.66,-2137.79],"5.28":[-51.89831,-79.17509,-2189.9293],"5.32":[-52.04979,-82.71769,-2242.90377],"5.36":[-51.46621,-86.28818,-2296.72261],"5.4":[-50.18759,-89.88341,-2351.39493],"5.44":[-48.25922,-93.50323,-2406.9298],"5.48":[-45.69735,-97.14421,-2463.33619],"5.52":[-42.54947,-100.8044,-2520.62298],"5.56":[-38.82815,-104.48152,-2578.79898],"5.6":[-34.5682,-108.17207,-2637.87286],"5.64":[-29.79251,-111.8728,-2697.85321],"5.68":[-24.51321,-115.58005,-2758.74849],"5.72":[-18.7714,-119.28968,-2820.56704],"5.76":[-12.55478,-122.99716,-2883.31705],"5.8":[-5.90888,-126.69745,-2947.00658],"5.84":[1.15967,-130.38514,-3011.64352],"5.88":[8.6435,-134.05435,-3077.23561],"5.92":[16.51145,-137.69883,-3143.79039],"5.96":[24.76531,-141.31196,-3211.31523],"6.0":[33.38728,-144.88677,-3279.8449],"6.04":[42.35664,-148.41601,-3349.3718],"6.08":[51.6782,-151.89102,-3419.8933],"6.12":[61.33111,-155.30445,-3491.41581],"6.16":[71.30019,-158.64884,-3563.95905],"6.2":[81.5917,-161.91458,-3637.55912],"6.24":[92.18454,-165.09415,-3712.18136],"6.28":[103.06677,-168.18048,-3787.83555],"6.32":[114.24615,-171.16276,-3864.58708],"6.36":[125.70091,-174.03693,-3942.37867],"6.4":[137.42244,-176.7928,-4021.25422],"6.44":[149.41944,-179.4259,-4101.21901],"6.48":[161.66857,-181.92925,-4182.26561],"6.52":[174.16864,-184.29715,-4264.43036],"6.56":[186.91953,-186.52703,-4347.69409],"6.6":[199.9039,-188.61122,-4432.08041],"6.64":[213.12805,-190.55103,-4517.60093],"6.68":[226.57844,-192.34149,-4604.23387],"6.72":[240.25124,-193.98161,-4692.0341],"6.76":[254.14598,-195.47265,-4780.9752],"6.8":[268.24935,-196.813,-4871.05948],"6.84":[282.56817,-198.00259,-4962.29698],"6.88":[297.0852,-199.04491,-5054.71609],"6.92":[311.80898,-199.94167,-5148.29882],"6.96":[326.72362,-200.69508,-5243.04709],"7.0":[341.83411,-201.30785,-5338.96344],"7.04":[357.13089,-201.78307,-5436.0481],"7.08":[372.61046,-202.12423,-5534.29874],"7.12":[388.2742,-202.3351,-5633.71031],"7.16":[404.11193,-202.41972,-5734.27859],"7.2":[420.12111,-202.38236,-5836.00958],"7.24":[436.30366,-202.2274,-5938.87131],"7.28":[452.65062,-201.95938,-6042.84463],"7.32":[469.15884,-201.58138,-6147.93693],"7.36":[485.82493,-201.09636,-6254.09952],"7.4":[502.64517,-200.51155,-6361.3214],"7.44":[519.61543,-199.82866,-6469.54932],"7.48":[536.73107,-199.05173,-6578.76803],"7.52":[553.98683,-198.18611,-6688.90843],"7.56":[571.37781,-197.23306,-6799.91415],"7.6":[588.89916,-196.19821,-6911.71649],"7.64":[606.54038,-195.08459,-7024.23151],"7.68":[624.29599,-193.89366,-7137.35838],"7.72":[642.15281,-192.63155,-7250.97747],"7.76":[660.09658,-191.29997,-7364.95214],"7.8":[678.10738,-189.90002,-7479.10859],"7.84":[696.15687,-188.43693,-7593.24699],"7.88":[714.19967,-186.91308,-7707.12616],"7.92":[732.15965,-185.3308,-7820.4562],"7.96":[749.88663,-183.69237,-7932.88709],"8.0":[767,-182,-8044],