{"format_version":"1.8.0","animations":{"animation.cutscene.eta2.ch02_c11_s3.no":{"loop":"hold_on_last_frame","animation_length":10,"bones":{"ship":{"rotation":{"0.0":[29.29074,-18.72988,35.92525],"0.65":[25.72706,-17.93494,31.58155],"1.3":[21.46475,-17.06561,26.48318],"1.95":[16.51799,-16.18032,20.70734],"2.35":[12.69137,-15.62935,16.37628],"2.5":[10.74064,-15.42057,14.21119],"2.55":[9.95481,-15.2684,13.33309],"2.6":[9.16221,-14.96148,12.44358],"2.65":[8.36378,-14.51413,11.54423],"2.7":[7.56106,-13.94152,10.63687],"3.1":[1.40273,-6.96889,3.39898],"3.3":[-1.1161,-3.61521,0.1316],"3.5":[-3.2474,-1.39768,-2.63034],"3.6":[-4.21283,-0.84628,-3.78146],"3.65":[-4.67711,-0.72219,-4.29644],"3.9":[-6.7034,-0.47407,-5.77599],"4.35":[-8.92701,-0.33944,-5.47194],"4.85":[-9.49364,-0.41589,-2.59138],"5.0":[-9.44771,-0.45625,-1.27508],"5.05":[-9.41628,-0.45024,-0.88264],"5.7":[-8.44865,-0.33489,1.01788],"6.35":[-7.18097,-0.21416,1.63873],"7.0":[-5.70841,-0.09379,1.69559],"7.5":[-4.23764,-0.00601,1.15576],"7.55":[-4,0,1],"8.0":[-0.58918,0,0.15393],"8.2":[0.35673,0,0.09741],"8.25":[0.41,0,0],"8.9":[0.25272,0,-0.21773],"9.3":[0,0,0]},"position":{"0.0":[654,2335,10026],"0.05":[631.32725,2283.28988,9804.11508],"0.1":[610.21892,2231.27972,9609.15434],"0.15":[590.30178,2179.03143,9424.76206],"0.2":[571.3473,2126.62126,9246.5999],"0.25":[553.21205,2074.12282,9072.78033],"0.3":[535.79363,2021.61507,8902.20444],"0.35":[519.01671,1969.17737,8734.25778],"0.4":[502.82222,1916.89272,8568.46668],"0.45":[487.16452,1864.84122,8404.54535],"0.5":[472.00838,1813.10166,8242.27269],"0.55":[457.3224,1761.75887,8081.47506],"0.6":[443.07823,1710.88343,7922.01434],"0.65":[429.25567,1660.54857,7763.77948],"0.7":[415.8337,1610.82914,7606.71722],"0.75":[402.80035,1561.77899,7450.72742],"0.8":[390.13684,1513.4694,7295.79328],"0.85":[377.83088,1465.94024,7141.84252],"0.9":[365.87088,1419.25241,6988.85167],"0.95":[354.24586,1373.43203,6836.80904],"1.0":[342.94975,1328.53151,6685.67743],"1.05":[331.97183,1284.56809,6535.4444],"1.1":[321.30068,1241.56499,6386.10179],"1.15":[310.93722,1199.54877,6237.64552],"1.2":[300.86547,1158.53181,6090.08581],"1.25":[291.0893,1118.51842,5943.41508],"1.3":[281.59445,1079.51391,5797.64054],"1.35":[272.37894,1041.51924,5652.7734],"1.4":[263.44142,1004.53128,5508.82865],"1.45":[254.77276,968.54314,5365.82514],"1.5":[246.36939,933.54448,5223.78581],"1.55":[238.22788,899.53703,5082.73793],"1.6":[230.34484,866.49551,4942.71341],"1.65":[222.71698,834.3996,4803.74923],"1.7":[215.34108,803.2492,4665.90038],"1.75":[208.21398,773.01457,4529.21024],"1.8":[201.3326,743.68271,4393.73179],"1.85":[194.69387,715.2302,4259.52937],"1.9":[188.29481,687.64827,4126.6763],"1.95":[182.13246,660.9008,3995.28709],"2.0":[176.20391,634.97952,3865.44639],"2.05":[170.51251,609.8679,3737.25527],"2.1":[165.05137,585.53603,3610.91032],"2.15":[159.81654,561.96588,3486.51302],"2.2":[154.80802,539.13904,3364.337],"2.25":[150.02859,517.03683,3244.57166],"2.3":[145.46822,495.64041,3127.53419],"2.35":[141.13074,474.93079,3013.61809],"2.4":[137.01421,454.88893,2903.31742],"2.45":[133.11158,435.49581,2797.26113],"2.5":[129.43193,416.73246,2696.29944],"2.55":[125.96,398.58,2601.7],"2.6":[122.65559,381.41003,2509.50328],"2.65":[119.45122,365.40722,2415.24986],"2.7":[116.34737,350.43459,2319.99704],"2.75":[113.33444,336.36816,2224.87178],"2.8":[110.40744,323.11635,2130.96757],"2.85":[107.56624,310.57351,2039.24851],"2.9":[104.80244,298.67711,1950.47734],"2.95":[102.11271,287.38826,1865.17724],"3.0":[99.4942,276.63772,1783.67192],"3.05":[96.9459,266.3814,1706.1015],"3.1":[94.4624,256.58208,1632.49756],"3.15":[92.04116,247.2065,1562.73503],"3.2":[89.67978,238.22485,1496.69555],"3.25":[87.376,229.61034,1434.1773],"3.3":[85.12768,221.33881,1374.94885],"3.35":[82.93281,213.39716,1318.81786],"3.4":[80.7895,205.76235,1265.61085],"3.45":[78.69594,198.41199,1215.0879],"3.5":[76.65044,191.32945,1167.06323],"3.55":[74.6514,184.4996,1121.3983],"3.6":[72.69728,177.92136,1077.91707],"3.65":[70.78664,171.57656,1036.42216],"3.7":[68.91811,165.44632,996.8676],"3.75":[67.0904,159.52288,959.02282],"3.8":[65.30227,153.8125,922.89588],"3.85":[63.55253,148.28649,888.29182],"3.9":[61.84009,142.94024,855.1275],"3.95":[60.1649,137.78127,823.32617],"4.0":[58.52556,132.78245,792.81401],"4.05":[56.92054,127.94886,763.52024],"4.1":[55.34891,123.27384,735.37707],"4.15":[53.80979,118.73989,708.31974],"4.2":[52.30269,114.36423,682.28647],"4.25":[50.82822,110.11779,657.21843],"4.3":[49.38387,106.01212,633.05964],"4.35":[47.96891,102.03325,609.75694],"4.4":[46.58263,98.18017,587.33046],"4.45":[45.22655,94.45052,565.68424],"4.5":[43.89805,90.83467,544.75844],"4.55":[42.5963,87.33776,524.61013],"4.6":[41.3213,83.94511,505.11477],"4.65":[40.07388,80.66609,486.29494],"4.7":[38.8515,77.48377,468.10009],"4.75":[37.65363,74.4092,450.51666],"4.8":[36.48223,71.42541,433.50261],"4.85":[35.33461,68.5431,417.0699],"4.9":[34.21004,65.74696,401.12854],"4.95":[33.11038,63.04582,385.76492],"5.0":[32.0334,60.42727,370.86362],"5.05":[30.97817,57.89718,356.42658],"5.1":[29.94692,55.44691,342.49344],"5.15":[28.93688,53.07861,328.9808],"5.2":[27.94786,50.78797,315.87796],"5.25":[26.98158,48.57295,303.22428],"5.3":[26.03517,46.43385,290.97112],"5.35":[25.10978,44.36428,279.09253],"5.4":[24.20511,42.36918,267.57903],"5.45":[23.31932,40.43782,256.42983],"5.5":[22.45499,38.57963,245.66197],"5.55":[21.60913,36.7804,235.22803],"5.6":[20.7827,35.05182,225.11962],"5.65":[19.97567,33.37998,215.32853],"5.7":[19.18625,31.77318,205.84677],"5.75":[18.41702,30.22259,196.66656],"5.8":[17.66476,28.7319,187.78031],"5.85":[16.93137,27.29672,179.18062],"5.9":[16.21546,25.91679,170.86984],"5.95":[15.51702,24.59147,162.83302],"6.0":[14.8366,23.31722,155.05871],"6.05":[14.17239,22.09645,147.54036],"6.1":[13.52662,20.92305,140.27157],"6.15":[12.89632,19.80172,133.24611],"6.2":[12.28408,18.72454,126.45789],"6.25":[11.6873,17.69772,119.901],"6.3":[11.10762,16.7123,113.56966],"6.35":[10.54367,15.7752,107.45826],"6.4":[9.99597,14.87719,101.56154],"6.45":[9.46419,14.02515,95.88781],"6.5":[8.94792,13.2103,90.42002],"6.55":[8.4477,12.43874,85.15302],"6.6":[7.96235,11.70284,80.08179],"6.65":[7.49313,11.00724,75.20144],"6.7":[7.03821,10.3461,70.50718],"6.75":[6.59946,9.72196,65.99438],"6.8":[6.17451,9.13137,61.6585],"6.85":[5.76574,8.57421,57.49513],"6.9":[5.37035,8.04987,53.49996],"6.95":[4.9911,7.55515,49.6995],"7.0":[4.62488,7.09267,46.06226],"7.05":[4.2747,6.65714,42.58226],"7.1":[3.93737,6.2506,39.25558],"7.15":[3.61578,5.87026,36.07836],"7.2":[3.30697,5.51417,33.04685],"7.25":[3.01364,5.18407,30.18988],"7.3":[2.733,4.87567,27.48151],"7.35":[2.46762,4.58832,24.90919],"7.4":[2.21482,4.32227,22.46951],"7.45":[1.97712,4.07419,20.15911],"7.5":[1.75188,3.84283,18.01189],"7.55":[1.5416,3.62768,15.99905],"7.6":[1.34365,3.42632,14.10678],"7.65":[1.16054,3.23678,12.33201],"7.7":[0.98964,3.05731,10.69256],"7.75":[0.8335,2.886,9.19709],"7.8":[0.68944,2.72079,7.81107],"7.85":[0.56007,2.55897,6.53169],"7.9":[0.44267,2.39799,5.3801],"7.95":[0.3399,2.23502,4.363],"8.0":[0.24898,2.06691,3.44508],"8.05":[0.17266,1.89014,2.62378],"8.1":[0.1081,1.70078,1.94113],"8.15":[0.05809,1.49443,1.36622],"8.2":[0.01977,1.26614,0.88103],"8.25":[-0.00403,1.01007,0.50096],"8.3":[-0.01621,0.71834,0.25151],"8.35":[-0.0139,0.38449,0.08526],"8.4":[0,0,0]}}}}}}
