{"format_version":"1.8.0","animations":{"animation.spark.cutscene.gunship.capture_2.counter":{"loop":true,"bones":{"root":{"position":[650,75,-800],"scale":[1.5,1.5,1.5]}}},"animation.spark.cutscene.gunship.capture_2":{"loop":"hold_on_last_frame","animation_length":15.25,"bones":{"root":{"position":{"0.0":[-364,105,-500],"0.0417":[-367.20137,104.27641,-491.30292],"0.0833":[-371.27042,103.36481,-480.21343],"0.125":[-375.53886,102.40028,-468.56097],"0.1667":[-379.91036,101.41648,-456.61141],"0.2083":[-384.34823,100.41794,-444.46638],"0.25":[-388.83198,99.40883,-432.18416],"0.2917":[-393.35061,98.39183,-419.79602],"0.3333":[-397.89537,97.36834,-407.32237],"0.375":[-402.46185,96.33988,-394.78059],"0.4167":[-407.04548,95.30713,-382.17955],"0.4583":[-411.64381,94.27072,-369.52748],"0.5":[-416.25463,93.23123,-356.83175],"0.5417":[-420.87585,92.18906,-344.09712],"0.5833":[-425.50602,91.14451,-331.32758],"0.625":[-430.14392,90.09788,-318.52653],"0.6667":[-434.78854,89.04938,-305.69687],"0.7083":[-439.43913,87.99913,-292.84108],"0.75":[-444.09487,86.94737,-279.9613],"0.7917":[-448.755,85.89426,-267.05867],"0.8333":[-453.41893,84.83993,-254.13472],"0.875":[-458.08624,83.78439,-241.19161],"0.9167":[-462.75658,82.72782,-228.23063],"0.9583":[-467.42933,81.67076,-215.25138],"1.0":[-472.10419,80.61189,-202.25594],"1.0417":[-476.78094,79.55268,-189.24563],"1.0833":[-481.45909,78.4927,-176.21925],"1.125":[-486.13848,77.43202,-163.17938],"1.1667":[-490.81879,76.37073,-150.12581],"1.2083":[-495.49977,75.30881,-137.05887],"1.25":[-500.18121,74.24638,-123.97997],"1.2917":[-504.86286,73.18342,-110.88805],"1.3333":[-509.54454,72.12002,-97.78539],"1.4167":[-518.90714,69.99193,-71.54512],"1.5":[-528.2675,67.8624,-45.26171],"1.5833":[-537.62422,65.73166,-18.93726],"1.75":[-556.32137,61.46741,33.82803],"1.9167":[-574.98793,57.20074,86.7404],"2.0833":[-593.61348,52.93306,139.79368],"2.25":[-612.18697,48.66571,192.98538],"2.4167":[-630.69574,44.40007,246.31719],"2.5833":[-649.12483,40.1376,299.79236],"2.625":[-653.71774,39.07267,313.18411],"2.7083":[-662.88403,36.94384,339.9973],"2.7917":[-672.02188,34.81658,366.85074],"2.8333":[-676.57909,33.75362,380.29341],"2.875":[-681.12803,32.69119,393.74648],"2.9167":[-685.66815,31.62927,407.21096],"2.9583":[-690.19869,30.56798,420.68699],"3.0":[-694.71977,29.5073,434.17456],"3.0417":[-699.22949,28.44732,447.67526],"3.0833":[-703.72861,27.38811,461.18812],"3.125":[-708.2153,26.32924,474.71493],"3.1667":[-712.68902,25.27218,488.25586],"3.2083":[-717.14946,24.21561,501.81104],"3.25":[-721.59454,23.16007,515.38224],"3.2917":[-726.02342,22.10574,528.97017],"3.3333":[-730.43529,21.05263,542.57525],"3.375":[-734.82855,20.00087,556.19877],"3.4167":[-739.20102,18.95062,569.87759],"3.4583":[-743.55042,17.90212,583.50791],"3.5":[-747.87505,16.85549,597.19685],"3.5417":[-752.17213,15.81094,610.91121],"3.5833":[-756.43843,14.76877,624.65352],"3.625":[-760.67009,13.72928,638.42677],"3.6667":[-764.8624,12.69287,652.23525],"3.7083":[-769.00769,11.66012,666.08387],"3.75":[-773.10038,10.63166,679.97734],"3.7917":[-777.13059,9.60817,693.924],"3.8333":[-781.08273,8.59117,707.93457],"3.875":[-784.93872,7.58206,722.02405],"3.9167":[-788.67022,6.58352,736.21305],"3.9583":[-792.23169,5.59972,750.53506],"4.0":[-795.53385,4.63519,765.0557],"4.0417":[-798.38024,3.72359,779.90646],"4.0833":[-800,3,795.53],"4.125":[-798.8065,2.98725,811.79411],"4.1667":[-795.09562,2.96353,827.50477],"4.2083":[-788.33614,2.93521,842.58019],"4.25":[-777.92276,2.90415,856.9227],"4.2917":[-763.22654,2.8712,870.41595],"4.3333":[-743.65074,2.83683,882.93056],"4.375":[-718.73267,2.80134,894.31904],"4.4167":[-688.23296,2.76492,904.42369],"4.4583":[-652.23912,2.72769,913.09365],"4.5":[-611.15785,2.68976,920.2026],"4.5417":[-565.6535,2.65117,925.68752],"4.5833":[-516.53114,2.61196,929.58701],"4.625":[-464.61507,2.57213,932.06826],"4.6667":[-410.659,2.53158,933.41726],"4.7083":[-355.3,2.49,934],"4.75":[-307.61125,2.47327,934.15679],"4.7917":[-262.24985,2.46321,934.23568],"4.8333":[-219.46439,2.45469,934.29207],"4.875":[-179.35674,2.44697,934.33625],"4.9167":[-142.15011,2.43979,934.37257],"4.9583":[-107.92767,2.43297,934.40323],"5.0":[-76.77991,2.42644,934.42956],"5.0417":[-48.77859,2.42014,934.45239],"5.0833":[-23.97839,2.41401,934.4724],"5.125":[-2.31372,2.40804,934.49005],"5.1667":[16.28186,2.40221,934.50566],"5.2083":[31.9162,2.39649,934.51949],"5.25":[44.67992,2.39087,934.53176],"5.2917":[54.78978,2.38534,934.54264],"5.3333":[62.44207,2.37989,934.55229],"5.375":[67.77739,2.37451,934.56083],"5.4167":[71.0763,2.3692,934.56836],"5.4583":[72.479,2.36395,934.57494],"5.5":[72.22923,2.35876,934.58066],"5.5417":[70.5136,2.35361,934.58561],"5.5833":[67.50388,2.34852,934.58982],"5.625":[63.35711,2.34347,934.59333],"5.6667":[58.23918,2.33846,934.59625],"5.7083":[52.28277,2.33349,934.59851],"5.75":[45.61127,2.32856,934.60026],"5.7917":[38.34233,2.32366,934.60145],"5.8333":[30.57737,2.3188,934.60217],"5.875":[22.3949,2.31396,934.60239],"5.9167":[13.87524,2.30916,934.60219],"5.9583":[5.08989,2.30438,934.60154],"6.0":[-3.90548,2.29963,934.60052],"6.0417":[-13.05737,2.29491,934.59907],"6.0833":[-22.31752,2.29021,934.59729],"6.125":[-31.64899,2.28553,934.59513],"6.2083":[-50.38692,2.27625,934.58985],"6.25":[-59.73628,2.27164,934.58672],"6.2917":[-69.04098,2.26705,934.58331],"6.3333":[-78.28101,2.26248,934.5796],"6.375":[-87.4391,2.25793,934.57562],"6.4167":[-96.50048,2.25339,934.57138],"6.4583":[-105.45273,2.24888,934.56686],"6.5":[-114.28555,2.24438,934.56211],"6.5417":[-122.98873,2.23989,934.55712],"6.5833":[-131.54822,2.23543,934.55188],"6.625":[-139.96487,2.23098,934.54643],"6.6667":[-148.23508,2.22654,934.54077],"6.7083":[-156.34661,2.22212,934.53487],"6.75":[-164.29542,2.21772,934.52879],"6.7917":[-172.09017,2.21332,934.5225],"6.8333":[-179.70924,2.20895,934.51601],"6.875":[-187.16711,2.20458,934.50934],"6.9167":[-194.45411,2.20023,934.50248],"6.9583":[-201.57059,2.1959,934.49544],"7.0":[-208.51699,2.19157,934.48823],"7.0417":[-215.29237,2.18726,934.48085],"7.0833":[-221.89295,2.18296,934.4733],"7.125":[-228.33159,2.17867,934.46559],"7.1667":[-234.58402,2.17439,934.45772],"7.2083":[-240.67912,2.17013,934.44969],"7.25":[-246.59813,2.16588,934.44152],"7.2917":[-252.34492,2.16164,934.4332],"7.3333":[-257.9339,2.15741,934.42473],"7.375":[-263.34974,2.15319,934.41613],"7.4167":[-268.59426,2.14898,934.40737],"7.4583":[-273.68198,2.14478,934.39849],"7.5":[-278.61326,2.1406,934.38948],"7.5417":[-283.36817,2.13642,934.38032],"7.5833":[-287.96394,2.13226,934.37106],"7.625":[-292.40581,2.12811,934.36165],"7.6667":[-296.69447,2.12396,934.35213],"7.7083":[-300.83071,2.11983,934.34249],"7.75":[-304.79897,2.11571,934.33272],"7.7917":[-308.61563,2.1116,934.32285],"7.8333":[-312.28378,2.1075,934.31285],"7.875":[-315.80446,2.10341,934.30275],"7.9167":[-319.1788,2.09933,934.29253],"7.9583":[-322.40794,2.09527,934.28221],"8.0":[-325.49309,2.09121,934.27178],"8.0417":[-328.4355,2.08716,934.26124],"8.0833":[-331.23645,2.08313,934.25061],"8.125":[-333.89243,2.07911,934.23987],"8.1667":[-336.40904,2.0751,934.22903],"8.2083":[-338.78949,2.0711,934.2181],"8.25":[-341.0352,2.06711,934.20707],"8.2917":[-343.14761,2.06314,934.19595],"8.3333":[-345.12819,2.05918,934.18473],"8.375":[-346.97843,2.05524,934.17343],"8.4167":[-348.69982,2.0513,934.16204],"8.4583":[-350.2939,2.04739,934.15057],"8.5":[-351.7622,2.04349,934.13901],"8.5417":[-353.10628,2.03961,934.12738],"8.5833":[-354.32253,2.03575,934.11567],"8.625":[-355.41437,2.0319,934.10389],"8.7083":[-356.38546,2.02809,934.09205],"8.75":[-357.23738,2.0243,934.08016],"8.8333":[-357.97176,2.02054,934.06822],"8.875":[-358.5902,2.01681,934.05626],"8.9583":[-359.09431,2.01314,934.04429],"9.0":[-359.48573,2.00952,934.03237],"9.0833":[-359.76606,2.006,934.02059],"9.125":[-359.93694,2.00265,934.0092],"9.2083":[-360,2,934],"9.25":[-360.0364,2,934],"9.3333":[-360.10897,2,934],"9.7083":[-360.70554,2,934],"9.8333":[-360.89103,2,934],"9.9583":[-361,2,934],"10.25":[-361.11921,2,934],