{"format_version":"1.8.0","animations":{"animation.spark.cutscene.gunship.capture_3":{"loop":"hold_on_last_frame","animation_length":12.95833,"bones":{"root":{"rotation":{"0.0":[-17.5,197.5,7.5],"0.0417":[-16.60838,197.42224,7.09843],"0.0833":[-16.06728,197.33046,6.86681],"0.625":[-12.64004,196.0461,5.41039],"1.1667":[-10.60014,194.7298,4.54072],"1.7083":[-8.98734,193.40474,3.85057],"2.25":[-7.6119,192.07545,3.2604],"2.7917":[-6.39608,190.74389,2.73767],"3.3333":[-5.29961,189.4112,2.26555],"3.875":[-4.29893,188.07824,1.83431],"4.4167":[-3.37984,186.74578,1.4382],"4.9583":[-2.53431,185.41468,1.07414],"5.5":[-1.75957,184.08614,0.7413],"6.0417":[-1.05942,182.76223,0.44201],"6.5833":[-0.45147,181.44773,0.18505],"7.125":[-0.01968,180.16725,0.00817],"7.2083":[0,180,0]},"position":{"0.0":[0,10,1265],"0.0417":[0,10,1261.57359],"0.0833":[0,10,1258.16926],"0.125":[0,10,1254.78278],"0.1667":[0,10,1251.41101],"0.7083":[0,10,1208.17582],"1.0833":[0,10,1178.34075],"1.3333":[0,10,1158.34234],"1.5417":[0,10,1141.56875],"1.75":[0,10,1124.66921],"1.9167":[0,10,1111.04115],"2.0833":[0,10,1097.3009],"2.25":[0,10,1083.43216],"2.375":[0,10,1072.93501],"2.4167":[0,10,1069.41606],"2.4583":[0,10,1065.88647],"2.5":[0,10,1062.34616],"2.5417":[0,10,1058.79449],"2.5833":[0,10,1055.23089],"2.625":[0,10,1051.65536],"2.6667":[0,10,1048.06711],"2.7083":[0,10,1044.46556],"2.75":[0,10,1040.8507],"2.7917":[0,10,1037.22132],"2.8333":[0,10,1033.57729],"2.875":[0,10,1029.91807],"2.9167":[0,10,1026.24239],"2.9583":[0,10,1022.5505],"3.0":[0,10,1018.84053],"3.0417":[0,10,1015.11278],"3.0833":[0,10,1011.36545],"3.125":[0,10,1007.5985],"3.1667":[0,10,1003.80998],"3.2083":[0,10,1000],"3.25":[0,10,996.0101],"3.2917":[0,10,991.72406],"3.3333":[0,10,987.14471],"3.375":[0,10,982.31037],"3.4167":[0,10,977.22468],"3.4583":[0,10,971.91194],"3.5":[0,10,966.38867],"3.5417":[0,10,960.65938],"3.5833":[0,10,954.74062],"3.625":[0,10,948.64524],"3.6667":[0,10,942.38231],"3.7083":[0,10,935.95995],"3.75":[0,10,929.38205],"3.7917":[0,10,922.66108],"3.8333":[0,10,915.80375],"3.875":[0,10,908.81634],"3.9167":[0,10,901.7047],"3.9583":[0,10,894.47434],"4.0":[0,10,887.13041],"4.0417":[0,10,879.67775],"4.0833":[0,10,872.12093],"4.125":[0,10,864.46422],"4.1667":[0,10,856.71168],"4.2083":[0,10,848.86711],"4.25":[0,10,840.93414],"4.2917":[0,10,832.91616],"4.3333":[0,10,824.81642],"4.375":[0,10,816.63798],"4.4167":[0,10,808.38375],"4.4583":[0,10,800.0565],"4.5":[0,10,791.65886],"4.5417":[0,10,783.19335],"4.5833":[0,10,774.66236],"4.625":[0,10,766.06763],"4.6667":[0,10,757.41083],"4.7083":[0,10,748.69517],"4.75":[0,10,739.92268],"4.7917":[0,10,731.0953],"4.8333":[0,10,722.2149],"4.875":[0,10,713.28328],"4.9167":[0,10,704.30218],"4.9583":[0,10,695.27327],"5.0":[0,10,686.19779],"5.0417":[0,10,677.07668],"5.0833":[0,10,667.91261],"5.125":[0,10,658.70706],"5.1667":[0,10,649.46149],"5.2083":[0,10,640.17733],"5.25":[0,10,630.85595],"5.2917":[0,10,621.49873],"5.3333":[0,10,612.10701],"5.375":[0,10,602.68174],"5.4167":[0,10,593.22413],"5.4583":[0,10,583.73606],"5.5":[0,10,574.21879],"5.5417":[0,10,564.6736],"5.5833":[0,10,555.10177],"5.625":[0,10,545.50455],"5.6667":[0,10,535.88322],"5.7083":[0,10,526.23907],"5.75":[0,10,516.57338],"5.7917":[0,10,506.88746],"5.8333":[0,10,497.18264],"5.875":[0,10,487.46025],"5.9167":[0,10,477.72169],"5.9583":[0,10,467.96835],"6.0":[0,10,458.20169],"6.0417":[0,10,448.42319],"6.375":[0,10,369.9666],"6.5":[0,10,340.56803],"6.5417":[0,10,330.78978],"6.5833":[0,10,321.0277],"6.625":[0,10,311.2843],"6.6667":[0,10,301.56334],"6.7083":[0,10,291.86984],"6.75":[0,10,282.20657],"6.7917":[0,10,272.58102],"6.8333":[0,10,262.99621],"6.875":[0,10,253.46125],"6.9167":[0,10,243.98192],"6.9583":[0,10,234.56668],"7.0":[0,10,225.2266],"7.0417":[0,10,215.9742],"7.0833":[0,10,206.82286],"7.125":[0,10,197.79],"7.1667":[0,10,188.74903],"7.2083":[0,10,179.57415],"7.25":[0,10,170.28784],"7.2917":[0,10,160.91458],"7.3333":[0,10,151.47947],"7.4167":[0,10,132.53969],"7.4583":[0,10,123.09146],"7.5":[0,10,113.69508],"7.5417":[0,10,104.37621],"7.5833":[0,10,95.15917],"7.625":[0,10,86.06796],"7.6667":[0,10,77.12193],"7.7083":[0,10,68.33732],"7.75":[0,10,59.72857],"7.7917":[0,10,51.30733],"7.8333":[0,10,43.08256],"7.875":[0,10,35.06055],"7.9167":[0,10,27.2451],"7.9583":[0,10,19.643],"8.0":[0,10,12.25188],"8.0417":[0,10,5.06813],"8.0833":[0,10,-1.9048],"8.125":[0,10,-8.67205],"8.1667":[0,10,-15.23805],"8.2083":[0,10,-21.60556],"8.25":[0,10,-27.77796],"8.2917":[0,10,-33.76586],"8.3333":[0,10,-39.56717],"8.375":[0,10,-45.18946],"8.4167":[0,10,-50.64081],"8.4583":[0,10,-55.92584],"8.5":[0,10,-61.04934],"8.5417":[0,10,-66.01626],"8.5833":[0,10,-70.83164],"8.625":[0,10,-75.50063],"8.6667":[0,10,-80.02838],"8.7083":[0,10,-84.42007],"8.75":[0,10,-88.68086],"8.7917":[0,10,-92.81588],"8.8333":[0,10,-96.8302],"8.875":[0,10,-100.71995],"8.9167":[0,10,-104.49699],"8.9583":[0,10,-108.16691],"9.0":[0,10,-111.72798],"9.0417":[0,10,-115.18373],"9.0833":[0,10,-118.54528],"9.125":[0,10,-121.80339],"9.1667":[0,10,-124.97276],"9.2083":[0,10,-128.04936],"9.25":[0,10,-131.03984],"9.2917":[0,10,-133.94429],"9.3333":[0,10,-136.76865],"9.375":[0,10,-139.50997],"9.4167":[0,10,-142.18039],"9.4583":[0,10,-144.76729],"9.5":[0,10,-147.28723],"9.5417":[0,10,-149.73617],"9.5833":[0,10,-152.11332],"9.625":[0,10,-154.42807],"9.6667":[0,10,-156.67777],"9.7083":[0,10,-158.86068],"9.75":[0,10,-160.98548],"9.7917":[0,10,-163.05334],"9.8333":[0,10,-165.05984],"9.875":[0,10,-167.00898],"9.9167":[0,10,-168.90516],"9.9583":[0,10,-170.74946],"10.0":[0,10,-172.54294],"10.0417":[0,10,-174.28227],"10.0833":[0,10,-175.97164],"10.125":[0,10,-177.61378],"10.1667":[0,10,-179.20967],"10.2083":[0,10,-180.76027],"10.25":[0,10,-182.26652],"10.2917":[0,10,-183.72936],"10.3333":[0,10,-185.1497],"10.375":[0,10,-186.52844],"10.4167":[0,10,-187.86461],"10.4583":[0,10,-189.16108],"10.5":[0,10,-190.41892],"10.5417":[0,10,-191.63892],"10.5833":[0,10,-192.82191],"10.625":[0,10,-193.96866],"10.6667":[0,10,-195.07996],"10.7083":[0,10,-196.15654],"10.75":[0,10,-197.19916],"10.7917":[0,10,-198.20855],"10.8333":[0,10,-199.1854],"10.875":[0,10,-200.13043],"10.9167":[0,10,-201.04319],"10.9583":[0,10,-201.92435],"11.0":[0,10,-202.77542],"11.0417":[0,10,-203.59706],"11.0833":[0,10,-204.38991],"11.125":[0,10,-205.15459],"11.1667":[0,10,-205.89171],"11.2083":[0,10,-206.60188],"11.25":[0,10,-207.28567],"11.2917":[0,10,-207.94368],"11.3333":[0,10,-208.57552],"11.375":[0,10,-209.17891],"11.4167":[0,10,-209.75796],"11.4583":[0,10,-210.31322],"11.5":[0,10,-210.8452],"11.5417":[0,10,-211.35443],"11.5833":[0,10,-211.84141],"11.625":[0,10,-212.30202],"11.6667":[0,10,-212.73986],"11.7083":[0,10,-213.15673],"11.75":[0,10,-213.55312],"11.7917":[0,10,-213.92947],"11.8333":[0,10,-214.28248],"11.875":[0,10,-214.61312],"11.9167":[0,10,-214.92491],"11.9583":[0,10,-215.21829],"12.0":[0,10,-215.49366],"12.0417":[0,10,-215.744],"12.0833":[0,10,-215.97685],"12.125":[0,10,-216.19278],"12.1667":[0,10,-216.39219],"12.2083":[0,10,-216.5686],"12.25":[0,10,-216.72778],"12.2917":[0,10,-216.87146],"12.3333":[0,10,-217]},"scale":0.15},"star":{"position":[-26159,8172,3008],"scale":50},"star5":{"position":[-18016,-4304,18913],"scale":50},"star2":{"position":[-20537,2513,15390],"scale":50},"star3":{"position":[-17661,-343,413],"scale":50},"star4":{"position":[-13418,8002,20576],"scale":50},"bone":{"scale":{"0.0":[0,0,0],"0.5417":[0.01417,0.01417,0.01417],"1.0833":[0.06051,0.06051,0.06051],"1.625":[0.14648,0.14648,0.14648],"2.1667":[0.28259,0.28259,0.28259],"2.7083":[0.48307,0.48307,0.48307],"3.25":[0.75861,0.75861,0.75861],"3.5833":[0.93855,0.93855,0.93855],"3.75":[0.99469,0.99469,0.99469],"3.7917":[1,1,1]}},"tractor_beam":{"position":{"0.0":[0,14,1253],"3.7083":[0,14,931],"5.2917":[0,14,610.09],"6.625":[0,14,303],"8.25":[0,14,-30.43],"9.4167":[0,14,-153],"10.9583":[0,14,-211],"12.0":[0,14,-225]},"scale":0.6}},"particle_effects":{"0.0":{"effect":"tractor_beam","locator":"tractor_beam"}}}}}
