{"format_version":"1.8.0","animations":{"animation.spark.cutscene.item_ch02_c01.play":{"loop":"hold_on_last_frame","animation_length":9.04167,"bones":{"left_item":{"rotation":[90.5775,-50.75904,141.37501],"position":[22.04485,34.2823,-25.27222]},"background":{"relative_to":{"rotation":"entity"},"rotation":[0,0,0.01],"position":{"0.0":[1051.26821,-518.00556,-24.30282],"9.0":[1050.23,-519.28,-21.3]},"scale":0.4},"root":{"rotation":{"0.0":[86.23,22.62,-67.18],"0.2917":[84.43113,26.77639,-68.61268],"0.6667":[84.54097,31.62654,-70.4824],"1.2083":[88.21858,37.77765,-73.2578],"1.75":[94.12938,42.96681,-76.1598],"2.2083":[98.90774,46.57814,-78.77186],"2.5":[100.67916,48.47205,-80.55894],"2.7083":[100.67476,49.61462,-81.93688],"2.8333":[99.89,50.21,-82.83],"3.375":[92.85394,51.25905,-85.68435],"3.9167":[84.93755,51.23315,-87.96933],"4.4583":[77.15084,50.79717,-90.07158],"5.0":[69.75077,50.13315,-92.06223],"5.5417":[62.87941,49.32529,-93.96798],"6.0833":[56.65083,48.42294,-95.79952],"6.625":[51.17855,47.46139,-97.55861],"7.1667":[46.59224,46.4715,-99.23936],"7.7083":[43.04655,45.48825,-100.82498],"8.25":[40.74059,44.56682,-102.27581],"8.7917":[39.94208,43.8482,-103.47435],"9.0":[40.11,43.73685,-103.77588]},"position":{"0.0":[-61.78,51.01,27.05],"0.0417":[-61.56649,50.86853,27.16247],"0.0833":[-61.34539,50.72707,27.25461],"0.125":[-61.11602,50.58547,27.32681],"0.1667":[-60.87768,50.44362,27.37905],"0.2083":[-60.62967,50.30136,27.41204],"0.25":[-60.37135,50.15854,27.42633],"0.2917":[-60.10212,50.01496,27.42212],"0.3333":[-59.82146,49.87047,27.3998],"0.375":[-59.52894,49.72486,27.36009],"0.4167":[-59.22414,49.57789,27.30343],"0.4583":[-58.90687,49.42937,27.22989],"0.5":[-58.57723,49.27905,27.14029],"0.5417":[-58.23511,49.12667,27.03512],"0.5833":[-57.88107,48.97193,26.91483],"0.625":[-57.51539,48.81454,26.77959],"0.6667":[-57.13881,48.65422,26.63019],"0.7083":[-56.75206,48.49064,26.46712],"0.75":[-56.35585,48.32346,26.29082],"0.7917":[-55.95118,48.15234,26.10165],"0.8333":[-55.53893,47.97692,25.90011],"0.875":[-55.11997,47.79678,25.68679],"0.9167":[-54.69519,47.61155,25.46215],"0.9583":[-54.2654,47.42087,25.22665],"1.0":[-53.8314,47.22435,24.98076],"1.1667":[-52.0662,46.37176,23.90195],"1.3333":[-50.27814,45.39465,22.69291],"1.5":[-48.48792,44.27256,21.3808],"1.5417":[-48.0415,43.96773,21.03968],"1.625":[-47.15087,43.32774,20.34441],"1.6667":[-46.70682,42.99256,19.99098],"1.7083":[-46.26372,42.64716,19.63416],"1.75":[-45.82159,42.29172,19.2743],"1.7917":[-45.38052,41.92624,18.91171],"1.9583":[-43.62702,40.36597,17.4405],"2.125":[-41.89157,38.65728,15.95009],"2.2917":[-40.17418,36.81541,14.45758],"2.5":[-38.0522,34.3514,12.61161],"2.75":[-35.54006,31.20002,10.45772],"2.7917":[-35.12476,30.65758,10.10751],"2.8333":[-34.71525,30.14059,9.77544],"2.875":[-34.31401,29.66838,9.46979],"2.9167":[-33.92174,29.23297,9.18568],"2.9583":[-33.5368,28.82821,8.9194],"3.0":[-33.15971,28.44933,8.66806],"3.0417":[-32.78935,28.09255,8.42942],"3.0833":[-32.42523,27.75495,8.20168],"3.125":[-32.06784,27.43561,7.98362],"3.1667":[-31.71589,27.13089,7.77462],"3.2083":[-31.36929,26.83983,7.57292],"3.25":[-31.02844,26.56171,7.37849],"3.2917":[-30.69232,26.29431,7.19024],"3.4583":[-29.39318,25.32266,6.491],"3.6667":[-27.85791,24.27802,5.71192],"3.9167":[-26.12289,23.20921,4.87844],"4.25":[-23.95712,22.01293,3.89323],"4.7083":[-21.19745,20.67675,2.70809],"5.25":[-18.19059,19.4289,1.48865],"5.7917":[-15.40157,18.44575,0.41428],"6.3333":[-12.79102,17.66783,-0.54752],"6.875":[-10.3335,17.05767,-1.41689],"7.4167":[-8.01302,16.59069,-2.20661],"7.9583":[-5.82268,16.25179,-2.92384],"8.5":[-3.77056,16.03499,-3.56884],"8.8333":[-2.60155,15.96632,-3.92231],"8.9583":[-2.20601,15.95664,-4.03895],"9.0":[-2.10673,15.95631,-4.06821]},"scale":0.005},"legs_open":{"scale":0},"bone":{"position":[32,-29,7],"scale":1}}}}}
