{"format_version":"1.8.0","animations":{"animation.spark.player.cutscene.ch09_c02_s2":{"loop":true,"animation_length":6.5,"bones":{"root":{"rotation":{"0.0":[0,180,0],"0.5417":[0,180,0],"1.0833":[0,180,0],"1.5":[0,180,0],"2.0417":[0,180,0],"2.5833":[0,180,0],"3.0":[0,180,0],"3.5417":[0,180,0],"4.0833":[0,180,0],"4.625":[0,180,0],"4.75":[0,180,0],"5.2917":[0,180,0],"5.8333":[0,180,0],"6.375":[0,180,0],"6.5":[0,180,0]},"position":{"0.0":[0,13.65,0],"0.2917":[0,13.5,0],"0.5417":[0,13.14213,0],"1.0833":[0,11.97734,0],"1.2917":[0,11.68,0],"1.4583":[0,11.6196,0],"1.5":[0,11.6,0],"1.7917":[0,11.7707,0],"2.0417":[0,12.26556,0],"2.3333":[0,12.81864,0],"2.7917":[0,13.63706,0],"2.9583":[0,13.77819,0],"3.0":[0,13.8,0],"3.2083":[0,13.76,0],"3.5417":[0,13.38522,0],"4.0833":[0,12.6539,0],"4.625":[0,11.91684,0],"4.75":[0,11.85,0],"4.875":[0,11.815,0],"5.0417":[0,11.95,0],"5.2917":[0,12.223,0],"5.8333":[0,12.94193,0],"6.125":[0,13.36,0],"6.375":[0,13.62537,0],"6.5":[0,13.65,0]}},"waist":{"rotation":{"0.0":[-2.63604,-4.37302,1.63886],"0.2917":[-2.69,-4.33,1.64],"0.5417":[-2.75522,-4.29386,1.64254],"1.0833":[-2.97767,-4.21471,1.64477],"1.5":[-3.015,-4.195,1.64],"2.0417":[-2.93735,-4.23219,1.61828],"2.5833":[-2.69499,-4.30334,1.60955],"3.0":[-2.62,-4.35706,1.63],"3.5417":[-2.69695,-4.4256,1.65211],"4.0833":[-2.87102,-4.49269,1.64925],"4.625":[-2.99842,-4.50945,1.64596],"4.75":[-3.005,-4.515,1.65],"5.2917":[-2.89486,-4.50609,1.65417],"5.8333":[-2.74367,-4.4433,1.64816],"6.125":[-2.68,-4.41,1.64],"6.375":[-2.6394,-4.38297,1.64039],"6.5":[-2.63604,-4.37302,1.63886]},"position":{"0.0":[0,-12,0],"0.5417":[0,-12,0],"1.0833":[0,-12,0],"1.5":[0,-12,0],"2.0417":[0,-12,0],"2.5833":[0,-12,0],"3.0":[0,-12,0],"3.5417":[0,-12,0],"4.0833":[0,-12,0],"4.625":[0,-12,0],"4.75":[0,-12,0],"5.2917":[0,-12,0],"5.8333":[0,-12,0],"6.375":[0,-12,0],"6.5":[0,-12,0]}},"head":{"rotation":{"0.0":[20.09756,2.5375,2.02109],"0.25":[19.73,2.37,1.87],"0.5417":[18.40035,2.16955,1.42867],"1.0833":[14.90113,1.3515,0.01029],"1.2917":[14.475,1.205,-0.295],"1.5":[14.32256,1.0625,-0.47891],"1.75":[14.585,1.195,-0.335],"2.125":[16.73955,1.74624,0.39849],"2.5833":[19.94245,2.63052,1.59208],"2.75":[20.41,2.785,1.81],"3.0":[20.7466,3.01151,2.02152],"3.2917":[20.56,2.965,1.865],"3.5417":[20.09333,2.73201,1.53882],"4.0833":[16.8503,2.15281,0.60003],"4.4583":[14.81,1.57,-0.125],"4.625":[14.39711,1.46868,-0.22527],"4.75":[14.24756,1.4125,-0.30391],"5.0":[14.37,1.49,-0.245],"5.2917":[14.99153,1.72397,0.16879],"5.8333":[18.66168,2.13909,1.21233],"6.125":[19.71,2.34,1.8],"6.375":[20.05565,2.47529,1.95841],"6.5":[20.09756,2.5375,2.02109]},"position":{"0.0":[0,0.325,0],"0.5417":[0,0.32823,0],"1.0833":[0,0.34039,0],"1.5":[0,0.345,0],"2.0417":[0,0.3431,0],"2.5833":[0,0.34221,0],"3.0":[0,0.34,0],"3.5417":[0,0.34738,0],"4.0833":[0,0.3614,0],"4.625":[0,0.37359,0],"4.75":[0,0.375,0],"5.2917":[0,0.36533,0],"5.8333":[0,0.34615,0],"6.375":[0,0.3275,0],"6.5":[0,0.325,0]}},"rightArm":{"rotation":{"0.0":[-21.442,-14.37774,32.11322],"0.125":[-21.44056,-14.40389,32.12366],"0.375":[-22.36,-14.08,33.835],"0.6667":[-23.4257,-13.7009,36.73358],"0.9583":[-24.67,-12.61,39.71],"1.2083":[-25.72797,-11.66861,41.75381],"1.4167":[-25.53,-11.37,42.82],"1.625":[-25.33065,-11.07181,43.37768],"1.9167":[-24.11,-11.47,42.89],"2.1667":[-23.06132,-11.80462,41.69731],"2.7083":[-21.79565,-13.8389,35.53718],"3.125":[-21.425,-14.42,30.465],"3.375":[-21.94,-14.12,29.395],"3.6667":[-22.53498,-13.78114,30.72215],"4.2083":[-24.0037,-11.86118,36.37972],"4.75":[-25.01076,-11.00896,41.55397],"4.875":[-25.025,-10.96,42.17],"5.0833":[-24.65,-11.25,43.21],"5.25":[-24.35,-11.49,43.33],"5.4167":[-24.04882,-11.72061,42.6667],"5.6667":[-23.25,-12.6,40.655],"5.9583":[-22.32286,-13.62731,37.81012],"6.25":[-21.85,-14.03,34.055],"6.5":[-21.442,-14.37774,32.11322]},"position":{"0.0":[-0.475,0.93884,-0.65227],"0.125":[-0.475,0.925,-0.65],"0.6667":[-0.475,0.94583,-0.64763],"1.2083":[-0.475,1.01603,-0.64545],"1.625":[-0.475,1.07,-0.645],"2.1667":[-0.475,1.05253,-0.65074],"2.7083":[-0.475,0.94034,-0.65809],"3.125":[-0.475,0.865,-0.665],"3.6667":[-0.475,0.87737,-0.66723],"4.2083":[-0.475,0.95679,-0.66785],"4.75":[-0.475,1.0637,-0.67182],"4.875":[-0.475,1.075,-0.675],"5.4167":[-0.475,1.0853,-0.67409],"5.9583":[-0.475,0.99936,-0.66418],"6.5":[-0.475,0.93884,-0.65227]}},"leftArm":{"rotation":{"0.0":[-13.93,-0.28,-20.28],"0.125":[-13.62,0.06,-20.12],"0.4167":[-13.40327,0.50031,-20.02503],"0.7083":[-13.715,0.41,-20.54],"0.9583":[-14.16331,-0.23082,-21.71876],"1.5":[-15.6402,-3.28767,-24.69077],"1.7083":[-15.91,-3.855,-25.49],"1.9167":[-16.18,-3.975,-25.93],"2.2083":[-16.04,-3.775,-25.11],"2.4583":[-15.70424,-3.08758,-24.05501],"2.7083":[-15.15,-2.01,-22.94],"3.0":[-14.36241,-0.79754,-21.44648],"3.2083":[-13.83,-0.16,-20.57],"3.4167":[-13.42,0.2,-20.01],"3.6667":[-13.24,0.34,-19.795],"3.9583":[-13.26301,0.14338,-20.04604],"4.2083":[-13.62,-0.345,-20.85],"4.5":[-14.3455,-1.51514,-22.79641],"4.75":[-15.205,-2.785,-24.78918],"4.9167":[-15.8,-3.63,-25.6037],"5.0417":[-16.01683,-3.92327,-25.78158],"5.1667":[-16.18,-4.065,-25.9],"5.4167":[-16.13,-4.085,-25.56],"5.7083":[-15.87177,-3.45052,-24.48029],"5.9583":[-15.425,-2.52,-23.155],"6.25":[-14.55064,-1.34908,-21.07306],"6.4583":[-14.03,-0.4,-20.33],"6.5":[-13.93,-0.28,-20.28]},"position":{"0.0":[0.12642,0.55884,-0.47618],"0.125":[0.125,0.55,-0.475],"0.6667":[0.12261,0.57356,-0.47251],"1.2083":[0.12043,0.71678,-0.47034],"1.625":[0.12,0.745,-0.47],"2.1667":[0.12682,0.74135,-0.47671],"2.7083":[0.135,0.6557,-0.48534],"3.125":[0.14,0.565,-0.49],"3.6667":[0.14342,0.57292,-0.4942],"4.2083":[0.14713,0.6833,-0.49892],"4.75":[0.15002,0.74365,-0.50126],"4.875":[0.15,0.75,-0.5],"5.4167":[0.14266,0.74352,-0.49086],"5.9583":[0.13444,0.65626,-0.48315],"6.5":[0.12642,0.55884,-0.47618]}},"rightLeg":{"rotation":{"0.0":[-3.23,9.92,2.07],"0.1667":[-3.13553,9.84605,2.12],"0.4167":[-2.86207,9.61222,2.42134],"0.9583":[-2.05504,8.83057,4.48295],"1.25":[-1.655,8.55777,5.095],"1.5":[-1.33103,8.44893,5.35568],"1.6667":[-1.215,8.5182,5.355],"1.9167":[-1.29,8.65675,5.265],"2.2083":[-1.67318,8.88472,4.83774],"2.75":[-3.01806,9.6064,2.59415],"2.9583":[-3.3,9.8014,2.22],"3.1667":[-3.3,9.96,2.03],"3.4583":[-3.09108,10.08219,2.12],"3.7083":[-2.7615,9.93179,2.3676],"4.25":[-1.71159,9.31218,4.54762],"4.5417":[-1.39201,8.93094,5.12],"4.7917":[-1.21087,8.77299,5.30769],"4.9167":[-1.225,8.73,5.35],"5.2083":[-1.39999,8.85419,5.2],"5.4583":[-1.70531,9.01845,4.7546],"6.0":[-3.10449,9.6503,2.31349],"6.375":[-3.29261,9.96886,2.03087],"6.5":[-3.23,9.92,2.07]},"position":{"0.0":[0.08,-11.24,-1.55],"0.4167":[0.07844,-11.1911,-1.55],"0.9583":[0.07909,-11.06489,-1.55],"1.375":[0.07,-10.95,-1.55],"1.9167":[0.07187,-10.98053,-1.55],"2.4583":[0.08532,-11.11882,-1.55],"2.875":[0.09,-11.25,-1.55],"3.4167":[0.08785,-11.24245,-1.55],"3.9583":[0.09189,-11.1322,-1.55],"4.5":[0.09798,-10.98703,-1.55],"4.625":[0.1,-10.95,-1.55],"5.1667":[0.09479,-10.97914,-1.55],"5.7083":[0.08594,-11.09147,-1.55],"6.25":[0.07669,-11.22229,-1.55],"6.375":[0.075,-11.25,-1.55],"6.5":[0.08,-11.24,-1.55]}},"leftLeg":{"rotation":{"0.0":[5.97,-11.08,-9.19],"0.1667":[5.79829,-11.17883,-9.255],"0.4167":[5.36021,-11.40497,-9.63848],"0.7083":[4.69082,-11.89,-10.83],"0.9583":[4.35784,-12.30353,-11.67107],"1.1667":[4.19441,-12.52,-11.995],"1.375":[4.1,-12.735,-12.135],"1.6667":[4.24921,-12.65,-11.9],"1.9167":[4.46397,-12.47649,-11.49751],"2.1667":[4.79312,-12.12038,-10.90667],"2.4583":[5.45033,-11.57837,-10.21736],"2.6667":[5.75226,-11.32,-9.725],"2.875":[5.95335,-11.07,-9.43],"3.125":[6.1,-10.945,-9.225],"3.4167":[5.94504,-11.12862,-9.3041],"3.6667":[5.67321,-11.54,-9.545],"3.9583":[5.0877,-12.02915,-10.25603],"4.25":[4.48886,-12.47,-10.9873],"4.5":[4.23844,-12.62963,-11.63056],"4.625":[4.16994,-12.62,-11.735],"4.875":[4.1,-12.555,-11.94],"5.1667":[4.30809,-12.39744,-11.76708],"5.4583":[4.70964,-12.02,-11.08],"5.7083":[5.2906,-11.63802,-10.33692],"6.0":[5.8907,-11.20984,-9.47],"6.25":[6.06847,-11.04732,-9.17458],