{"format_version":"1.8.0","animations":{"animation.spark.cutscene.gunship.capture_3.old":{"loop":"hold_on_last_frame","animation_length":12.91667,"bones":{"root":{"rotation":{"0.0":[-17.5,197.5,7.5],"0.0417":[-16.60838,197.42224,7.09843],"0.0833":[-16.06728,197.33046,6.86681],"0.625":[-12.64004,196.0461,5.41039],"1.1667":[-10.60014,194.7298,4.54072],"1.7083":[-8.98734,193.40474,3.85057],"2.25":[-7.6119,192.07545,3.2604],"2.7917":[-6.39608,190.74389,2.73767],"3.3333":[-5.29961,189.4112,2.26555],"3.875":[-4.29893,188.07824,1.83431],"4.4167":[-3.37984,186.74578,1.4382],"4.9583":[-2.53431,185.41468,1.07414],"5.5":[-1.75957,184.08614,0.7413],"6.0417":[-1.05942,182.76223,0.44201],"6.5833":[-0.45147,181.44773,0.18505],"7.125":[-0.01968,180.16725,0.00817],"7.2083":[0,180,0]},"position":{"0.0":[1058,-61,1265],"0.0417":[1056.04844,-60.48759,1263.94644],"0.0833":[1054.04287,-59.83729,1262.94826],"0.125":[1051.98171,-59.15506,1262.00177],"0.1667":[1049.86323,-58.45611,1261.10337],"0.2083":[1047.67502,-57.74648,1260.24956],"0.25":[1045.42551,-57.02918,1259.43692],"0.2917":[1043.11295,-56.30617,1258.66213],"0.3333":[1040.72549,-55.57869,1257.92234],"0.375":[1038.26716,-54.84747,1257.21415],"0.4167":[1035.73936,-54.1132,1256.5341],"0.4583":[1033.12503,-53.37636,1255.87917],"0.5":[1030.43541,-52.6373,1255.2464],"0.5417":[1027.66084,-51.89629,1254.63288],"0.5833":[1024.79717,-51.15357,1254.03577],"0.625":[1021.84684,-50.40934,1253.45225],"0.6667":[1018.79608,-49.66376,1252.87958],"0.7083":[1015.65319,-48.91698,1252.31504],"0.75":[1012.40147,-48.16912,1251.75596],"0.7917":[1009.04795,-47.42029,1251.1997],"0.8333":[1005.58055,-46.67051,1250.64368],"0.875":[1001.99699,-45.91994,1250.08531],"0.9167":[998.29838,-45.16864,1249.52206],"0.9583":[994.46405,-44.41662,1248.95142],"1.0":[990.50399,-43.66397,1248.3709],"1.0417":[986.41074,-42.91078,1247.77803],"1.0833":[982.16512,-42.157,1247.17036],"1.125":[977.77387,-41.40277,1246.54546],"1.1667":[973.22954,-40.64806,1245.9009],"1.2083":[968.52444,-39.89295,1245.23427],"1.25":[963.64433,-39.13744,1244.54318],"1.2917":[958.58649,-38.38158,1243.82523],"1.3333":[953.34473,-37.6254,1243.07802],"1.375":[947.91052,-36.8689,1242.29918],"1.4167":[942.27509,-36.11214,1241.48632],"1.4583":[936.42955,-35.35512,1240.63703],"1.5":[930.36485,-34.59788,1239.74893],"1.5417":[924.07188,-33.84042,1238.81961],"1.5833":[917.54144,-33.08278,1237.84665],"1.625":[910.76434,-32.32497,1236.82764],"1.6667":[903.72997,-31.567,1235.76013],"1.7083":[896.42061,-30.80892,1234.64168],"1.75":[888.83541,-30.0507,1233.46979],"1.7917":[880.9657,-29.2924,1232.24199],"1.8333":[872.79885,-28.53402,1230.95575],"1.875":[864.31549,-27.77557,1229.60854],"1.9167":[855.52189,-27.01707,1228.19777],"1.9583":[846.39705,-26.25854,1226.72085],"2.0":[836.93725,-25.5,1225.17514],"2.0417":[827.13511,-24.74146,1223.55798],"2.0833":[816.98097,-23.98293,1221.86664],"2.125":[806.47008,-23.22443,1220.0984],"2.1667":[795.60265,-22.46598,1218.25044],"2.2083":[784.36288,-21.7076,1216.31993],"2.25":[772.76436,-20.9493,1214.30398],"2.2917":[760.79935,-20.19108,1212.19965],"2.3333":[748.46673,-19.433,1210.00394],"2.375":[735.77953,-18.67503,1207.7134],"2.4167":[722.74301,-17.91722,1205.32513],"2.4583":[709.35532,-17.15958,1202.836],"2.5":[695.63571,-16.40212,1200.24273],"2.5417":[681.59771,-15.64488,1197.542],"2.5833":[667.25534,-14.88786,1194.73037],"2.625":[652.61869,-14.1311,1191.80435],"2.6667":[637.70907,-13.3746,1188.76034],"2.7083":[622.54798,-12.61842,1185.59467],"2.75":[607.1551,-11.86256,1182.30356],"2.7917":[591.54584,-11.10705,1178.88314],"2.8333":[575.74446,-10.35194,1175.32942],"2.875":[559.77433,-9.59723,1171.63833],"2.9167":[543.65326,-8.843,1167.80564],"2.9583":[527.40149,-8.08922,1163.82704],"3.0":[511.04254,-7.33603,1159.69807],"3.0417":[494.59099,-6.58338,1155.41413],"3.0833":[478.06886,-5.83136,1150.96942],"3.125":[461.4913,-5.08006,1146.35685],"3.1667":[444.87567,-4.32949,1141.57418],"3.2083":[428.2361,-3.57971,1136.61617],"3.25":[411.58702,-2.83088,1131.47741],"3.2917":[394.94106,-2.08302,1126.15231],"3.3333":[378.3096,-1.33624,1120.6351],"3.375":[361.70263,-0.59066,1114.91937],"3.4167":[345.13095,0.15357,1108.99184],"3.4583":[328.6022,0.89629,1102.8528],"3.5":[312.12339,1.6373,1096.49553],"3.5417":[295.70117,2.37636,1089.91307],"3.5833":[279.34142,3.1132,1083.09791],"3.625":[263.04929,3.84747,1076.03143],"3.6667":[246.82928,4.57869,1068.71614],"3.7083":[230.68519,5.30617,1061.14386],"3.75":[214.62022,6.02918,1053.3048],"3.7917":[198.63694,6.74648,1045.17684],"3.8333":[182.73741,7.45611,1036.76384],"3.875":[166.92314,8.15506,1028.0561],"3.9167":[151.19516,8.83729,1019.0274],"3.9583":[135.55406,9.48759,1009.67789],"4.0":[120,10,1000],"4.0417":[104.87663,10,989.83813],"4.0833":[90.43068,10,979.12068],"4.125":[76.61476,10,967.85385],"4.1667":[63.42236,10,956.05641],"4.2083":[50.81443,10,943.77441],"4.25":[38.72071,10,931.00744],"4.2917":[27.17067,10,917.80686],"4.3333":[16.09022,10,904.19886],"4.375":[5.47033,10,890.20061],"4.4167":[-4.70093,10,875.86157],"4.4583":[-14.47093,10,861.20279],"4.5":[-23.82263,10,846.25426],"4.5417":[-32.81329,10,831.05598],"4.5833":[-41.42304,10,815.63327],"4.625":[-49.69668,10,800.01293],"4.6667":[-57.63193,10,784.23118],"4.7083":[-65.24382,10,768.31511],"4.75":[-72.56346,10,752.28933],"4.7917":[-79.56285,10,736.18056],"4.8333":[-86.30114,10,720.01553],"4.875":[-92.7494,10,703.81727],"4.9167":[-98.93696,10,687.60768],"4.9583":[-104.888,10,671.40745],"5.0":[-110.56303,10,655.23604],"5.0417":[-116.01659,10,639.11172],"5.0833":[-121.25124,10,623.05188],"5.125":[-126.24002,10,607.07126],"5.1667":[-131.02718,10,591.18386],"5.2083":[-135.61799,10,575.40281],"5.25":[-139.98386,10,559.74123],"5.2917":[-144.16369,10,544.20886],"5.3333":[-148.16372,10,528.81504],"5.375":[-151.97124,10,513.56795],"5.4167":[-155.59565,10,498.47463],"5.4583":[-159.05493,10,483.54105],"5.5":[-162.35314,10,468.77216],"5.5417":[-165.4713,10,454.18449],"5.5833":[-168.43409,10,439.77226],"5.625":[-171.24847,10,425.53685],"5.6667":[-173.91794,10,411.48325],"5.7083":[-176.4266,10,397.62739],"5.75":[-178.7952,10,383.95375],"5.7917":[-181.0299,10,370.46792],"5.8333":[-183.1338,10,357.18551],"5.875":[-185.10025,10,344.08499],"5.9167":[-186.93317,10,331.18819],"5.9583":[-188.64493,10,318.48108],"6.0":[-190.23826,10,305.96873],"6.0417":[-191.71583,10,293.65361],"6.0833":[-193.06804,10,281.52849],"6.125":[-194.30658,10,269.60105],"6.1667":[-195.43764,10,257.86385],"6.2083":[-196.46361,10,246.31725],"6.25":[-197.38681,10,234.9668],"6.2917":[-198.20106,10,223.79205],"6.3333":[-198.91259,10,212.82552],"6.375":[-199.52856,10,202.03098],"6.4167":[-200.05106,10,191.42491],"6.4583":[-200.48214,10,181.0086],"6.5":[-200.82257,10,170.76228],"6.5417":[-201.06572,10,160.70297],"6.5833":[-201.22379,10,150.82678],"6.625":[-201.29866,10,141.11767],"6.6667":[-201.29214,10,131.57938],"6.7083":[-201.20602,10,122.23033],"6.75":[-201.03979,10,113.04472],"6.7917":[-200.79048,10,104.0215],"6.8333":[-200.46712,10,95.16162],"6.875":[-200.07137,10,86.48364],"6.9167":[-199.60484,10,77.96365],"6.9583":[-199.06912,10,69.6004],"7.0":[-198.46488,10,61.39263],"7.0417":[-197.78762,10,53.33902],"7.0833":[-197.04614,10,45.45139],"7.125":[-196.24191,10,37.71885],"7.1667":[-195.3764,10,30.13532],"7.2083":[-194.45106,10,22.69935],"7.25":[-193.46731,10,15.40952],"7.2917":[-192.42075,10,8.26435],"7.3333":[-191.31793,10,1.26234],"7.375":[-190.16117,10,-5.59799],"7.4167":[-188.95181,10,-12.31819],"7.4583":[-187.6912,10,-18.89691],"7.5":[-186.38067,10,-25.33498],"7.5417":[-185.0178,10,-31.6386],"7.5833":[-183.60577,10,-37.80935],"7.625":[-182.14801,10,-43.84879],"7.6667":[-180.64578,10,-49.7585],"7.7083":[-179.10037,10,-55.54006],"7.75":[-177.51304,10,-61.19506],"7.7917":[-175.88205,10,-66.72509],"7.8333":[-174.2099,10,-72.13173],"7.875":[-172.49985,10,-77.41658],"7.9167":[-170.75316,10,-82.58123],"7.9583":[-168.97108,10,-87.62727],"8.0":[-167.15484,10,-92.55628],"8.0417":[-165.30207,10,-97.3673],