{"format_version":"1.8.0","animations":{"animation.spark.eta2_starfighter.marketing":{"loop":"hold_on_last_frame","animation_length":13.52,"bones":{"eta_2_hs":{"rotation":{"0.0":[0,180,-5],"0.68":[0,180,-5],"0.88":[0,180,-5],"2.04":[0,180,-5]},"position":{"0.0":[-14,34,-300],"0.68":[-14,34,-1000],"0.72":[-14,34,-600],"0.76":[-14,34,-137.77],"0.8":[-14,34,-95.21],"0.84":[-14,34,-80.65],"0.88":[-14,34,-77],"2.04":[-14,34,-77]},"scale":{"0.0":[0,0,0],"0.64":[0,0,0],"0.68":[0.02,0.02,0],"0.72":[0.02,0.02,1],"0.76":[0.02,0.02,0.6],"0.8":[0.02,0.02,0.2],"0.84":[0.02,0.02,0.06],"0.88":[0.02,0.02,0.02],"2.04":[0.02,0.02,0.02]}},"planet_ph":{"rotation":[18.64189,-30.65072,13.23869],"position":[-300,-400,4000],"scale":3},"root":{"rotation":[0,0,0],"position":[0,0,0]},"ship":{"rotation":{"0.08":[-3,0,-14],"0.8":[-3,0,-14],"1.32":[-3,0,-13.77383],"1.64":[-3,0,-14],"2.16":[-2.8534,0,-14.13867],"2.68":[-2.56638,0,-13.00761],"2.76":[-2.52,0,-12.93],"3.28":[-2.04764,0,-11.71423],"3.8":[-1.43011,0,-9.64797],"4.28":[-1.07,0,-7.18],"4.8":[-0.99587,-0.32766,-2.28991],"5.32":[-1.40035,-0.90807,4.41877],"5.84":[-1.94687,-1.72851,11.65073],"5.96":[-2.05,-2,13.34],"6.48":[-2.39033,-3.14931,20.47697],"7.0":[-2.67458,-4.20614,26.3746],"7.52":[-2.93684,-5.2132,30.83069],"8.04":[-3.18441,-6.17104,34.25645],"8.56":[-3.41937,-7.07064,36.9968],"9.08":[-3.64092,-7.89139,39.26691],"9.6":[-3.84379,-8.58597,41.1994],"10.12":[-3.99714,-8.99615,42.87945],"10.16":[-4,-9,43]},"position":{"0.8":[16.14,48.37,2874],"0.84":[16.16283,48.3424,2872.83654],"0.88":[16.19659,48.28538,2869.43825],"0.92":[16.23249,48.2095,2863.91551],"0.96":[16.26878,48.11827,2856.38137],"1.0":[16.30477,48.01352,2846.95037],"1.04":[16.34011,47.89643,2835.73741],"1.08":[16.37454,47.7678,2822.85668],"1.12":[16.40794,47.62816,2808.42073],"1.16":[16.44017,47.47806,2792.53957],"1.2":[16.47115,47.31775,2775.31194],"1.24":[16.50077,47.14757,2756.83916],"1.28":[16.52898,46.96775,2737.21969],"1.32":[16.5557,46.77841,2716.54266],"1.36":[16.58085,46.57975,2694.89063],"1.4":[16.60437,46.37188,2672.35037],"1.44":[16.62618,46.15495,2648.99677],"1.48":[16.64621,45.92895,2624.90096],"1.52":[16.66438,45.69398,2600.13025],"1.56":[16.68061,45.45011,2574.74807],"1.6":[16.69481,45.19739,2548.81397],"1.64":[16.70686,44.93578,2522.38358],"1.68":[16.71669,44.66532,2495.50213],"1.72":[16.72418,44.38609,2468.22392],"1.76":[16.72923,44.0981,2440.58919],"1.8":[16.73167,43.80115,2412.64092],"1.84":[16.73137,43.49549,2384.41383],"1.88":[16.7282,43.18086,2355.94612],"1.92":[16.72198,42.85747,2327.26916],"1.96":[16.71248,42.52503,2298.41125],"2.0":[16.69951,42.18375,2269.40131],"2.04":[16.68285,41.83344,2240.26499],"2.08":[16.66222,41.47404,2211.02572],"2.12":[16.63733,41.10563,2181.70519],"2.16":[16.60782,40.72812,2152.32337],"2.2":[16.57328,40.34126,2122.89843],"2.24":[16.53327,39.94516,2093.44793],"2.32":[16.43456,39.12494,2034.53115],"2.36":[16.3745,38.70065,2005.09275],"2.4":[16.30621,38.26679,1975.68379],"2.44":[16.22845,37.82327,1946.31665],"2.48":[16.14,37.37,1917],"2.52":[15.99969,36.91105,1886.74302],"2.56":[15.78084,36.44978,1854.64019],"2.6":[15.49588,35.98494,1820.68004],"2.64":[15.15455,35.51529,1784.93737],"2.68":[14.76458,35.0396,1747.44593],"2.72":[14.33221,34.55665,1708.25285],"2.76":[13.86204,34.06524,1667.43412],"2.8":[13.35766,33.56417,1625.00802],"2.84":[12.82243,33.05228,1581.08075],"2.88":[12.25924,32.52841,1535.67393],"2.92":[11.6702,31.99143,1488.87773],"2.96":[11.05696,31.44022,1440.75945],"3.0":[10.42152,30.87369,1391.35791],"3.04":[9.76533,30.29078,1340.77323],"3.08":[9.08966,29.69044,1289.06344],"3.12":[8.39556,29.07165,1236.27944],"3.16":[7.68394,28.43344,1182.51126],"3.2":[6.95586,27.77483,1127.82336],"3.24":[6.21216,27.09484,1072.27076],"3.28":[5.45359,26.39249,1015.92023],"3.32":[4.68048,25.667,958.84272],"3.36":[3.89355,24.91753,901.09883],"3.4":[3.09359,24.14326,842.74771],"3.44":[2.28065,23.34343,783.84693],"3.48":[1.45539,22.51728,724.45233],"3.52":[0.61835,21.6641,664.61786],"3.56":[-0.2306,20.78322,604.39547],"3.6":[-1.09047,19.87388,543.83502],"3.64":[-1.96173,18.93507,482.98419],"3.68":[-2.84332,17.96664,421.88843],"3.72":[-3.73575,16.96806,360.59087],"3.76":[-4.63805,15.9388,299.13233],"3.8":[-5.55079,14.87839,237.55128],"3.84":[-6.47308,13.78556,175.88383],"3.88":[-7.4053,12.66052,114.16362],"3.92":[-8.34692,11.50301,52.42294],"3.96":[-9.29797,10.31267,-9.30743],"4.0":[-10.25841,9.08818,-71.00033],"4.04":[-11.22779,7.82993,-132.62746],"4.08":[-12.20662,6.53791,-194.16525],"4.12":[-13.19425,5.21128,-255.59293],"4.16":[-14.19082,3.84946,-316.88256],"4.2":[-15.19643,2.45319,-378.02304],"4.24":[-16.21067,1.02156,-438.9865],"4.28":[-17.23391,-0.4459,-499.76602],"4.32":[-18.2659,-1.94825,-560.33437],"4.36":[-19.30645,-3.48709,-620.69038],"4.4":[-20.35612,-5.06155,-680.80533],"4.44":[-21.41438,-6.67176,-740.6798],"4.48":[-22.48136,-8.31875,-800.2991],"4.52":[-23.5574,-10.0009,-859.64526],"4.56":[-24.64209,-11.72069,-918.72025],"4.6":[-25.73578,-13.47555,-977.51404],"4.64":[-26.83851,-15.26787,-1036.00501],"4.68":[-27.95006,-17.09546,-1094.19998],"4.72":[-29.07103,-18.9605,-1152.09208],"4.76":[-30.20109,-20.86066,-1209.67505],"4.8":[-31.3404,-22.79849,-1266.93797],"4.84":[-32.48938,-24.77136,-1323.87576],"4.88":[-33.64769,-26.78146,-1380.49008],"4.92":[-34.816,-28.82707,-1436.77704],"4.96":[-35.99406,-30.90878,-1492.73326],"5.0":[-37.18222,-33.0269,-1548.35584],"5.04":[-38.38075,-35.17995,-1603.64238],"5.08":[-39.58959,-37.36986,-1658.59089],"5.12":[-40.80943,-39.59495,-1713.19984],"5.16":[-42.03998,-41.85478,-1767.46809],"5.2":[-43.28212,-44.15137,-1821.39492],"5.24":[-44.53555,-46.48255,-1874.97996],"5.28":[-45.80118,-48.84818,-1928.22322],"5.32":[-47.07889,-51.24962,-1981.12503],"5.36":[-48.36938,-53.68571,-2033.68606],"5.4":[-49.67304,-56.15587,-2085.9073],"5.44":[-50.99,-58.66,-2137.79],"5.48":[-51.89712,-61.17685,-2189.87365],"5.52":[-52.05223,-63.68415,-2242.68213],"5.56":[-51.48129,-66.18203,-2296.21909],"5.6":[-50.23805,-68.67018,-2350.48813],"5.64":[-48.36006,-71.14911,-2405.49281],"5.68":[-45.88758,-73.61897,-2461.23661],"5.72":[-42.84428,-76.07991,-2517.72298],"5.76":[-39.2812,-78.53239,-2574.95531],"5.8":[-35.19114,-80.97682,-2632.93692],"5.84":[-30.63159,-83.41349,-2691.67109],"5.88":[-25.61533,-85.84322,-2751.16104],"5.92":[-20.15116,-88.2666,-2811.40989],"5.96":[-14.2771,-90.68425,-2872.42075],"6.0":[-8.00775,-93.0972,-2934.19663],"6.04":[-1.34198,-95.50642,-2996.74047],"6.08":[5.68558,-97.91304,-3060.05517],"6.12":[13.06155,-100.3183,-3124.14351],"6.16":[20.77918,-102.72359,-3189.00824],"6.2":[28.83002,-105.13043,-3254.652],"6.24":[37.1923,-107.54046,-3321.07738],"6.28":[45.85555,-109.95546,-3388.28685],"6.32":[54.81116,-112.37745,-3456.28283],"6.36":[64.05946,-114.80833,-3525.06763],"6.4":[73.57977,-117.25014,-3594.6478],"6.44":[83.36376,-119.70503,-3665.04848],"6.48":[93.40355,-122.17548,-3736.24665],"6.52":[103.69629,-124.66329,-3808.24423],"6.56":[114.23562,-127.17078,-3881.04299],"6.6":[125.00883,-129.70026,-3954.67157],"6.64":[136.0095,-132.25323,-4029.12227],"6.68":[147.23154,-134.83222,-4104.38095],"6.72":[158.67629,-137.43847,-4180.46436],"6.76":[170.33304,-140.07344,-4257.39541],"6.8":[182.19416,-142.73911,-4335.13988],"6.84":[194.25459,-145.43581,-4413.73286],"6.88":[206.5134,-148.16466,-4493.16679],"6.92":[218.96737,-150.92681,-4573.4343],"6.96":[231.60655,-153.72203,-4654.56877],"7.0":[244.42668,-156.55059,-4736.53649],"7.04":[257.42956,-159.41262,-4819.38053],"7.08":[270.609,-162.3084,-4903.07145],"7.12":[283.95746,-165.2371,-4987.63182],"7.16":[297.47473,-168.19825,-5073.06593],"7.2":[311.16043,-171.19128,-5159.35705],"7.24":[325.00447,-174.21546,-5246.54082],"7.28":[339.00919,-177.26999,-5334.60318],"7.32":[353.17065,-180.35397,-5423.54171],"7.36":[367.48184,-183.46707,-5513.36343],"7.4":[381.94865,-186.60774,-5604.08278],"7.44":[396.55801,-189.7749,-5695.70037],"7.48":[411.31823,-192.96772,-5788.21206],"7.52":[426.21654,-196.18586,-5881.62154],