{"format_version":"1.8.0","animations":{"animation.spark.crucible_gate_small.open":{"loop":"hold_on_last_frame","animation_length":1.04,"bones":{"gate":{"position":{"0.0":[0,0,0],"0.04":[0,1.02918,0],"0.08":[0,3.22982,0],"0.12":[0,5.96571,0],"0.16":[0,8.95968,0],"0.2":[0,12.06498,0],"0.24":[0,15.19399,0],"0.28":[0,18.29054,0],"0.32":[0,21.31641,0],"0.36":[0,24.24486,0],"0.4":[0,27.05577,0],"0.44":[0,29.73515,0],"0.48":[0,32.2715,0],"0.52":[0,34.65626,0],"0.56":[0,36.88286,0],"0.6":[0,38.94536,0],"0.64":[0,40.83965,0],"0.68":[0,42.56246,0],"0.72":[0,44.11093,0],"0.76":[0,45.48261,0],"0.8":[0,46.67468,0],"0.84":[0,47.68751,0],"0.88":[0,48.51709,0],"0.92":[0,49.16444,0],"0.96":[0,49.62812,0],"1.0":[0,49.90694,0],"1.04":[0,50,0]}}},"sound_effects":{"0.0":{"effect":"open_sound"}}},"animation.spark.crucible_gate_small.close":{"loop":"hold_on_last_frame","animation_length":1.04,"bones":{"gate":{"position":{"0.0":[0,50,0],"0.04":[0,49.68266,0],"0.08":[0,48.58246,0],"0.12":[0,46.77441,0],"0.16":[0,44.36807,0],"0.2":[0,41.49798,0],"0.24":[0,38.305,0],"0.28":[0,34.92455,0],"0.32":[0,31.47539,0],"0.36":[0,28.05464,0],"0.4":[0,24.73671,0],"0.44":[0,21.57558,0],"0.48":[0,18.60786,0],"0.52":[0,15.8567,0],"0.56":[0,13.33496,0],"0.6":[0,11.04806,0],"0.64":[0,8.996,0],"0.68":[0,7.17603,0],"0.72":[0,5.58174,0],"0.76":[0,4.20634,0],"0.8":[0,3.04111,0],"0.84":[0,2.07877,0],"0.88":[0,1.3093,0],"0.92":[0,0.72499,0],"0.96":[0,0.31769,0],"1.0":[0,0.07892,0],"1.04":[0,0,0]}}},"sound_effects":{"0.0":{"effect":"close_sound"}}},"animation.spark.crucible_gate_small.opened":{"loop":"hold_on_last_frame","bones":{"gate":{"position":[0,50,0]}}},"animation.spark.crucible_gate_small.closed":{"loop":"hold_on_last_frame","bones":{"gate":{"position":[0,0,0]}}}}}
