{"format_version":"1.8.0","animations":{"animation.spark.kamino_scientist.idle":{"loop":true,"animation_length":2,"bones":{"body":{"rotation":{"0.0":[-1,-0.0349,-0.2997],"0.0833":[-0.98,-0.01717,-0.34148],"0.1667":[-0.90674,0.009,-0.37747],"0.25":[-0.78039,0.04622,-0.40823],"0.3333":[-0.66,0.13,-0.4344],"0.4167":[-0.53,0.21,-0.45649],"0.5":[-0.40863,0.28682,-0.475],"0.5833":[-0.29,0.36,-0.4581],"0.6667":[-0.17,0.44,-0.43724],"0.75":[-0.04786,0.51798,-0.41176],"0.8333":[0.07,0.57347,-0.38095],"0.9167":[0.155,0.61677,-0.34396],"1.0":[0.2,0.65,-0.3],"1.0833":[0.155,0.61849,-0.24714],"1.1667":[0.06,0.57664,-0.20368],"1.25":[-0.0623,0.52211,-0.16841],"1.3333":[-0.18,0.44,-0.14006],"1.4167":[-0.3,0.36,-0.11758],"1.5":[-0.42,0.28,-0.1],"1.5833":[-0.54,0.2,-0.11755],"1.6667":[-0.66,0.12,-0.14],"1.75":[-0.77102,0.04028,-0.16831],"1.8333":[-0.885,0.00298,-0.20352],"1.9167":[-0.98,-0.02074,-0.24692],"2.0":[-1,-0.0349,-0.2997]},"position":{"0.0":[0,-0.03788,0],"0.0833":[0,-0.0155,0],"0.1667":[0,0,0],"0.25":[0,-0.01734,0],"0.3333":[0,-0.04133,0],"0.4167":[0,-0.07364,0],"0.6667":[0,-0.14225,0],"0.9167":[0,-0.21499,0],"1.0":[0,-0.24338,0],"1.0833":[0,-0.26259,0],"1.1667":[0,-0.275,0],"1.25":[0,-0.26414,0],"1.3333":[0,-0.24643,0],"1.4167":[0,-0.21918,0],"1.6667":[0,-0.14225,0],"1.9167":[0,-0.06912,0],"2.0":[0,-0.03788,0]},"scale":1},"neck":{"rotation":{"0.0":[6.72473,2.46751,0.64148],"0.25":[6.415,2.47,0.64],"0.5":[5.35,2.47,0.64],"0.75":[4.26,2.47,0.64],"1.0":[3.97236,2.46875,0.64074],"1.25":[4.26,2.47,0.64],"1.5":[5.35,2.47,0.64],"1.75":[6.415,2.47,0.64],"2.0":[6.72,2.47,0.64]}},"head":{"rotation":{"0.0":[0,0,0.01],"0.0833":[-0.02,0,0.06596],"0.1667":[-0.09,0,0.12125],"0.25":[-0.205,0,0.17575],"0.4167":[-0.44,0,0.29683],"0.5":[-0.56,0,0.335],"0.5833":[-0.69,0,0.29256],"0.75":[-0.94593,0,0.16925],"0.8333":[-1.03342,0,0.11547],"0.9167":[-1.07908,0,0.06234],"1.0":[-1.1,0.00044,0.00999],"1.0833":[-1.05,0,-0.04167],"1.1667":[-0.98,0,-0.0927],"1.25":[-0.89,0,-0.143],"1.4167":[-0.67,0,-0.26702],"1.5":[-0.56,0,-0.29],"1.5833":[-0.44,0,-0.26702],"1.75":[-0.205,0,-0.143],"1.8333":[-0.09,0,-0.0927],"1.9167":[-0.02,0,-0.04166],"2.0":[0,0,0.01]}},"dress":{"rotation":{"0.0":[1.50693,-5.49811,0.85558],"0.1667":[1.59634,-5.49856,0.85664],"0.5":[1.88,-5.5,0.86],"0.8333":[2.16468,-5.49929,0.85834],"1.0":[2.25846,-5.49906,0.85779],"1.1667":[2.18836,-5.49923,0.8582],"1.5":[1.88,-5.5,0.86],"1.8333":[1.58412,-5.5,0.86],"2.0":[1.51,-5.5,0.86]},"position":{"0.0":[0,0,0],"0.1667":[0,0,-0.02636],"0.5":[0,0,-0.11],"0.8333":[0,0,-0.1965],"1.0":[0,0,-0.225],"1.1667":[0,0,-0.2037],"1.5":[0,0,-0.11],"1.8333":[0,0,-0.02203],"2.0":[0,0,0]}},"arm_right":{"rotation":{"0.0":[1.99,-14.84,3.08898],"0.0833":[1.78053,-14.84393,3.04037],"0.1667":[1.73012,-14.84425,3.11188],"0.25":[1.7101,-14.84437,3.20772],"0.3333":[1.70416,-14.84441,3.33333],"0.4167":[1.76532,-14.84402,3.49529],"0.5":[1.84355,-14.84353,3.70119],"0.5833":[1.94217,-14.8429,3.83068],"0.8333":[2.4,-14.84,4.21416],"1.0833":[2.8806,-14.84,4.59],"1.1667":[2.9755,-14.84,4.45609],"1.25":[3.04712,-14.84,4.32301],"1.3333":[3.1,-14.84,4.19091],"1.4167":[3.05775,-14.84,4.05969],"1.5":[2.99544,-14.84,3.92918],"1.5833":[2.90674,-14.84,3.79969],"1.8333":[2.4,-14.84,3.25702],"1.9167":[2.2,-14.84,3.15907],"2.0":[1.99,-14.84,3.08898]},"position":{"0.0":[0,0.05,-0.245],"0.0833":[0,0.01953,-0.249],"0.1667":[0,0,-0.24956],"0.25":[0,0.02109,-0.249],"0.3333":[0,0.04524,-0.24829],"0.5833":[0,0.13934,-0.245],"0.8333":[0,0.23881,-0.245],"0.9167":[0,0.26279,-0.245],"1.0":[0,0.28303,-0.245],"1.0833":[0,0.3,-0.245],"1.1667":[0,0.29059,-0.245],"1.25":[0,0.27731,-0.245],"1.3333":[0,0.25909,-0.245],"1.5833":[0,0.16116,-0.245],"1.8333":[0,0.09398,-0.245],"1.9167":[0,0.07191,-0.245],"2.0":[0,0.05,-0.245]}},"arm_left":{"rotation":{"0.0":[-0.03224,-7.49,-2.86554],"0.0833":[-0.0498,-7.49,-2.83],"0.1667":[-0.05346,-7.49282,-2.85304],"0.25":[0.00002,-7.49257,-2.88606],"0.3333":[0.06843,-7.49226,-2.93185],"0.4167":[0.15467,-7.49186,-2.99383],"0.6667":[0.555,-7.49,-3.31923],"0.9167":[0.97724,-7.49,-3.68425],"1.0":[1.06062,-7.49,-3.75018],"1.0833":[1.12354,-7.49,-3.79731],"1.1667":[1.17,-7.49,-3.83],"1.25":[1.13288,-7.49,-3.77878],"1.3333":[1.07814,-7.49,-3.71448],"1.4167":[1.00021,-7.49,-3.63472],"1.6667":[0.555,-7.49,-3.27467],"1.8333":[0.19,-7.49,-3.00092],"1.9167":[0.01195,-7.49,-2.92028],"2.0":[-0.03224,-7.49,-2.86554]},"position":{"0.0":[0,0.05,-0.245],"0.0833":[0,0.01953,-0.249],"0.1667":[0,0,-0.24956],"0.25":[0,0.02109,-0.249],"0.3333":[0,0.04524,-0.24829],"0.5833":[0,0.13934,-0.245],"0.8333":[0,0.23881,-0.245],"0.9167":[0,0.26279,-0.245],"1.0":[0,0.28303,-0.245],"1.0833":[0,0.3,-0.245],"1.1667":[0,0.29059,-0.245],"1.25":[0,0.27731,-0.245],"1.3333":[0,0.25909,-0.245],"1.5833":[0,0.16116,-0.245],"1.8333":[0,0.09398,-0.245],"1.9167":[0,0.07191,-0.245],"2.0":[0,0.05,-0.245]}},"leg_right":{"position":[0.225,0,0]},"leg_left":{"rotation":{"0.0":[1,0,4.25],"2.0":[1,0,4.25]}},"eyes_closed":{"rotation":{"0.0":[0,0,0],"0.5":[0,0,0],"2.0":[0,0,0]}},"head_ext":{"rotation":{"0.0":[-5.67693,-2.46777,-0.03457],"0.0833":[-5.6222,-2.48516,0.00112],"0.1667":[-5.61627,-2.51155,0.03253],"0.25":[-5.51944,-2.57051,0.0596],"0.3333":[-5.30006,-2.64619,0.07492],"0.4167":[-5.08206,-2.71907,0.08585],"0.5":[-4.82519,-2.79921,0.07773],"0.5833":[-4.59045,-2.87309,0.04918],"0.6667":[-4.35703,-2.94978,0.01636],"0.75":[-4.22185,-3.02406,-0.02102],"0.8333":[-4.22716,-3.07304,-0.05397],"0.9167":[-4.1989,-3.11233,-0.09402],"1.0":[-4.19002,-3.12081,-0.14597],"1.0833":[-4.21417,-3.09052,-0.19049],"1.1667":[-4.20182,-3.04939,-0.228],"1.25":[-4.30176,-2.9817,-0.25686],"1.3333":[-4.53523,-2.9079,-0.27037],"1.4167":[-4.76781,-2.83494,-0.2794],"1.5":[-5.02636,-2.75117,-0.27058],"1.5833":[-5.25275,-2.67479,-0.24276],"1.6667":[-5.4829,-2.59787,-0.21066],"1.75":[-5.62462,-2.53037,-0.17161],"1.8333":[-5.62266,-2.49764,-0.13297],"1.9167":[-5.66097,-2.47477,-0.08533],"2.0":[-5.70124,-2.46561,-0.05865]}}}},"animation.spark.kamino_scientist.walk":{"loop":true,"animation_length":2,"bones":{"body":{"rotation":{"0.0":[-1.175,0,0],"0.0417":[-1.08911,-0.297,0.03762],"0.0833":[-0.98122,-0.594,0.07487],"0.125":[-0.84736,-0.891,0.11175],"0.25":[-0.32004,-1.78875,0.2202],"0.3333":[0.02148,-2.3085,0.29071],"0.375":[0.18952,-2.46375,0.31919],"0.4167":[0.35564,-2.59565,0.33613],"0.4583":[0.50241,-2.66633,0.34543],"0.5":[0.575,-2.7,0.35],"0.5417":[0.49937,-2.65623,0.33491],"0.5833":[0.3337,-2.58202,0.31706],"0.625":[0.16993,-2.46375,0.2961],"0.6667":[0.00778,-2.3085,0.27164],"0.75":[-0.31417,-1.78875,0.21049],"0.875":[-0.77838,-0.891,0.0978],"0.9167":[-0.93108,-0.594,0.06073],"0.9583":[-1.08291,-0.297,0.0239],"1.0":[-1.175,0,-0.01268],"1.0417":[-1.08923,0.2806,-0.04901],"1.0833":[-0.92433,0.5612,-0.08511],"1.125":[-0.77046,0.8418,-0.12096],"1.25":[-0.29848,1.68,-0.23],"1.2917":[-0.13739,1.9,-0.26],"1.3333":[0.02515,2.12,-0.28],"1.375":[0.18994,2.2875,-0.30775],"1.4167":[0.34364,2.36824,-0.32576],"1.4583":[0.51535,2.41509,-0.33958],"1.5":[0.575,2.44,-0.35],"1.5417":[0.50542,2.41826,-0.34143],"1.5833":[0.33868,2.34642,-0.32784],"1.625":[0.17287,2.21789,-0.30467],"1.6667":[0.00688,2.06598,-0.27842],"1.7083":[-0.16095,1.88796,-0.24],"1.75":[-0.33145,1.68014,-0.20672],"1.875":[-0.85635,0.8418,-0.1018],"1.9167":[-0.98296,0.5612,-0.06753],"1.9583":[-1.08824,0.2806,-0.03359],"2.0":[-1.175,0,0]},"position":{"0.0":[0.25,0,0],"0.125":[0.22868,-0.035,0],"0.25":[0.1878,-0.12,0],"0.375":[0.11635,-0.205,0],"0.5":[0,-0.25,0],"0.625":[-0.12081,-0.205,0],"0.75":[-0.19226,-0.12,0],"0.875":[-0.23111,-0.035,0],"1.0":[-0.25,0,0],"1.125":[-0.23765,-0.035,0],"1.25":[-0.20509,-0.12,0],"1.375":[-0.13432,-0.205,0],"1.5":[0,-0.25,0],"1.625":[0.11858,-0.205,0],"1.75":[0.19004,-0.12,0],"1.875":[0.22991,-0.035,0],"2.0":[0.25,0,0]}},"neck":{"rotation":{"0.0":[2.06,0,0.33],"0.0417":[2.2,0,0.38],"0.0833":[2.33,0,0.425],"0.2083":[2.5,0,0.26893],"0.3333":[2.33,0,-0.03044],"0.4583":[1.925,0,-0.31807],"0.5833":[1.40366,0.06128,-0.42425],"0.7083":[1.275,0,-0.31807],