{"format_version":"1.8.0","animations":{"animation.spark.nala_se.idle":{"loop":true,"animation_length":2.5,"bones":{"body":{"rotation":{"0.0":[0.06583,7.49971,0.50431],"0.2083":[0.0055,7.5,0.52162],"0.4167":[-0.19202,7.5,0.542],"0.625":[-0.68,7.5,0.56586],"0.8333":[-1.04571,7.5,0.59321],"1.0417":[-1.29433,7.5,0.61224],"1.25":[-1.43,7.5,0.625],"1.4583":[-1.31515,7.5,0.61223],"1.6667":[-1.03855,7.5,0.59195],"1.875":[-0.68,7.5,0.56125],"2.0833":[-0.19645,7.5,0.53408],"2.2917":[0.00515,7.5,0.51419],"2.5":[0.07,7.5,0.5]},"position":{"0.0":[0,-0.05,0],"0.2083":[0,-0.04225,0],"0.4167":[0,-0.00792,0],"0.625":[0,0.02573,0],"0.8333":[0,0.05871,0],"1.0417":[0,0.09105,0],"1.25":[0,0.1,0],"1.4583":[0,0.09346,0],"1.6667":[0,0.05871,0],"1.875":[0,0.02465,0],"2.0833":[0,-0.00873,0],"2.2917":[0,-0.04145,0],"2.5":[0,-0.05,0]}},"neck":{"rotation":{"0.0":[0.195,-3.75,-2],"0.0833":[0.15606,-3.74771,-2.00429],"0.2917":[0.25,-3.75,-2],"0.5":[0.57,-3.75,-2],"0.7083":[1.105,-3.75,-2],"0.9167":[1.65,-3.75,-2],"1.125":[1.96,-3.75,-2],"1.3333":[2.055,-3.75,-2],"1.5417":[1.96,-3.75,-2],"1.75":[1.65,-3.75,-2],"1.9167":[1.105,-3.75,-2],"2.125":[0.595,-3.75,-2],"2.3333":[0.275,-3.75,-2],"2.5":[0.195,-3.75,-2]}},"head":{"rotation":[0,0,0.01]},"arm_right":{"rotation":{"0.0":[0.97,-12.25,5.99],"0.0833":[1.1356,-12.25,6.02],"0.1667":[1.25496,-12.24807,6.04649],"0.375":[1.01463,-12.25,5.9462],"0.5833":[0.56657,-12.25,5.74288],"0.7917":[0,-12.25,5.32589],"1.0":[-0.56929,-12.25,4.91983],"1.2083":[-0.95609,-12.25,4.5245],"1.4167":[-1.13342,-12.17788,4.40501],"1.625":[-0.82539,-12.25,4.51533],"1.7917":[-0.48485,-12.25,4.72933],"2.0":[-0.04567,-12.25,5.15157],"2.2083":[0.3842,-12.25,5.56273],"2.4167":[0.80518,-12.25,5.96303],"2.5":[0.97,-12.25,5.99]},"position":{"0.0":[0,-0.01,-0.25],"0.0833":[0,0,-0.25],"0.1667":[0,0,-0.25],"0.375":[0,-0.03643,-0.25],"0.5833":[0,-0.08272,-0.25],"0.7917":[0,-0.12782,-0.25],"1.0":[0,-0.17171,-0.25],"1.2083":[0,-0.20073,-0.25],"1.4167":[0,-0.2115,-0.25],"1.625":[0,-0.19032,-0.25],"1.7917":[0,-0.15559,-0.25],"2.0":[0,-0.10163,-0.25],"2.2083":[0,-0.04587,-0.25],"2.4167":[0,-0.01308,-0.25],"2.5":[0,-0.01,-0.25]}},"arm_left":{"rotation":{"0.0":[3.67,-9.27,-6.37],"0.0833":[3.77,-9.27,-6.455],"0.1667":[3.79899,-9.27461,-6.48238],"0.375":[3.54706,-9.27,-6.3578],"0.5833":[3.15966,-9.27,-6.14653],"0.7917":[2.58829,-9.27,-5.8099],"1.0":[1.99464,-9.27,-5.59273],"1.2083":[1.63188,-9.27,-5.37913],"1.4167":[1.425,-9.27,-5.21],"1.625":[1.66304,-9.27,-5.29139],"1.7917":[1.97825,-9.27,-5.47616],"2.0":[2.59862,-9.27,-5.77684],"2.2083":[3.18353,-9.27,-6.03901],"2.4167":[3.56815,-9.27,-6.2909],"2.4583":[3.62,-9.27,-6.33],"2.5":[3.67,-9.27,-6.37]},"position":{"0.0":[0,0,0.53],"0.0833":[0,0,0.525],"0.1667":[0,0,0.53],"0.2917":[0,-0.0188,0.53],"0.5":[0,-0.06757,0.53],"0.7083":[0,-0.14684,0.53],"0.9167":[0,-0.23316,0.53],"1.125":[0,-0.29966,0.53],"1.3333":[0,-0.35,0.53],"1.5417":[0,-0.30412,0.53],"1.7083":[0,-0.24283,0.53],"1.9167":[0,-0.16417,0.53],"2.125":[0,-0.08328,0.53],"2.3333":[0,-0.02731,0.53],"2.4583":[0,0,0.53],"2.5":[0,0,0.53]}},"leg_right":{"rotation":{"0.0":[3.51334,4.99065,-0.94398],"1.25":[3.51,4.99,-0.94],"2.5":[3.51,4.99,-0.94]}},"leg_left":{"rotation":{"0.0":[0,0,1.25],"1.25":[0,0,1.25],"2.5":[0,0,1.25]},"position":{"0.0":[-0.28,0,0],"1.25":[-0.275,0,0],"2.5":[-0.28,0,0]}},"head_ext":{"rotation":{"0.0":[-0.08173,-3.74695,1.50113],"0.0417":[-0.05109,-3.7485,1.49711],"0.0833":[-0.03587,-3.749,1.49289],"0.125":[-0.04218,-3.74805,1.48841],"0.1667":[-0.04848,-3.7471,1.48392],"0.2083":[-0.04707,-3.74606,1.47825],"0.25":[-0.022,-3.74451,1.4676],"0.2917":[-0.02182,-3.74297,1.46076],"0.3333":[-0.04521,-3.74106,1.4559],"0.375":[-0.06861,-3.73915,1.45103],"0.4167":[-0.07344,-3.73709,1.44352],"0.4583":[-0.041,-3.73468,1.43068],"0.5":[-0.02114,-3.73115,1.41597],"0.5417":[-0.03006,-3.72773,1.40582],"0.5833":[-0.03899,-3.72432,1.39566],"0.625":[-0.05671,-3.72101,1.38639],"0.6667":[-0.08907,-3.71785,1.37862],"0.7083":[-0.12198,-3.7147,1.37087],"0.75":[-0.16478,-3.71075,1.36129],"0.7917":[-0.19902,-3.7076,1.35362],"0.8333":[-0.2427,-3.70456,1.34784],"0.875":[-0.29954,-3.70165,1.34471],"0.9167":[-0.34138,-3.69911,1.3406],"0.9583":[-0.35307,-3.69729,1.33454],"1.0":[-0.36768,-3.69501,1.32696],"1.0417":[-0.38932,-3.69328,1.32275],"1.0833":[-0.42275,-3.69168,1.32073],"1.125":[-0.44067,-3.69043,1.3177],"1.1667":[-0.43274,-3.68977,1.31301],"1.2083":[-0.42481,-3.68912,1.30832],"1.25":[-0.4391,-3.68852,1.30807],"1.2917":[-0.47959,-3.6883,1.31459],"1.3333":[-0.50482,-3.68842,1.32012],"1.375":[-0.50876,-3.68903,1.32429],"1.4167":[-0.5127,-3.68964,1.32846],"1.4583":[-0.52574,-3.69033,1.33424],"1.5":[-0.56957,-3.69143,1.34633],"1.5417":[-0.58571,-3.69275,1.35479],"1.5833":[-0.57941,-3.69461,1.36179],"1.625":[-0.5731,-3.69646,1.3688],"1.6667":[-0.57208,-3.69837,1.37716],"1.7083":[-0.58167,-3.70035,1.38823],"1.75":[-0.55797,-3.70371,1.39976],"1.7917":[-0.49618,-3.70746,1.40621],"1.8333":[-0.4344,-3.71123,1.41266],"1.875":[-0.3816,-3.71511,1.42001],"1.9167":[-0.35471,-3.71887,1.42961],"1.9583":[-0.34979,-3.7221,1.44062],"2.0":[-0.34363,-3.72616,1.45438],"2.0417":[-0.33871,-3.72942,1.46538],"2.0833":[-0.31114,-3.7325,1.47283],"2.125":[-0.26567,-3.73498,1.47622],"2.1667":[-0.24305,-3.73688,1.4811],"2.2083":[-0.22044,-3.73878,1.48598],"2.25":[-0.19216,-3.74117,1.49207],"2.2917":[-0.15751,-3.74299,1.49487],"2.3333":[-0.12625,-3.74423,1.49636],"2.375":[-0.11965,-3.74484,1.49947],"2.4167":[-0.11305,-3.74544,1.50257],"2.4583":[-0.10645,-3.74604,1.50567],"2.5":[-0.1015,-3.7465,1.508]}}}},"animation.spark.nala_se.walk":{"loop":true,"animation_length":1.5,"bones":{"body":{"rotation":{"0.0":[-1.525,0,0],"0.0417":[-1.45186,-0.27379,0.0455],"0.0833":[-1.32216,-0.54262,0.09018],"0.125":[-1.11866,-0.80782,0.13425],"0.2083":[-0.30785,-1.425,0.2202],"0.25":[0.09016,-1.71,0.29071],"0.2917":[0.37443,-1.9227,0.33613],"0.3333":[0.50241,-1.97506,0.34543],"0.375":[0.575,-2,0.35],"0.4167":[0.49177,-1.9184,0.32862],"0.4583":[0.30125,-1.8225,0.30273],"0.5":[0.06263,-1.71,0.27164],"0.5833":[-0.6713,-1.325,0.18804],"0.6667":[-1.27522,-0.76775,0.08114],"0.7083":[-1.43291,-0.3956,0.02848],"0.75":[-1.43923,-0.03078,-0.02366],"0.7917":[-1.30179,0.32682,-0.07527],"0.8333":[-1.06886,0.6773,-0.12637],"0.9167":[-0.56958,1.30865,-0.22709],"0.9583":[-0.31,1.54019,-0.26],"1.0":[-0.0493,1.72669,-0.28468],"1.0417":[0.1633,1.875,-0.30775],"1.0833":[0.38457,1.94118,-0.32576],"1.125":[0.51535,1.97958,-0.33958],"1.1667":[0.50542,1.98218,-0.34143],"1.2083":[0.30602,1.875,-0.30467],"1.2917":[-0.29375,1.375,-0.20672],"1.4167":[-1.22289,0.56309,-0.08466],"1.4583":[-1.45599,0.28412,-0.04272],"1.5":[-1.525,0,0]},"position":{"0.0":[0.05,0,0],"0.125":[0.0469,-0.035,0],"0.1667":[0.04,-0.07526,0],"0.2083":[0.03976,-0.11484,0],"0.25":[0.02551,-0.15387,0],"0.2917":[0.02,-0.19224,0],"0.3333":[0.01,-0.23,0],"0.375":[0,-0.25,0],"0.4583":[-0.01725,-0.205,0],"0.5833":[-0.03096,-0.0721,0],"0.625":[-0.04,-0.04413,0],"0.6667":[-0.04171,-0.02023,0],"0.7083":[-0.05,0,0],"0.75":[-0.05,-0.01015,0],"0.7917":[-0.05,-0.02402,0],"0.8333":[-0.04171,-0.04254,0],"0.9167":[-0.03096,-0.09817,0],"1.0417":[-0.01725,-0.20349,0],"1.0833":[-0.01,-0.22873,0],"1.125":[0,-0.25,0],"1.2083":[0.02596,-0.205,0],"1.2917":[0.04018,-0.13533,0],"1.3333":[0.04,-0.10138,0],"1.4167":[0.04712,-0.03368,0],"1.4583":[0.05,-0.01366,0],"1.5":[0.05,0,0]}},"neck":{"rotation":{"0.0":["3.8282+math.sin(query.anim_time * 720 / 1.5 - 90) * 0.5",0,0],"1.5":["3.8282+math.sin(query.anim_time * 720 / 1.5 - 90) * 0.5",0,0]}},"head":{"rotation":{"0.0":[0,0,0.01],"1.5":[0,0,0.01]},"position":[0,0,0]},"arm_right":{"rotation":{"0.0":[-0.69,-3.56,2.66],"0.0417":[0,-2.22614,2.55],"0.1667":[2.11649,2.63101,2.93631],"0.2083":[2.57283,4.40838,3.25],"0.25":[2.93482,5.73958,3.55516],"0.2917":[3.21788,6.71299,3.7955],"0.3333":[3.43566,7.40558,3.98186],"0.375":[3.6,7.88293,4.1239],"0.4167":[3.52,8.19921,4.23],"0.4583":[3.44,8.18104,4.11],"0.5":[3.35,7.96933,3.98619],"0.5417":[3.06966,7.59828,3.7],