{"format_version":"1.8.0","animations":{"animation.spark.astromech_tool.first.hold":{"loop":true,"animation_length":7.6667,"bones":{"root_item":{"rotation":[81.71502,60.54357,313.4256],"position":[-2.27883,20.62589,0.50431]},"root_item_left":{"rotation":[90.5775,-50.75904,141.37501],"position":[22.04485,34.2823,-25.27222]}}},"animation.spark.astromech_tool.third.hold":{"loop":true,"bones":{"root_item":{"rotation":[83,0,0],"position":[0.4,20,-4.7]},"left_item":{"rotation":[90,0,0],"position":[-0.4,21,2.25]},"astromech_paint_container":{"position":[0,-2,1.75]}}},"animation.spark.astromech_head_tool.first.hold":{"loop":true,"animation_length":7.6667,"bones":{"root_item":{"rotation":[86.71502,60.54357,303.4256],"position":[-1.01766,23.11353,1.99465]},"root_item_left":{"rotation":[90.5775,-50.75904,141.37501],"position":[22.04485,34.2823,-25.27222]}}},"animation.spark.astromech_head_tool.third.hold":{"loop":true,"bones":{"root_item":{"rotation":[83,0,0],"position":[0.4,20,-4.7]},"left_item":{"rotation":[90,0,0],"position":[-0.4,21,2.25]},"astromech_paint_container":{"position":[0,-2,1.75]},"astromech_head_tool":{"position":[0,-3.70874,1.49843]}}},"animation.spark.astromech_tool.first.use":{"animation_length":0.33333,"bones":{"astromech_paint_container":{"rotation":{"0.0":[0,0,0],"0.0417":[18.93,-30.94,-9.46],"0.125":[26,-42.5,-13],"0.2083":[21.67,-35.42,-10.83],"0.2917":[4.33,-7.08,-2.17],"0.3333":[0,0,0]},"position":{"0.0":[0,0,0],"0.0417":[2.62,-1.75,-6.55],"0.125":[3.6,-2.7,-9],"0.1667":[3.77,-2.83,-8.67],"0.2083":[3.2,-2.7,-6.2],"0.2917":[0.6,-0.9,-1.5],"0.3333":[0,0,0]}},"astromech_head_tool":{"rotation":{"0.0":[0,0,0],"0.0417":[53.3826,-31.2494,-4.5408],"0.125":[73.32,-42.925,-6.24],"0.2083":[61.1094,-35.7742,-5.1984],"0.2917":[12.2106,-7.1508,-1.0416],"0.3333":[0,0,0]},"position":{"0.0":[0,0,0],"0.0417":[2.227,2.5025,-8.122],"0.125":[3.06,3.861,-11.16],"0.1667":[3.2045,4.0469,-10.7508],"0.2083":[2.72,3.861,-7.688],"0.2917":[0.51,1.287,-1.86],"0.3333":[0,0,0]}}}}}}
