{"format_version":"1.8.0","animations":{"animation.spark.diorama.first.hold":{"loop":true,"animation_length":7.6667,"bones":{"root_item_left":{"rotation":[90.5775,-50.75904,141.37501],"position":[22.04485,34.2823,-25.27222]},"crucible":{"rotation":{"2.7917":[45.02538,22.62425,-67.17894],"5.2917":[45.43433,31.28419,-77.29967],"6.5417":[139.75742,36.71293,-84.92308],"7.5833":[39.61,41.23685,-91.27588]},"position":{"2.7917":[-25.77806,26.01034,3.04588],"5.25":[-12.80576,17.42976,-6.17657],"7.5833":[1.7822,7.2836,-15.6764]},"scale":0.01},"background":{"relative_to":{"rotation":"entity"},"rotation":{"0.0":[0,0,0.01],"5.25":[0,0,0.01]},"position":{"0.0":[1049.74818,-519.8628,-19.91646],"0.5417":[1049.74836,-519.86253,-19.91681],"1.0833":[1049.74855,-519.86224,-19.91718],"1.625":[1049.74874,-519.86195,-19.91755],"2.1667":[1049.74893,-519.86165,-19.91792],"2.7083":[1049.74912,-519.86136,-19.91829],"3.25":[1049.74931,-519.86106,-19.91866],"3.7917":[1049.7495,-519.86077,-19.91903],"4.3333":[1049.74969,-519.86047,-19.9194],"4.875":[1049.74988,-519.86019,-19.91977],"5.25":[1049.75,-519.86,-19.92],"5.7917":[1049.81495,-519.78064,-20.10743],"6.3333":[1049.8856,-519.69432,-20.31131],"6.875":[1049.95658,-519.60759,-20.51614],"7.4167":[1050.02615,-519.52259,-20.71688],"7.6667":[1050.05401,-519.48855,-20.79727]},"scale":{"0.0":[0.1,0.1,0.1],"5.25":[0.1,0.1,0.1]}}}},"animation.spark.diorama.third.hold":{"loop":true,"animation_length":7.6667,"bones":{"root_item_left":{"rotation":[90,0,0],"position":[-0.4,21,2.25]},"crucible":{"rotation":{"2.7917":[45.02538,22.62425,-67.17894],"5.2917":[45.43433,31.28419,-77.29967],"6.5417":[7.25742,36.71293,-84.92308],"7.5833":[39.61,41.23685,-91.27588]},"position":{"2.7917":[-25.77806,26.01034,3.04588],"5.25":[-12.80576,17.42976,-6.17657],"7.5833":[1.7822,7.2836,-15.6764]},"scale":0.01},"background":{"relative_to":{"rotation":"entity"},"rotation":{"0.0":[0,0,0.01],"5.25":[0,0,0.01]},"position":{"0.0":[1049.74818,-519.8628,-19.91646],"0.5417":[1049.74836,-519.86253,-19.91681],"1.0833":[1049.74855,-519.86224,-19.91718],"1.625":[1049.74874,-519.86195,-19.91755],"2.1667":[1049.74893,-519.86165,-19.91792],"2.7083":[1049.74912,-519.86136,-19.91829],"3.25":[1049.74931,-519.86106,-19.91866],"3.7917":[1049.7495,-519.86077,-19.91903],"4.3333":[1049.74969,-519.86047,-19.9194],"4.875":[1049.74988,-519.86019,-19.91977],"5.25":[1049.75,-519.86,-19.92],"5.7917":[1049.81495,-519.78064,-20.10743],"6.3333":[1049.8856,-519.69432,-20.31131],"6.875":[1049.95658,-519.60759,-20.51614],"7.4167":[1050.02615,-519.52259,-20.71688],"7.6667":[1050.05401,-519.48855,-20.79727]},"scale":{"0.0":[0.1,0.1,0.1],"5.25":[0.1,0.1,0.1]}}}}}}
