{"format_version":"1.8.0","animations":{"animation.spark.player.force_vfx_third_offset":{"loop":true,"bones":{"hand_vfx":{"position":[0,-2.5,3]}}},"animation.spark.player.dev_arm_base":{"loop":true,"bones":{"head":{"scale":0},"rightArm":{"rotation":[95,-45,115]},"leftArm":{"scale":0},"rightLeg":{"scale":0},"leftLeg":{"scale":0}}},"animation.spark.player.force_grab.first":{"animation_length":14.4,"bones":{"rightArm":{"rotation":{"0.0":[0,0,0],"0.1":[-25.49359,0,0],"0.2":[-37.93314,0,0],"0.3":[-46.94042,0,0],"0.4":[-53.15645,0,0],"0.6":[-55.8,0,0],"0.7":[-55.8,"math.sin(q.anim_time * 2500) * 0.5",0]},"position":{"0.0":[0,0,0],"0.1":[-1.7584,1.98471,0],"0.2":[-2.50071,2.82256,0],"0.3":[-2.9662,3.34797,0],"0.4":[-3.25762,3.6769,0],"0.6":[-3.4,3.8376,0]}}}},"animation.spark.player.force_drop.first":{"loop":"hold_on_last_frame","animation_length":0.6,"bones":{"rightArm":{"rotation":{"0.0":[-60,0,0],"0.1":[-65.69248,0,0],"0.2":[-90.03,0,0],"0.3":[-74.9915,0,0],"0.4":[-46.88651,0,0],"0.5":[-17.03545,0,0],"0.6":[0,0,0]},"position":{"0.0":[-4,4,0],"0.1":[-4.16893,5.2,0],"0.2":[-4.34847,4.34847,0],"0.3":[-4.39,4.39,0],"0.4":[-3.5298,3.5298,0],"0.5":[-1.31225,1.31225,0],"0.6":[0,0,0]}}}},"animation.spark.player.force_push_charge.first":{"animation_length":2.7,"bones":{"rightArm":{"rotation":{"0.0":[0,0,0],"0.2":[-25.49359,0,0],"0.4":[-37.93314,0,0],"0.7":[-46.94042,0,0],"0.9":[-50.35645,-1,0],"1.2":[-55.2,-4.4,1.5],"1.4":[-58.65,-9.3,0.75],"1.5":[-62.6,-15.4,0],"2.0":[-64,-15.4,0]},"position":{"0.0":[0,0,0],"0.2":[-1.7584,1.98471,0],"0.4":[-2.50071,2.82256,0],"0.7":[-2.9662,3.34797,0],"0.9":[-3.25762,3.6769,0],"1.1":[-3.33,3.76,0],"1.3":[-3.3,3.4376,0],"1.4":[-3.35,3.49,0],"1.5":[-3.4,3.84,0]}}}},"animation.spark.player.force_push.first":{"animation_length":0.8,"sound_effects":{"0.0":[{"effect":"push_sound"}]},"bones":{"rightArm":{"rotation":{"0.0":[-64.3,-35.5,-0.3],"0.15":[-5.7,22.9,-20.3],"0.2":[-2.16,26.91,-20.27],"0.3":[-0.08,26.13,-20.2],"0.4":[-0.07,20.27,-17.4],"0.5":[-0.05,9.5,-7.4],"0.7":[0,0,0]},"position":{"0.0":[-3.4,3.74,-1.6],"0.15":[-3.3,3.54,1.5],"0.4":[-3.3,3.24,1.7],"0.7":[-0.3,0.4,0.2],"0.8":[0,0,0]}}}},"animation.spark.player.force_pull_charge.first":{"loop":"hold_on_last_frame","animation_length":5.6,"bones":{"rightArm":{"rotation":{"0.0":[0,0,0],"0.2":[-7.14082,3.43309,-4.57745],"0.4":[-11.5042,5.53086,-7.37449],"0.6":[-13.9776,6.72,-8.96],"0.8":[-15.25128,7.33235,-9.77646],"0.9":[-15.6,7.5,-10],"1.3":["-15.6 + math.sin(q.anim_time * 250) * 1","7.5 + math.sin(q.anim_time * 500) * 0.8 - q.anim_time",-10]},"position":{"0.0":[0,0,0],"0.2":[-1.88149,1.98471,0.344],"0.4":[-2.67576,2.82256,0.516],"0.6":[-3.17383,3.34797,0.86],"0.8":[-3.48565,3.6769,1.032],"1.3":[-3.64,"4.6 + math.sin(q.anim_time * 500) * 0.1 - q.anim_time",1.2]}}}},"animation.spark.player.force_pull.first":{"animation_length":0.4,"sound_effects":{"0.0":[{"effect":"pull_sound"}]},"bones":{"rightArm":{"rotation":{"0.0":[-75,-16.4,3.1],"0.1":[-64,-14.43,2.07],"0.3":[-9.9,-2.9,0],"0.4":[0,0,0]},"position":{"0.0":[-3.4,3.8376,0],"0.1":[0,0,0]}}}},"animation.spark.player.force_grab.third":{"animation_length":14.4,"bones":{"waist":{"rotation":{"0.0":[0,0,0],"0.0833":[1.91,-3.73,-0.33],"0.25":[3.81,-7.47,-0.66],"0.4583":[4.35,-8.54,-0.75],"0.8333":["5.0767 + math.sin(q.life_time * 180) * 1",-9.96156,-0.88045]}},"head":{"rotation":{"0.0":[0,0,0],"0.0833":[-1.87,0,0],"0.2083":[-3.75,0,0],"0.3333":[-4.29,0,0],"0.5833":[-5,0,0]}},"rightArm":{"rotation":{"0.0":[0,0,0],"0.0833":[-28.04,-3.62,-0.98],"0.25":[-56.08,-7.24,-1.96],"0.4583":[-64.09,-8.28,-2.24],"0.8333":["-74.7793 - math.cos(q.life_time * 180) * 1",-9.65594,-2.61298]}},"leftArm":{"rotation":{"0.0":[0,0,0],"0.0833":[5.63,0,-3.75],"0.2083":[11.25,0,-7.5],"0.5":["15 + math.sin(q.life_time * 90) * 4",0,-10]}}}},"animation.spark.player.force_drop.third":{"loop":"hold_on_last_frame","animation_length":0.33333,"bones":{"waist":{"rotation":{"0.0":[5.0767,-9.96156,-0.88045],"0.0417":[1.86,-9.1,-0.74],"0.1667":[-0.59,-2.63,-0.33],"0.3333":[0,0,0]}},"head":{"rotation":{"0.0":[-5,0,0],"0.2083":[-1.87,0,0],"0.2917":[0,0,0]}},"rightArm":{"rotation":{"0.0":[-74.7793,-9.65594,-2.61298],"0.2083":[-28.04,-3.62,-0.98],"0.2917":[0,0,0]}},"leftArm":{"rotation":{"0.0":[15,0,-10],"0.2083":[5.63,0,-3.75],"0.2917":[0,0,0]}}}},"animation.spark.player.force_push_charge.third":{"animation_length":3.875,"bones":{"waist":{"rotation":{"0.0":[0,0,0],"0.0833":[1.91,-3.73,-0.33],"0.25":[3.81,-7.47,-0.66],"0.4583":[4.35,-8.54,-0.75],"0.8333":["5.0767 + math.sin(q.life_time * 360) * 1",-9.96156,-0.88045],"1.375":["5.0767 + math.sin(q.life_time * 360) * 1",-9.96,-0.88],"1.4167":[6.0767,-9.96,-0.88]},"position":{"0.0":[0,0,0],"0.6667":[0,-0.5,0],"1.25":[0,-0.13,0],"1.4167":[0,"math.sin(q.anim_time * 200+100)*0.14",0]}},"head":{"rotation":{"0.0":[0,0,0],"0.0833":[-1.87,0,0],"0.2083":[-3.75,0,0],"0.3333":[-4.29,0,0],"0.5833":[-5,0,0],"1.0":[-5,0,0],"1.1667":[-2.63,0,0],"1.25":[-0.4,0,0],"1.3333":[7.5,0,0],"1.4167":[8.5,0,0]}},"rightArm":{"rotation":{"0.0":[0,0,0],"0.0833":[-69.44,-3.62,-0.98],"0.25":[-80.48,-7.24,-1.96],"0.4583":[-88.49,-8.28,-2.24],"0.8333":["-93.6793 - math.cos(q.life_time * 180) * 1 + math.cos(q.life_time * 960) * 0.5",-9.65594,-2.61298],"1.4167":["-85 - math.cos(q.life_time * 180) * 1 + math.cos(q.life_time * 960) * 0.5",-9.66,-2.61]}},"leftArm":{"rotation":{"0.0":[0,0,0],"0.0833":[5.63,0,-3.75],"0.2083":[11.25,0,-7.5],"0.5":["15 + math.sin(q.life_time * 90) * 4",0,-10],"1.4167":["15 + math.sin(q.life_time * 90) * 4",0,-10]}}}},"animation.spark.player.force_push.third":{"animation_length":0.625,"sound_effects":{"0.0":[{"effect":"push_sound"}]},"bones":{"waist":{"rotation":{"0.0":[6.0767,-9.96,-0.88],"0.0833":[9.98,-9.96,-0.88],"0.125":[11.28,-9.96,-0.88],"0.2083":[12.28,-9.96,-0.88],"0.2917":[12.58,-9.16,-0.88],"0.375":[11.88,-7.26,-0.88],"0.5417":[2.06,-1.92,-0.29],"0.625":[0,0,0]},"position":{"0.0":[0,0.1,0],"0.0417":[0,0,-0.08],"0.125":[0,-0.75,-0.74],"0.2083":[0,-0.9,-0.9],"0.3333":[0,-0.8,-0.8],"0.5833":[0,0,0]}},"head":{"rotation":{"0.0":[8.5,0,0],"0.0417":[5.65,0,0],"0.0833":[-4,0,0],"0.25":[-11.5,0,0],"0.5":[-8.8,0,0],"0.625":[0,0,0]}},"rightArm":{"rotation":{"0.0":["-85 - math.cos(q.life_time * 180) * 1 + math.cos(q.life_time * 960) * 0.5",-9.66,-2.61],"0.125":[-120.66636,-9.66,-2.61],"0.1667":[-129.06679,-9.66,-2.61],"0.2917":[-135.03951,-9.66,-2.61],"0.4167":[-131.49321,-8.26,-2.61],"0.5417":[-13.88,-5.76,-2.61],"0.625":[0,0,0]}},"leftArm":{"rotation":{"0.125":["15 + math.sin(q.life_time * 90) * 4",0,-10],"0.25":[0,0,0]}}}},"animation.spark.player.force_pull_charge.third":{"animation_length":6.25,"bones":{"waist":{"rotation":{"0.0":[0,0,0],"0.125":[3.81,-7.47,-0.66],"0.3333":[4.35,-8.54,-0.75],"0.7083":["5.0767 + math.sin(q.life_time * 360) * 1",-9.96156,-0.88045],"0.9583":["5.0767 + math.sin(q.life_time * 360) * 1",-9.96,-0.88]},"position":{"0.0":[0,0,0],"0.5417":[0,-0.5,0],"0.8333":[0,-0.13,0],"0.9583":[0,0.1,0]}},"head":{"rotation":{"0.0":[0,0,0],"0.0833":[-3.75,0,0],"0.2083":[-4.29,0,0],"0.4583":[-5,0,0],"0.5833":[-5,0,0],"0.75":[-2.63,0,0],"0.8333":[-0.4,0,0],"0.9167":[7.5,0,0],"1.125":[7.5,0,0],"1.25":[-5,0,0],"1.375":[-5,0,0],"1.5417":[-2.63,0,0],"1.625":["math.sin(q.anim_time * 280-75) *3",0,0]}},"rightArm":{"rotation":{"0.0":[0,0,0],"0.125":[-61.5936,-7.24,-1.96],"0.3333":[-76.9728,-8.28,-2.24],"0.7083":[-86.93626,-9.65594,-2.61298],"0.9583":[-79.97626,-9.66,-2.61],"1.4167":["-80 + math.sin(q.anim_time * 600) * 2 - q.anim_time*5",-9.66,-2.61]}},"leftArm":{"rotation":{"0.0":[0,0,0],"0.0833":[11.25,0,-7.5],"0.375":["15 + math.sin(q.life_time * 360) * 4",0,-10]}}}},"animation.spark.player.force_pull.third":{"animation_length":0.66667,"sound_effects":{"0.0":[{"effect":"pull_sound"}]},"bones":{"waist":{"rotation":{"0.0":["5.0767 + math.sin(q.life_time * 360) * 1",-9.96,-0.88],"0.0417":[6.0767,-9.96,-0.88],"0.125":[9.98,-9.96,-0.88],"0.1667":[11.28,-9.96,-0.88],"0.25":[12.28,-9.96,-0.88],"0.3333":[12.58,-9.16,-0.88],