{"format_version":"1.8.0","animations":{"animation.player.attack.dummy":{"bones":{"body":{"position":[0,0,0]}}},"animation.spark.player.double_jump":{"animation_length":0.70833,"blend_weight":"v.is_first_person ? 0.001 : 1","bones":{"root":{"rotation":{"0.0":[0,0,0],"0.0417":[3.56378,0,0],"0.0833":[13.87912,0,0],"0.125":[31.13663,0,0],"0.1667":[55.22594,0,0],"0.2083":[85.5794,0,0],"0.25":[121.06818,0,0],"0.2917":[159.95802,0,0],"0.3333":[200.04198,0,0],"0.375":[238.93182,0,0],"0.4167":[274.4206,0,0],"0.4583":[304.77406,0,0],"0.5":[328.86337,0,0],"0.5417":[346.12088,0,0],"0.5833":[356.43622,0,0],"0.625":{"pre":[360,0,0],"post":[0,0,0]}},"position":[0,16,0]},"waist":{"rotation":{"0.0":[0,0,0],"0.1667":[35,0,0],"0.5":[12.5,0,0],"0.5833":[0,0,0]},"position":{"0.0":[0,-16,0],"0.1667":[0,-15.28707,1.02676],"0.5":[0,-15.28707,1.02676],"0.5833":[0,-16,0]}},"rightArm":{"rotation":{"0.0":{"post":[-130,0,0],"lerp_mode":"catmullrom"},"0.0833":{"post":[-98.42138,26.9697,22.07931],"lerp_mode":"catmullrom"},"0.1667":{"post":[26.65292,50.31246,48.9243],"lerp_mode":"catmullrom"},"0.5417":{"post":[6.86412,12.95733,12.59983],"lerp_mode":"catmullrom"},"0.6667":[0,0,0]},"position":{"0.0":[0,0,0],"0.0833":[0,0.85736,-2.23137],"0.1667":[0,-1.8,1.3],"0.5417":[0,-0.46357,0.3348],"0.6667":[0,0,0]}},"leftArm":{"rotation":{"0.0":{"post":[-127.5,0,0],"lerp_mode":"catmullrom"},"0.0833":{"post":[-98.42138,-26.9697,-22.07931],"lerp_mode":"catmullrom"},"0.1667":{"post":[26.65292,-50.31246,-48.9243],"lerp_mode":"catmullrom"},"0.5417":{"post":[6.86412,-12.95733,-12.59983],"lerp_mode":"catmullrom"},"0.6667":[0,0,0]},"position":{"0.0":[0,0,0],"0.0833":[0,0.85736,-2.23137],"0.1667":[0,-1.8,1.3],"0.5417":[0,-0.41012,0.2962],"0.6667":[0,0,0]}},"rightLeg":{"rotation":{"0.0":[0,0,0],"0.0833":[32.75,0,0],"0.1667":[18.5,0,0],"0.5":[-7,0,0],"0.5833":[-13.47215,0.87483,3.64667],"0.6667":[0,0,0]},"position":{"0.0":[0,-16,0],"0.0833":[0,-15.69535,0.53881],"0.125":[0,-15.77277,-0.86085],"0.1667":[0,-12.375,-2.675],"0.5":[0,-15.67036,-0.68424],"0.5833":[0,-15.25177,-0.23396],"0.6667":[0,-16,0]}},"leftLeg":{"rotation":{"0.0":[0,0,0],"0.0833":[0,0,0],"0.1667":[27.25,0,0],"0.5":[19.68384,-12.19895,-6.39282],"0.5833":[-0.22215,-0.87483,-3.64667],"0.6667":[0,0,0]},"position":{"0.0":[0,-16,0],"0.0833":[0,-15.10047,-3.64051],"0.125":[0,-13.0973,-3.79984],"0.1667":[0,-12.775,-3.325],"0.5":[0.775,-12.775,-3.325],"0.5833":[0,-11.74558,-2.65658],"0.6667":[0,-16,0]}},"head":{"rotation":{"0.0":[0,0,0],"0.3333":[85.25,0,0],"0.5":[0,0,0],"0.5833":[0,0,0]}}},"timeline":{"0.0":"variable.is_somersaulting = true;","0.6667":"variable.is_somersaulting = false;"}},"animation.spark.player.double_jump2":{"animation_length":0.70833,"blend_weight":"v.is_first_person ? 0.001 : 1","bones":{"root":{"rotation":{"0.0":[0,0,0],"0.0417":[4.83806,0,0],"0.0833":[12.82757,0,0],"0.125":[25.2992,0,0],"0.1667":[43.87657,0,0],"0.2917":[160.87033,0,0],"0.4583":[316.8308,0,0],"0.5":[334.38958,0,0],"0.5417":[346.59859,0,0],"0.5833":[354.77212,0,0],"0.625":[360,0,0]},"position":{"0.0":[0,0,0],"0.0417":[0,-0.01305,0.30533],"0.0833":[0,0.21545,1.55543],"0.125":[0,0.99132,4.54178],"0.1667":[0,3.36855,9.96025],"0.2083":[0,8.4,12.4],"0.25":[0,13.87474,11.078],"0.2917":[0,18.40058,6.35851],"0.3333":[0,19.9,-0.475],"0.375":[0,16.50381,-5.8297],"0.4167":[0,8.59301,-7.99013],"0.4583":[0,3.2,-6.775],"0.5":[0,0.85949,-4.47783],"0.5417":[0,0.254,-1.19927],"0.5833":[0,0.08324,-0.22824],"0.625":[0,0,0]}},"waist":{"rotation":{"0.0":[0,0,0],"0.1667":[27.165,0,0],"0.2083":[23.52116,0,0],"0.375":[12.55,0,0],"0.4167":[10.695,0,0],"0.4583":[10.39,0,0],"0.5":[9.85,0,0],"0.625":[0,0,0]}},"rightArm":{"rotation":{"0.0":[-130,0,0],"0.2083":[-41.5123,-10.07026,-11.17505],"0.4583":[-41.5123,-10.07026,-11.17505],"0.625":[0,0,0]}},"leftArm":{"rotation":{"0.0":[-127.5,0,0],"0.2083":[-41.5123,10.07026,11.17505],"0.4583":[-41.5123,10.07026,11.17505],"0.625":[0,0,0]}},"rightLeg":{"rotation":{"0.125":[0,0,0],"0.25":["18.5 - this",0,10],"0.3333":["26 - this",0,10],"0.4583":["26 - this",0,10],"0.625":[0,0,0]},"position":{"0.125":[0,0,0],"0.25":[0,5.2,-5.1],"0.4583":[0,5.2,-5.1],"0.625":[0,0,0]}},"leftLeg":{"rotation":{"0.125":[0,0,0],"0.25":["18.5 - this",0,-10],"0.3333":["31 - this",0,-10],"0.4583":["31 - this",0,-10],"0.625":[0,0,0]},"position":{"0.125":[0,0,0],"0.25":[0,5.2,-5.1],"0.4583":[0,5.2,-5.1],"0.625":[0,0,0]}}},"timeline":{"0.0":"variable.is_somersaulting = true;","0.6667":"variable.is_somersaulting = false;"}},"animation.spark.player.block_hit":{"animation_length":0.5,"bones":{"rightArm":{"position":{"0.0":[0,0,0],"0.1":[0,-6,0],"0.2":[0,0,0]}}}},"animation.spark.player.use_tool":{"animation_length":0.5,"bones":{"rightArm":{"rotation":{"0.0":[0,0,0],"0.125":[-35,0,0],"0.2083":[-39.095,0,0],"0.2917":[-40.15,0,0],"0.3333":[-39.86,0,0],"0.375":[-38.675,0,0],"0.4167":[-35.55,0,0],"0.4583":[0,0,0]}},"waist":{"rotation":{"0.0":[0,0,0],"0.0833":[9.75,-6.5,0],"0.1667":[11,-9,0],"0.3333":[9.75,-6.5,0],"0.4583":[0,0,0]}}}},"animation.player.attack.first_ignite":{"animation_length":3.54167,"override_previous_animation":true,"bones":{"root":{"rotation":[0,"query.target_y_rotation",0]},"waist":{"rotation":{"0.4583":[-5,0,0],"0.6667":[-5,1.3,0],"0.8333":[-4.4,2.9,0],"0.9167":[-4.6,2.63,0.9],"1.0833":[-6,0.6,1.8],"1.625":[-7.45017,0,0],"1.7083":[-6.68702,-1.35,0.25],"1.8333":[0.75193,-9.22,0.63],"1.9167":[1.03333,-9.96156,0.68045],"2.0":[-4.22635,-7.79,0.69],"2.2083":[-5.95058,6.47,0.2],"2.25":[-5.12515,7.52114,0.09912],"2.5":[-2.33,9.32,0.1],"2.7083":[-1.13,6.82,0.1],"2.9167":[-2.33,1.82,0.1],"3.0833":[-2.14,1.54,0.09],"3.25":[-0.39,1.55,0.02],"3.4167":[0,0,0]},"position":{"0.0":[0,0,0],"0.125":[0,-0.01,-0.04],"0.2917":[0,-0.09,-0.36],"0.4167":[0,-0.1,-0.4]}},"head":{"rotation":{"0.0":[7.5,0,0],"0.125":[8.49,1.1,0.3],"0.2917":[17.25,10.85,2.95],"0.4167":[18.34721,12.06754,3.28396],"0.8333":[20.17,15.03,4.31],"0.9583":[11.71,15.92,4.62],"1.0833":[21.25705,16.80805,4.92621],"1.5417":[25.25705,16.80805,4.92621],"1.75":[7.40661,21.5781,-6.73984],"1.7917":[12.40661,21.5781,-6.73984],"1.9167":[14.2344,15.33151,-1.80427],"2.25":[25.36262,9.91516,4.0966],"2.9167":[25.36,9.92,4.1],"3.0833":[22.62,9.09,3.76],"3.25":[-2.02,1.65,0.68],"3.4167":[-7.5,0,0]}},"rightArm":{"rotation":{"0.0":[-14.94548,1.29256,4.83045],"0.125":[-18.19,-1.27,4.68],"0.2917":[-46.98,-24.04,3.37],"0.4167":[-50.58119,-26.88616,3.20387],"0.5417":[-45.9,-17.08,2.82],"0.7083":[-44.66083,-4.00707,2.31317],"0.875":[-51.59,-2.97,2.7],"1.0833":[-69.70382,-1.66257,2.48223],"1.1667":[-72.54,-1.66,1.58],"1.5417":[-73.7,-1.66,-2.42],"1.7083":[-88.4976,4.14551,-15.97163],"1.75":[-85.88,2.86,-18.07],"1.8333":[-38.64,-9.3,-14.47],"1.9167":[-34.4005,-12.26396,-13.46723],"2.0":[-51.51701,9.64604,-24.56783],"2.125":[-61.8,13.74,-19.32],"2.4583":[-66.8,17.44,-12.72],"2.6667":[-66.6,14.84,-13.42],"2.9167":[-65,13.74,-19.32],"3.0833":[-58.31,12.68,-17.09],"3.25":[-26.91,3.1,2.98],"3.4167":[-19.93656,0.9762,7.43656]},"position":{"0.0":[-0.6,0,0],"0.125":[-0.6,0,0],"0.2917":[-0.6,0,0],"0.4167":[-0.6,0,0],"0.7083":[-0.2,-0.5,-1],"2.9167":[-0.2,-0.5,-1],"3.0833":[-0.18,-0.46,-0.92],"3.25":[-0.03,-0.08,-0.17],"3.4167":[0,0,0]}},"rightItem":{"rotation":{"1.4167":[0,0,0],"1.4583":[-1.52,"!v.in_ui && q.property('spark:lightsaber_style') == 'double' ? -10 : 0",0],"1.5417":[-13.88,"!v.in_ui && q.property('spark:lightsaber_style') == 'double' ? -20 : 0",0],"1.625":[-18.25,"!v.in_ui && q.property('spark:lightsaber_style') == 'double' ? -20 : 0",0],"1.6667":[-17.5,"!v.in_ui && q.property('spark:lightsaber_style') == 'double' ? -20 : 0",0],"1.75":[-5,"!v.in_ui && q.property('spark:lightsaber_style') == 'double' ? -20 : 0",0],"1.8333":[41.85,"!v.in_ui && q.property('spark:lightsaber_style') == 'double' ? -20 : 0",-3.35],"1.9167":[46.221,"!v.in_ui && q.property('spark:lightsaber_style') == 'double' ? -20 : 0",-11.993],"2.0":[42.9102,"!v.in_ui && q.property('spark:lightsaber_style') == 'double' ? -20 : 0",-10.72],