{"format_version":"1.8.0","animations":{"animation.spark.dojo_gate.open":{"loop":"hold_on_last_frame","animation_length":2,"bones":{"gate_part_1":{"position":{"0.0":[0,0,0],"0.04":[1.33049,0,0],"0.08":[3.31304,0,0],"0.12":[5.46647,0,0],"0.16":[7.69738,0,0],"0.2":[9.96811,0,0],"0.36":[19.1485,0,0],"0.4":[21.43172,0,0],"0.44":[23.70183,0,0],"0.48":[25.95627,0,0],"0.52":[28.19265,0,0],"0.56":[30.40905,0,0],"0.6":[32.60389,0,0],"0.64":[34.77547,0,0],"0.68":[36.92209,0,0],"0.72":[39.04268,0,0],"0.76":[41.13554,0,0],"0.8":[43.19936,0,0],"0.84":[45.23316,0,0],"0.88":[47.23499,0,0],"0.92":[49.20365,0,0],"0.96":[51.138,0,0],"1.0":[53.03654,0,0],"1.04":[54.89772,0,0],"1.08":[56.71935,0,0],"1.12":[58.50037,0,0],"1.16":[60.23903,0,0],"1.2":[61.93348,0,0],"1.24":[63.58179,0,0],"1.28":[65.18187,0,0],"1.32":[66.73153,0,0],"1.36":[68.2284,0,0],"1.4":[69.66966,0,0],"1.44":[71.05253,0,0],"1.48":[72.37435,0,0],"1.52":[73.63197,0,0],"1.56":[74.82191,0,0],"1.6":[75.94046,0,0],"1.64":[76.98352,0,0],"1.68":[77.9459,0,0],"1.72":[78.82223,0,0],"1.76":[79.60795,0,0],"1.8":[80.2971,0,0],"1.84":[80.88111,0,0],"1.88":[81.35262,0,0],"1.92":[81.70462,0,0],"1.96":[81.92253,0,0],"2.0":[82,0,0]}},"gate_part_2":{"position":{"0.0":[0,0,0],"0.04":[-1.33049,0,0],"0.08":[-3.31304,0,0],"0.12":[-5.46647,0,0],"0.16":[-7.69738,0,0],"0.2":[-9.96811,0,0],"0.36":[-19.1485,0,0],"0.4":[-21.43172,0,0],"0.44":[-23.70183,0,0],"0.48":[-25.95627,0,0],"0.52":[-28.19265,0,0],"0.56":[-30.40905,0,0],"0.6":[-32.60389,0,0],"0.64":[-34.77547,0,0],"0.68":[-36.92209,0,0],"0.72":[-39.04268,0,0],"0.76":[-41.13554,0,0],"0.8":[-43.19936,0,0],"0.84":[-45.23316,0,0],"0.88":[-47.23499,0,0],"0.92":[-49.20365,0,0],"0.96":[-51.138,0,0],"1.0":[-53.03654,0,0],"1.04":[-54.89772,0,0],"1.08":[-56.71935,0,0],"1.12":[-58.50037,0,0],"1.16":[-60.23903,0,0],"1.2":[-61.93348,0,0],"1.24":[-63.58179,0,0],"1.28":[-65.18187,0,0],"1.32":[-66.73153,0,0],"1.36":[-68.2284,0,0],"1.4":[-69.66966,0,0],"1.44":[-71.05253,0,0],"1.48":[-72.37435,0,0],"1.52":[-73.63197,0,0],"1.56":[-74.82191,0,0],"1.6":[-75.94046,0,0],"1.64":[-76.98352,0,0],"1.68":[-77.9459,0,0],"1.72":[-78.82223,0,0],"1.76":[-79.60795,0,0],"1.8":[-80.2971,0,0],"1.84":[-80.88111,0,0],"1.88":[-81.35262,0,0],"1.92":[-81.70462,0,0],"1.96":[-81.92253,0,0],"2.0":[-82,0,0]}}}},"animation.spark.dojo_gate.close":{"loop":"hold_on_last_frame","animation_length":2,"bones":{"gate_part_1":{"position":{"0.0":[82,0,0],"0.04":[81.92147,0,0],"0.08":[81.69621,0,0],"0.12":[81.32746,0,0],"0.16":[80.82494,0,0],"0.2":[80.19281,0,0],"0.24":[79.43904,0,0],"0.28":[78.56767,0,0],"0.32":[77.58593,0,0],"0.36":[76.49723,0,0],"0.4":[75.30862,0,0],"0.44":[74.02267,0,0],"0.48":[72.6465,0,0],"0.52":[71.18192,0,0],"0.56":[69.63611,0,0],"0.6":[68.01036,0,0],"0.64":[66.31175,0,0],"0.68":[64.54144,0,0],"0.72":[62.70612,0,0],"0.76":[60.80725,0,0],"0.8":[58.85084,0,0],"0.84":[56.83906,0,0],"0.88":[54.777,0,0],"0.92":[52.6679,0,0],"0.96":[50.51575,0,0],"1.0":[48.32501,0,0],"1.04":[46.09884,0,0],"1.08":[43.84215,0,0],"1.12":[41.55917,0,0],"1.16":[39.25403,0,0],"1.2":[36.93159,0,0],"1.36":[27.57215,0,0],"1.4":[25.24377,0,0],"1.44":[22.9333,0,0],"1.48":[20.64849,0,0],"1.52":[18.39791,0,0],"1.56":[16.19102,0,0],"1.6":[14.03969,0,0],"1.64":[11.95524,0,0],"1.68":[9.95336,0,0],"1.72":[8.05007,0,0],"1.76":[6.26604,0,0],"1.8":[4.62621,0,0],"1.84":[3.16079,0,0],"1.88":[1.90677,0,0],"1.92":[0.91496,0,0],"1.96":[0.24946,0,0],"2.0":[0,0,0]}},"gate_part_2":{"position":{"0.0":[-82,0,0],"0.04":[-81.92148,0,0],"0.08":[-81.69631,0,0],"0.12":[-81.32775,0,0],"0.16":[-80.82562,0,0],"0.2":[-80.19404,0,0],"0.24":[-79.4411,0,0],"0.28":[-78.57074,0,0],"0.32":[-77.59038,0,0],"0.36":[-76.5032,0,0],"0.4":[-75.31654,0,0],"0.44":[-74.03264,0,0],"0.48":[-72.65898,0,0],"0.52":[-71.19696,0,0],"0.56":[-69.65407,0,0],"0.6":[-68.03146,0,0],"0.64":[-66.33608,0,0],"0.68":[-64.56944,0,0],"0.72":[-62.73776,0,0],"0.76":[-60.84279,0,0],"0.8":[-58.89048,0,0],"0.84":[-56.88257,0,0],"0.88":[-54.82473,0,0],"0.92":[-52.71956,0,0],"0.96":[-50.57158,0,0],"1.0":[-48.38477,0,0],"1.04":[-46.1625,0,0],"1.08":[-43.90961,0,0],"1.12":[-41.63016,0,0],"1.16":[-39.3282,0,0],"1.2":[-37.00876,0,0],"1.36":[-27.65684,0,0],"1.4":[-25.32893,0,0],"1.44":[-23.01825,0,0],"1.48":[-20.7325,0,0],"1.52":[-18.48018,0,0],"1.56":[-16.27072,0,0],"1.6":[-14.11541,0,0],"1.64":[-12.02652,0,0],"1.68":[-10.01857,0,0],"1.72":[-8.10814,0,0],"1.76":[-6.31619,0,0],"1.8":[-4.66717,0,0],"1.84":[-3.19218,0,0],"1.88":[-1.92841,0,0],"1.92":[-0.92657,0,0],"1.96":[-0.25309,0,0],"2.0":[0,0,0]}}}},"animation.spark.dojo_gate.opened":{"loop":"hold_on_last_frame","bones":{"gate_part_1":{"position":[82,0,0]},"gate_part_2":{"position":[-82,0,0]}}},"animation.spark.dojo_gate.closed":{"loop":"hold_on_last_frame","bones":{"gate_part_1":{"position":[0,0,0]},"gate_part_2":{"position":[0,0,0]}}}}}
