{"format_version":"1.8.0","animations":{"animation.spark.jar_jar_binks.idle":{"loop":true,"animation_length":2,"bones":{"body":{"rotation":{"0.0":[0.7,10,0],"0.125":[0.63237,9.90114,0],"0.25":[0.52761,9.76992,0],"0.5":[-0.05,9.38,0],"0.75":[-0.58795,8.95945,0],"0.875":[-0.9386,8.83487,0],"1.0":[-1.1,8.75,0],"1.125":[-0.95032,8.83114,0],"1.25":[-0.6082,8.95344,0],"1.5":[-0.05,9.38,0],"1.75":[0.5532,9.82883,0],"1.875":[0.64748,9.93753,0],"2.0":[0.7,10,0]},"position":{"0.0":[0,0,0],"1.0":[0,0.15,0],"2.0":[0,0,0]}},"head":{"rotation":{"0.0":[11.7,4.88119,1.08482],"0.125":[11.76556,4.88,1.10365],"0.25":[11.87294,4.87,1.12695],"0.5":[12.51,4.85,1.19],"0.75":[13.14701,4.84,1.26289],"0.875":[13.25797,4.83,1.28245],"1.0":[13.33158,4.82873,1.29473],"1.125":[13.25926,4.83,1.28185],"1.25":[13.15024,4.84,1.26191],"1.5":[12.52,4.85,1.19],"1.75":[11.86794,4.87,1.11139],"1.875":[11.76364,4.88,1.09168],"2.0":[11.7,4.88,1.08]},"position":{"0.0":[0,0,0],"1.0":[0,0,0],"2.0":[0,0,0]}},"actual_head":{"rotation":{"0.0":[-0.255,0,0.36],"0.125":[-0.35,-0.0837,0.435],"0.25":[-0.255,-0.16575,0.36],"0.375":[-0.0346,-0.27632,0.235],"0.5":[0.24019,-0.35128,0.12],"0.625":[0.57885,-0.4,0.01],"0.75":[0.87474,-0.325,-0.15],"0.875":[1.14104,-0.21392,-0.315],"1.0":[1.38,-0.10575,-0.465],"1.125":[1.5,-0.00044,-0.54001],"1.25":[1.38,0.09554,-0.465],"1.375":[1.12343,0.18901,-0.315],"1.5":[0.84814,0.28,-0.15],"1.625":[0.56538,0.35,0.01],"1.75":[0.27501,0.28,0.12],"1.875":[-0.00798,0.1428,0.235],"2.0":[-0.255,0,0.36]},"position":{"0.0":[0,0,0],"1.0":[0,0,0],"2.0":[0,0,0]}},"haillu_right":{"rotation":{"0.0":[11.85544,-2.48741,-0.25063],"0.25":[11.59,-2.49,-0.25],"0.5":[11.15,-2.49,-0.25],"0.75":[10.665,-2.49,-0.25],"1.0":[11.02328,-2.49,-0.25],"1.2083":[11.31466,-2.49,-0.25],"1.5":[11.71183,-2.49,-0.25],"1.75":[12.145,-2.49,-0.25],"2.0":[11.86,-2.49,-0.25]}},"haillu_left":{"rotation":{"0.0":[8.48942,8.49601,0.2615],"0.125":[8.47012,8.5,0.26],"0.25":[8.325,8.5,0.26],"0.5":[8.0394,8.5,0.26],"0.75":[7.84478,8.5,0.26],"0.875":[7.77507,8.5,0.26],"1.0":[7.72,8.5,0.26],"1.125":[7.79166,8.5,0.26],"1.25":[7.87109,8.5,0.26],"1.5":[8.0557,8.5,0.26],"1.75":[8.335,8.5,0.26],"1.875":[8.4767,8.5,0.26],"2.0":[8.49,8.5,0.26]}},"arm_right":{"rotation":{"0.0":[1.09114,-6.26684,7.89577],"0.125":[0.83371,-6.27,7.79182],"0.25":[0.66606,-6.28,7.62237],"0.375":[0.56264,-6.29,7.37424],"0.4583":[0.51905,-6.29,7.21154],"0.5417":[0.49,-6.3,7.05099],"0.625":[0.5416,-6.31,6.89257],"0.75":[0.71574,-6.32,6.65889],"0.875":[0.99224,-6.33,6.45952],"1.0":[1.26148,-6.33351,6.33886],"1.125":[1.47361,-6.33,6.46196],"1.25":[1.65609,-6.32,6.65264],"1.375":[1.73567,-6.31,6.88741],"1.5":[1.78,-6.3,7.11755],"1.625":[1.70729,-6.29,7.34313],"1.75":[1.58455,-6.29,7.56422],"1.875":[1.38966,-6.28,7.76393],"2.0":[1.095,-6.27,7.9]},"position":{"0.0":[0,0,-0.47],"1.0":[0,-0.175,-0.465],"2.0":[0,0,-0.465]}},"arm_left":{"rotation":{"0.0":[0,-3.925,-5.25],"0.125":[-0.2,-3.92,-5.2],"0.25":[-0.45562,-3.92,-5.06655],"0.375":[-0.70371,-3.92,-4.91],"0.4583":[-0.865,-3.92,-4.8],"0.5417":[-0.87559,-3.9192,-4.68927],"0.625":[-0.77141,-3.92,-4.58],"0.75":[-0.58,-3.92,-4.42827],"0.875":[-0.4,-3.92,-4.275],"1.0":[-0.22258,-3.91369,-4.1924],"1.125":[-0.01,-3.92,-4.33],"1.25":[0.24995,-3.92,-4.48799],"1.3333":[0.41643,-3.92,-4.59],"1.4167":[0.55283,-3.92,-4.69],"1.5":[0.63871,-3.91684,-4.79652],"1.5833":[0.57242,-3.92,-4.9],"1.6667":[0.46158,-3.92,-5],"1.75":[0.34893,-3.92,-5.09532],"1.875":[0.17655,-3.92,-5.23],"2.0":[0,-3.92,-5.25]},"position":{"0.0":[0,0,0],"1.0":[0,-0.175,0],"2.0":[0,0,0]}},"robe":{"rotation":{"0.0":[0,2,0],"0.25":[0,1.945,0.07],"0.5":[0,1.84,0.13],"0.75":[0,1.735,0.19],"1.0":[0,1.675,0.25],"1.25":[0,1.735,0.19],"1.5":[0,1.84,0.13],"1.75":[0,1.945,0.07],"2.0":[0,2,0]},"position":{"0.0":[0,0,0],"1.0":[0,0,0],"2.0":[0,0,0]}},"head_ext":{"rotation":{"0.0":[-12.25992,-5.00041,-0.02389],"0.0417":[-12.28167,-5.00133,-0.02794],"0.0833":[-12.30343,-5.00225,-0.03199],"0.125":[-12.32972,-5.00226,-0.0364],"0.1667":[-12.36358,-5.00075,-0.04139],"0.2083":[-12.39743,-4.99925,-0.04638],"0.25":[-12.47356,-4.9977,-0.05096],"0.2917":[-12.57502,-4.99686,-0.05263],"0.3333":[-12.67648,-4.99604,-0.0543],"0.375":[-12.77794,-4.99524,-0.05598],"0.4167":[-12.8794,-4.99446,-0.05765],"0.4583":[-12.98086,-4.9937,-0.05934],"0.5":[-13.10762,-4.99375,-0.06203],"0.5417":[-13.20894,-4.99496,-0.06489],"0.5833":[-13.31026,-4.99619,-0.06774],"0.625":[-13.41158,-4.99745,-0.07059],"0.6667":[-13.5129,-4.99874,-0.07344],"0.7083":[-13.61422,-5.00005,-0.07628],"0.75":[-13.70777,-5.00027,-0.08028],"0.7917":[-13.74288,-4.9987,-0.08404],"0.8333":[-13.778,-4.99713,-0.08781],"0.875":[-13.80869,-4.99637,-0.09086],"0.9167":[-13.832,-4.99696,-0.09273],"0.9583":[-13.85531,-4.99754,-0.09459],"1.0":[-13.86136,-4.99766,-0.09495],"1.0417":[-13.83848,-4.99703,-0.09286],"1.0833":[-13.81559,-4.99641,-0.09077],"1.125":[-13.78836,-4.99659,-0.08798],"1.1667":[-13.75388,-4.99812,-0.08405],"1.2083":[-13.7194,-4.99967,-0.08012],"1.25":[-13.64341,-5.00018,-0.07578],"1.2917":[-13.54317,-4.9989,-0.073],"1.3333":[-13.44292,-4.99764,-0.07021],"1.375":[-13.34267,-4.99641,-0.06742],"1.4167":[-13.24243,-4.99521,-0.06462],"1.4583":[-13.14218,-4.99403,-0.06183],"1.5":[-13.01517,-4.99325,-0.05777],"1.5417":[-12.91151,-4.99344,-0.05386],"1.5833":[-12.80785,-4.99367,-0.04995],"1.625":[-12.70419,-4.99392,-0.04605],"1.6667":[-12.60054,-4.99421,-0.04214],"1.7083":[-12.49688,-4.99453,-0.03824],"1.75":[-12.40265,-4.99566,-0.03333],"1.7917":[-12.36969,-4.99741,-0.02938],"1.8333":[-12.33672,-4.99917,-0.02542],"1.875":[-12.30857,-4.99997,-0.02225],"1.9167":[-12.28845,-4.99917,-0.02036],"1.9583":[-12.26833,-4.99837,-0.01848],"2.0":[-12.25826,-4.99797,-0.01754]}}}},"animation.spark.jar_jar_binks.walk":{"loop":true,"animation_length":1.08333,"bones":{"body":{"rotation":{"0.0":[0,4,0],"0.0417":[0.37632,3.94357,0.13551],"0.0833":[0.7467,3.84539,0.25343],"0.125":[1.03623,3.69099,0.35602],"0.1667":[1.175,3.25944,0.44458],"0.2083":[1.005,2.26462,0.52041],"0.25":[0.615,1.13327,0.58527],"0.2917":[0,-0.02105,0.64024],"0.3333":[-0.87,-1.21,0.68639],"0.375":[-1.145,-2.4,0.725],"0.4167":[-1.12,-3.37,0.65113],"0.4583":[-1.01,-3.765,0.56652],"0.5":[-0.725,-3.93331,0.46959],"0.5417":[0,-4,0.35926],"0.5833":[0.66,-3.93064,0.23452],"0.625":[1.18,-3.735,0.09334],"0.6667":[1.275,-3.4,-0.0655],"0.7083":[1.17,-2.695,-0.20613],"0.75":[0.59,-1.42,-0.32055],"0.7917":[0.02,-0.14,-0.41226],"0.8333":[-0.56,1.14,-0.48486],"0.875":[-1.135,2.42,-0.54152],"0.9167":[-1.225,3,-0.585],"0.9583":[-1.13,3.44,-0.48034],"1.0":[-0.85,3.70046,-0.35065],"1.0417":[-0.445,3.86068,-0.19191],"1.0833":[0,4,0]},"position":{"0.0":[0,-0.075,0],"0.0833":[0,-0.20844,0],"0.125":[0,-0.23316,0],"0.1667":[0,-0.22049,0],"0.2917":[0,-0.05052,0],"0.3333":[0,-0.01211,0],"0.375":[0,0.00905,0],"0.4167":[0,0.01263,0],"0.4583":[0,-0.00295,0],"0.5417":[0,-0.1,0],"0.625":[0,-0.22361,0],"0.6667":[0,-0.25,0],"0.7083":[0,-0.23534,0],"0.75":[0,-0.187,0],"0.8333":[0,-0.04478,0],"0.875":[0,0.01153,0],"0.9167":[0,0.025,0],"0.9583":[0,0.02088,0],"1.0":[0,0.01224,0],"1.0833":[0,-0.075,0]}},"head":{"rotation":{"0.0":[2.75,-0.175,0.425],"0.0417":[2.52608,-0.16126,0.27109],"0.0833":[2.45358,-0.14485,0.03238],"0.125":[2.4913,-0.12488,-0.22621],"0.1667":[2.7707,-0.09,-0.38722],"0.2083":[3.36684,-0.06,-0.5058],"0.25":[4.1548,-0.03,-0.59084],"0.2917":[4.73521,-0.00044,-0.64999],"0.3333":[5.05645,0.04,-0.68966],"0.375":[5.14528,0.08,-0.715],"0.4167":[5.07841,0.11849,-0.68482],"0.4583":[4.82051,0.14258,-0.63862],"0.5":[4.21973,0.16108,-0.57087],"0.5417":[3.02719,0.175,-0.47481],"0.5833":[2.59452,0.16187,-0.34244],"0.625":[2.46824,0.14443,-0.1645],"0.6667":[2.42499,0.12159,0.06946],"0.7083":[2.56172,0.09,0.29037],"0.75":[3.00935,0.05,0.4399],"0.7917":[3.76801,0.00998,0.54653],"0.8333":[4.58594,-0.02,0.62014],"0.875":[5.09011,-0.06,0.66903],"0.9167":[5.18,-0.1,0.7],"0.9583":[5.03212,-0.14248,0.66004],"1.0":[4.5395,-0.158,0.6056],"1.0417":[3.6395,-0.158,0.52926],"1.0833":[2.75,-0.175,0.425]}},