{"format_version":"1.8.0","animations":{"animation.spark.naboo_pilot.idle":{"loop":true,"animation_length":2,"bones":{"head":{"rotation":{"0.0":[0,0,0.01],"0.125":[0.035,0,0.01],"0.25":[0.125,0,0.01],"0.5":[0.5,0,0.01],"0.75":[0.85,0,0.01],"0.875":[0.955,0,0.01],"1.0":[1,0,0.01],"1.125":[0.955,0,0.01],"1.25":[0.85,0,0.01],"1.5":[0.5,0,0.01],"1.75":[0.125,0,0.01],"1.875":[0.035,0,0.01],"2.0":[0,0,0.01]},"position":{"0.0":[0,0,0],"0.125":[0,0,0],"0.25":[0,0,0],"0.5":[0,0,0],"0.75":[0,0,0],"0.875":[0,0,0],"1.0":[0,0,0],"1.125":[0,0,0],"1.25":[0,0,0],"1.5":[0,0,0],"1.75":[0,0,0],"1.875":[0,0,0],"2.0":[0,0,0]}},"body":{"rotation":{"0.0":[0.68478,11.91899,-0.24948],"0.125":[0.63991,11.9185,-0.23309],"0.25":[0.54585,11.91747,-0.20839],"0.5":[0.32,11.915,-0.12225],"0.75":[-0.05936,11.915,-0.04299],"0.875":[-0.33382,11.915,-0.01796],"1.0":[-0.495,11.915,0],"1.125":[-0.33795,11.915,-0.01436],"1.25":[-0.08098,11.915,-0.03724],"1.5":[0.32,11.915,-0.1225],"1.75":[0.53936,11.915,-0.21124],"1.875":[0.63459,11.915,-0.23505],"2.0":[0.68,11.915,-0.25]},"position":{"0.0":[0,-0.225,-1.05],"0.125":[0,-0.21947,-1.05],"0.25":[0,-0.20786,-1.05],"0.5":[0,-0.18,-1.05],"0.75":[0,-0.15201,-1.05],"0.875":[0,-0.13838,-1.05],"1.0":[0,-0.13,-1.05],"1.125":[0,-0.13781,-1.05],"1.25":[0,-0.14904,-1.05],"1.5":[0,-0.18,-1.05],"1.75":[0,-0.21047,-1.05],"1.875":[0,-0.22369,-1.05],"2.0":[0,-0.23,-1.05]}},"arm_right":{"rotation":{"0.0":[-3.24,0.74,7.01],"0.0833":[-3.21271,0.73252,7.08305],"0.1667":[-3.2,0.73,7.13],"0.2083":[-3.18978,0.73015,7.15956],"0.3333":[-3.21194,0.73259,7.08459],"0.4583":[-3.25842,0.73771,6.9663],"0.7083":[-3.37,0.75,6.73437],"0.9583":[-3.47284,0.76301,6.45069],"1.0833":[-3.52288,0.76934,6.36107],"1.2083":[-3.55367,0.77324,6.2968],"1.3333":[-3.52497,0.76961,6.35974],"1.4583":[-3.48372,0.76439,6.44976],"1.7083":[-3.37,0.75,6.744],"1.9583":[-3.26032,0.73781,6.97155],"2.0":[-3.24,0.74,7.01]},"position":{"0.0":[0,-0.03,-0.17],"0.0417":[0,-0.01953,-0.17],"0.0833":[0,-0.02,-0.17],"0.1667":[0,-0.00631,-0.17],"0.25":[0,0,-0.17],"0.2917":[0,0,-0.175],"0.4167":[0,-0.00615,-0.17439],"0.5417":[0,-0.04588,-0.1731],"0.7917":[0,-0.10541,-0.17],"1.0417":[0,-0.18172,-0.17],"1.1667":[0,-0.20219,-0.17],"1.2083":[0,-0.2072,-0.17],"1.25":[0,-0.21146,-0.17],"1.2917":[0,-0.21505,-0.17],"1.3333":[0,-0.20966,-0.17],"1.375":[0,-0.20361,-0.17],"1.4167":[0,-0.19682,-0.17],"1.5417":[0,-0.1714,-0.17],"1.7917":[0,-0.09092,-0.17],"2.0":[0,-0.03,-0.17]}},"arm_left":{"rotation":{"0.0":[-0.03911,-13.74874,-3.21846],"0.0833":[-0.01,-13.75,-3.24],"0.125":[0,-13.75,-3.25],"0.25":[-0.03813,-13.74877,-3.21925],"0.375":[-0.11807,-13.74619,-3.15478],"0.625":[-0.3369,-13.74,-3],"0.875":[-0.54715,-13.73813,-2.86078],"1.0":[-0.59153,-13.73722,-2.79302],"1.125":[-0.61153,-13.73666,-2.75134],"1.25":[-0.58274,-13.73718,-2.7902],"1.375":[-0.53105,-13.73793,-2.84605],"1.625":[-0.33018,-13.74,-3],"1.875":[-0.12111,-13.74609,-3.15233],"2.0":[-0.03911,-13.74874,-3.21846]},"position":{"0.0":[0,-0.02,0.88],"0.0833":[0,-0.01009,0.875],"0.1667":[0,0,0.875],"0.2083":[0,0,0.875],"0.3333":[0,-0.00984,0.875],"0.4583":[0,-0.04358,0.875],"0.7083":[0,-0.10981,0.875],"0.9583":[0,-0.17439,0.875],"1.0417":[0,-0.19555,0.88],"1.0833":[0,-0.20607,0.875],"1.125":[0,-0.21654,0.88],"1.1667":[0,-0.22328,0.88],"1.2083":[0,-0.22825,0.875],"1.25":[0,-0.2222,0.88],"1.2917":[0,-0.2146,0.88],"1.3333":[0,-0.20516,0.875],"1.4583":[0,-0.17354,0.875],"1.7083":[0,-0.09915,0.875],"1.9583":[0,-0.02839,0.875],"2.0":[0,-0.02,0.88]}},"leg_right":{"rotation":{"0.0":[0.83434,14.7378,2.58311],"0.125":[0.83442,14.73807,2.58273],"0.25":[0.83459,14.73864,2.58193],"0.5":[0.835,14.74,2.58],"0.75":[0.835,14.74,2.58],"0.875":[0.835,14.74,2.58],"1.0":[0.835,14.74,2.58],"1.125":[0.835,14.74,2.58],"1.25":[0.835,14.74,2.58],"1.5":[0.835,14.74,2.58],"1.75":[0.835,14.74,2.58],"1.875":[0.835,14.74,2.58],"2.0":[0.835,14.74,2.58]},"position":{"0.0":[0,0,-0.525],"0.125":[0,0,-0.52561],"0.25":[0,0,-0.5269],"0.5":[0,0,-0.53],"0.75":[0,0,-0.53],"0.875":[0,0,-0.53],"1.0":[0,0,-0.53],"1.125":[0,0,-0.53],"1.25":[0,0,-0.53],"1.5":[0,0,-0.53],"1.75":[0,0,-0.53],"1.875":[0,0,-0.53],"2.0":[0,0,-0.53]}},"leg_left":{"rotation":{"0.0":[-2.82423,-0.53935,-1.64015],"0.125":[-2.82371,-0.53943,-1.64013],"0.25":[-2.82262,-0.5396,-1.64009],"0.5":[-2.82,-0.54,-1.64],"0.75":[-2.82,-0.54,-1.64],"0.875":[-2.82,-0.54,-1.64],"1.0":[-2.82,-0.54,-1.64],"1.125":[-2.82,-0.54,-1.64],"1.25":[-2.82,-0.54,-1.64],"1.5":[-2.82,-0.54,-1.64],"1.75":[-2.82,-0.54,-1.64],"1.875":[-2.82,-0.54,-1.64],"2.0":[-2.82,-0.54,-1.64]},"position":{"0.0":[0,0,-1.325],"0.125":[0,0,-1.325],"0.25":[0,0,-1.325],"0.5":[0,0,-1.325],"0.75":[0,0,-1.325],"0.875":[0,0,-1.325],"1.0":[0,0,-1.325],"1.125":[0,0,-1.325],"1.25":[0,0,-1.325],"1.5":[0,0,-1.325],"1.75":[0,0,-1.325],"1.875":[0,0,-1.325],"2.0":[0,0,-1.325]}},"head_ext":{"rotation":{"0.0":[-0.74462,-11.91497,0.3953],"0.0417":[-0.72884,-11.91498,0.38691],"0.0833":[-0.71306,-11.91498,0.37851],"0.125":[-0.69103,-11.91497,0.36786],"0.1667":[-0.6586,-11.91492,0.35343],"0.2083":[-0.62617,-11.91486,0.33899],"0.25":[-0.58193,-11.91479,0.31731],"0.2917":[-0.54208,-11.91472,0.2956],"0.3333":[-0.50224,-11.91463,0.27388],"0.375":[-0.4624,-11.91452,0.25217],"0.4167":[-0.42256,-11.91438,0.23046],"0.4583":[-0.38272,-11.91422,0.20875],"0.5":[-0.32049,-11.91422,0.17958],"0.5417":[-0.25578,-11.91446,0.15381],"0.5833":[-0.19107,-11.91466,0.12804],"0.625":[-0.12636,-11.91482,0.10227],"0.6667":[-0.06165,-11.91493,0.07651],"0.7083":[0.00306,-11.91501,0.05074],"0.75":[0.09732,-11.91505,0.01805],"0.7917":[0.18877,-11.91504,-0.00867],"0.8333":[0.28022,-11.91497,-0.03538],"0.875":[0.3576,-11.91487,-0.05837],"0.9167":[0.41153,-11.91477,-0.07512],"0.9583":[0.46545,-11.91465,-0.09188],"1.0":[0.47973,-11.91461,-0.0968],"1.0417":[0.4274,-11.91473,-0.0815],"1.0833":[0.37507,-11.91482,-0.0662],"1.125":[0.31027,-11.91492,-0.04732],"1.1667":[0.22468,-11.915,-0.02249],"1.2083":[0.13909,-11.91504,0.00235],"1.25":[0.04068,-11.91503,0.03471],"1.2917":[-0.02777,-11.91498,0.06219],"1.3333":[-0.09621,-11.91488,0.08967],"1.375":[-0.16466,-11.91473,0.11715],"1.4167":[-0.23311,-11.91454,0.14463],"1.4583":[-0.30156,-11.9143,0.17211],"1.5":[-0.37233,-11.91398,0.20367],"1.5417":[-0.41119,-11.91375,0.22559],"1.5833":[-0.45006,-11.9135,0.24751],"1.625":[-0.48892,-11.91322,0.26942],"1.6667":[-0.52779,-11.91293,0.29134],"1.7083":[-0.56665,-11.91261,0.31325],"1.75":[-0.61218,-11.91222,0.33679],"1.7917":[-0.64493,-11.91195,0.35101],"1.8333":[-0.67768,-11.91168,0.36522],"1.875":[-0.70409,-11.91144,0.37709],"1.9167":[-0.71995,-11.91128,0.38504],"1.9583":[-0.73581,-11.91112,0.393],"2.0":[-0.74374,-11.91104,0.39697]}}}},"animation.spark.naboo_pilot.walk":{"loop":true,"animation_length":1.25,"bones":{"head":{"rotation":{"0.0":[0.15,-0.375,0],"0.0833":[-0.02699,-0.28486,-0.17622],"0.1667":[-0.49803,-0.23453,-0.29101],"0.25":[-0.9132,-0.11205,-0.3384],"0.3333":[-1.0226,0.06,-0.34757],"0.4167":[-0.89645,0.24543,-0.29791],"0.5":[-0.47253,0.37036,-0.23859],"0.5833":[-0.10083,0.45088,-0.13461],"0.6667":[-0.00632,0.5,-0.03226],"0.75":[-0.08901,0.44418,0.10508],"0.8333":[-0.57386,0.35268,0.20286],"0.9167":[-0.88586,0.18572,0.27028],"1.0":[-0.95,-0.05441,0.315],"1.0833":[-0.58657,-0.22028,0.26799],"1.1667":[-0.00321,-0.31754,0.17394],"1.25":[0.15,-0.37,0]}},"body":{"rotation":{"0.0":[0,3,0],"0.0833":[0.28,2.77328,0.07064],"0.1667":[0.85,2.30707,0.12578],"0.25":[1.505,1.15,0.16],"0.3333":[1.7,-0.65,0.2],"0.4167":[1.475,-1.83207,0.17141],"0.5":[1.035,-2.54,0.12713],"0.5833":[0.47,-2.77328,0.06146],"0.6667":[0.28,-2.79625,-0.03248],"0.75":[0.56,-2.63,-0.10837],"0.8333":[1.45,-1.98269,-0.16253],"0.9167":[1.7,-0.65,-0.2],"1.0":[1.47,1.15,-0.18],"1.0833":[0.85,2.30707,-0.1538],"1.1667":[0.155,2.77328,-0.09665],"1.25":[0,3,0]},"position":{"0.0":[0,-0.6,0],"0.0833":[0.044,-0.515,0],"0.1667":[0.08,-0.285,0],"0.25":[0.09,0.00332,0],"0.2917":[0.09,0.06,0],"0.3333":[0.09,0.095,0],"0.375":[0.08,0.07,0],"0.4167":[0.06156,0.015,0],"0.5":[0.03253,-0.31,0],