{"format_version":"1.8.0","animations":{"animation.spark.crucible._shot01":{"loop":"hold_on_last_frame","animation_length":6.12,"bones":{"root":{"rotation":{"0.0":[-177.5,0,165.4],"0.52":[-177.5,0,166.80774],"1.04":[-177.5,0,168.29236],"1.56":[-177.5,0,169.64957],"2.0":[-177.5,0,170.4],"2.52":[-178.89369,0,172.03976],"3.04":[-180.39572,0,174.5828],"3.56":[-181.87693,0,177.58314],"4.08":[-183.2758,0,181.15777],"4.4":[-183.968,0,184.03139],"4.44":[-184,0,184.5],"4.96":[-184.96884,0,191.11565],"5.48":[-186.26762,0,197.71034],"5.88":[-187.27076,0,202.46833],"5.96":[-187.44452,0,203.25833],"6.0":[-187.5,0,203.5]},"position":{"0.0":[0,454,-7880],"0.04":[0,448.61638,-7839.99938],"0.08":[0,441.50367,-7788.69781],"0.12":[0,433.98582,-7734.73282],"0.16":[0,426.26847,-7679.37506],"0.2":[0,418.43098,-7623.12568],"0.24":[0,410.51595,-7566.23521],"0.28":[0,402.54724,-7508.86621],"0.32":[0,394.54077,-7451.1284],"0.36":[0,386.50792,-7393.07142],"0.4":[0,378.45695,-7334.7653],"0.44":[0,370.39346,-7276.24455],"0.48":[0,362.32271,-7217.53743],"0.52":[0,354.2482,-7158.66624],"0.56":[0,346.17321,-7099.6534],"0.6":[0,338.10027,-7040.51428],"0.64":[0,330.03162,-6981.26182],"0.68":[0,321.96929,-6921.90885],"0.72":[0,313.91482,-6862.46572],"0.76":[0,305.86969,-6802.94137],"0.8":[0,297.83521,-6743.34357],"0.84":[0,289.8126,-6683.67368],"0.88":[0,281.80291,-6623.9427],"0.92":[0,273.80713,-6564.15662],"0.96":[0,265.8267,-6504.31553],"1.0":[0,257.86219,-6444.4268],"1.04":[0,249.91433,-6384.49566],"1.08":[0,241.98384,-6324.52019],"1.12":[0,234.0714,-6264.50972],"1.16":[0,226.17829,-6204.46285],"1.2":[0,218.30561,-6144.38493],"1.24":[0,210.45313,-6084.27732],"1.28":[0,202.62139,-6024.14253],"1.32":[0,194.8125,-5963.98327],"1.36":[0,187.02654,-5903.80086],"1.4":[0,179.26328,-5843.59813],"1.44":[0,171.52457,-5783.37624],"1.48":[0,163.81152,-5723.13747],"1.52":[0,156.1231,-5662.88339],"1.56":[0,148.46174,-5602.61545],"1.6":[0,140.82806,-5542.33578],"1.64":[0,133.22097,-5482.04505],"1.68":[0,125.64443,-5421.74589],"1.72":[0,118.09685,-5361.43843],"1.76":[0,110.57879,-5301.12537],"1.8":[0,103.09418,-5240.80709],"1.84":[0,95.63995,-5180.48565],"1.88":[0,88.22011,-5120.16211],"1.92":[0,80.83432,-5059.83789],"1.96":[0,73.48219,-4999.51435],"2.0":[0,66.16894,-4939.19291],"2.04":[0,58.89059,-4878.87463],"2.08":[0,51.65222,-4818.56157],"2.12":[0,44.45303,-4758.25411],"2.16":[0,37.29326,-4697.95495],"2.2":[0,30.17826,-4637.66422],"2.24":[0,23.10392,-4577.38455],"2.28":[0,16.07661,-4517.11661],"2.32":[0,9.09482,-4456.86253],"2.36":[0,2.15942,-4396.62376],"2.4":[0,-4.72343,-4336.40187],"2.44":[0,-11.55802,-4276.19914],"2.48":[0,-18.33772,-4216.01673],"2.52":[0,-25.06243,-4155.85747],"2.56":[0,-31.73319,-4095.72268],"2.6":[0,-38.33998,-4035.61507],"2.64":[0,-44.88782,-3975.53715],"2.68":[0,-51.37351,-3915.49028],"2.72":[0,-57.78838,-3855.47981],"2.76":[0,-64.13665,-3795.50434],"2.8":[0,-70.41441,-3735.5732],"2.84":[0,-76.61185,-3675.68447],"2.88":[0,-82.73271,-3615.84338],"2.92":[0,-88.77323,-3556.0573],"2.96":[0,-94.72367,-3496.32632],"3.0":[0,-100.58262,-3436.65643],"3.04":[0,-106.34757,-3377.05863],"3.08":[0,-112.01315,-3317.53428],"3.12":[0,-117.5705,-3258.09115],"3.16":[0,-123.01266,-3198.73818],"3.2":[0,-128.33627,-3139.48572],"3.24":[0,-133.53352,-3080.3466],"3.28":[0,-138.59581,-3021.33376],"3.32":[0,-143.51352,-2962.46257],"3.36":[0,-148.27597,-2903.75545],"3.4":[0,-152.87121,-2845.2347],"3.44":[0,-157.28583,-2786.92858],"3.48":[0,-161.50474,-2728.8716],"3.52":[0,-165.51091,-2671.13379],"3.56":[0,-169.28499,-2613.76479],"3.6":[0,-172.805,-2556.87432],"3.64":[0,-176.04086,-2500.62494],"3.68":[0,-178.9517,-2445.26718],"3.72":[0,-181.51387,-2391.30219],"3.76":[0,-183.66052,-2340.00062],"3.8":[0,-185.35,-2300],"3.84":[0,-186.49718,-2263.02801],"3.88":[0,-187.13223,-2211.87836],"3.92":[0,-187.27241,-2156.99607],"3.96":[0,-186.91239,-2100.13541],"4.0":[0,-186.08903,-2042.00522],"4.04":[0,-184.81676,-1982.98628],"4.08":[0,-183.08955,-1923.29922],"4.12":[0,-180.94152,-1863.08099],"4.16":[0,-178.38135,-1802.44651],"4.2":[0,-175.40744,-1741.45781],"4.24":[0,-172.04763,-1680.18038],"4.28":[0,-168.30755,-1618.65713],"4.32":[0,-164.18848,-1556.9234],"4.36":[0,-159.71323,-1495.00861],"4.4":[0,-154.88705,-1432.93751],"4.44":[0,-149.71007,-1370.73077],"4.48":[0,-144.20251,-1308.40367],"4.52":[0,-138.37168,-1245.9753],"4.56":[0,-132.21361,-1183.4595],"4.6":[0,-125.74642,-1120.86602],"4.64":[0,-118.97744,-1058.20804],"4.68":[0,-111.91191,-995.49611],"4.72":[0,-104.5496,-932.73777],"4.76":[0,-96.90471,-869.94425],"4.8":[0,-88.98284,-807.12232],"4.84":[0,-80.78943,-744.28123],"4.88":[0,-72.32985,-681.42834],"4.92":[0,-63.60835,-618.57166],"4.96":[0,-54.62987,-555.71877],"5.0":[0,-45.40191,-492.87768],"5.04":[0,-35.92958,-430.05575],"5.08":[0,-26.21801,-367.26223],"5.12":[0,-16.27237,-304.50389],"5.16":[0,-6.09758,-241.79196],"5.2":[0,4.30359,-179.13398],"5.24":[0,14.92334,-116.5405],"5.28":[0,25.75583,-54.0247],"5.32":[0,36.79497,8.40367],"5.36":[0,48.04033,70.73077],"5.4":[0,59.48002,132.93751],"5.44":[0,71.11138,195.00861],"5.48":[0,82.92395,256.9234],"5.52":[0,94.91392,318.65713],"5.56":[0,107.06949,380.18038],"5.6":[0,119.38004,441.45781],"5.64":[0,131.83243,502.44651],"5.68":[0,144.41116,563.08099],"5.72":[0,157.09339,623.29922],"5.76":[0,169.8502,682.98628],"5.8":[0,182.63851,742.00522],"5.84":[0,195.39217,800.13541],"5.88":[0,207.99994,856.99607],"5.92":[0,220.2428,911.87836],"5.96":[0,231.57949,963.02801],"6.0":[0,239.2,1000]}},"bone":{"position":[-10917,1086,-18798]},"bone2":{"position":[-2815,-3446,-18798]},"bone3":{"position":[3727,1282,-15696],"scale":-7.4}}},"animation.spark.crucible._shot02":{"loop":"hold_on_last_frame","animation_length":6,"bones":{"root":{"rotation":{"0.0":[-7.5,180,-10],"6.0":[-2.5,180,15.5]},"position":{"0.0":[0,-1200,-6000],"6.0":[0,-1000,15000]}},"bone":{"position":[-1824,-728,10000]},"bone2":{"position":[3761,-3153,8000]},"bone3":{"position":[-4696,-4104,8000]}}},"animation.spark.crucible.shot01":{"loop":"hold_on_last_frame","animation_length":6,"bones":{"root":{"rotation":{"0.0":[-177.5,0,165.4],"0.52":[-177.5,0,166.80774],"1.04":[-177.5,0,168.29236],"1.56":[-177.5,0,169.64957],"2.0":[-177.5,0,170.4],"2.52":[-178.89369,0,172.03976],"3.04":[-180.39572,0,174.5828],"3.56":[-181.87693,0,177.58314],"4.08":[-183.2758,0,181.15777],"4.4":[-183.968,0,184.03139],"4.44":[-184,0,184.5],"4.96":[-184.96884,0,191.11565],"5.48":[-186.26762,0,197.71034],"5.88":[-187.27076,0,202.46833],"5.96":[-187.44452,0,203.25833],"6.0":[-187.5,0,203.5]},"position":{"0.0":[0,"454 * 0.02","-7880 * 0.02"],"0.2":[0,"418.43 * 0.02","-7623.13* 0.02"],"0.4":[0,"378.46* 0.02","-7334.77* 0.02"],"0.6":[0,"338.1* 0.02","-7040.51* 0.02"],"0.8":[0,"297.84* 0.02","-6743.34* 0.02"],"1.0":[0,"257.86* 0.02","-6444.43* 0.02"],"1.2":[0,"218.31* 0.02","-6144.38* 0.02"],"1.4":[0,"179.26* 0.02","-5843.6* 0.02"],"1.6":[0,"140.83* 0.02","-5542.34* 0.02"],"1.8":[0,"103.09* 0.02","-5240.81* 0.02"],"2.0":[0,"66.17* 0.02","-4939.19* 0.02"],"2.2":[0,"30.18* 0.02","-4637.66* 0.02"],"2.4":[0,"-4.72* 0.02","-4336.4* 0.02"],"2.6":[0,"-38.34* 0.02","-4035.62* 0.02"],"2.8":[0,"-70.41* 0.02","-3735.57* 0.02"],"3.0":[0,"-100.58* 0.02","-3436.66* 0.02"],"3.2":[0,"-128.34* 0.02","-3139.49* 0.02"],"3.4":[0,"-152.87* 0.02","-2845.23* 0.02"],"3.6":[0,"-172.81* 0.02","-2556.87* 0.02"],"3.8":[0,"-185.35* 0.02","-2300* 0.02"],"4.0":[0,"-186.09* 0.02","-2042.01* 0.02"],"4.2":[0,"-175.41* 0.02","-1741.46* 0.02"],"4.4":[0,"-154.89* 0.02","-1432.94* 0.02"],"4.6":[0,"-125.75* 0.02","-1120.87* 0.02"],"4.8":[0,"-88.98* 0.02","-807.12* 0.02"],"5.0":[0,"-45.4* 0.02","-492.88* 0.02"],"5.2":[0,"4.3* 0.02","-179.13* 0.02"],"5.4":[0,"59.48* 0.02","132.94* 0.02"],"5.6":[0,"119.38* 0.02","441.46* 0.02"],"5.8":[0,"182.64* 0.02","742.01* 0.02"],"6.0":[0,"239.2* 0.02","1000* 0.02"]},"scale":0.02},"bone":{"position":[-10917,1086,-18798],"scale":1},"bone2":{"position":[-2815,-3446,-18798],"scale":1},"bone3":{"position":[3727,1282,-15696],"scale":7.4}}},