{"format_version":"1.8.0","animations":{"animation.spark.battle_droid_leg.main":{"loop":"hold_on_last_frame","animation_length":2.5,"bones":{"root":{"rotation":{"0.0":[0,"v.rotation",-19],"0.125":[-18.64784,"-7.3613+v.rotation",-20.78979],"0.25":[-2.49083,"-0.6833+v.rotation",-1.87993],"0.375":[0,"v.rotation","v.rotation / 20"]},"position":{"0.0":[0,2.7,0],"0.0833":[0,3.428,0],"0.125":[0,3.652,0],"0.1667":[0,3.386,0],"0.2083":[0,2.826,0],"0.25":[0,"v.depth",0],"0.2917":[0,"0.4 + v.depth",0],"0.375":[0,"v.depth",0]}},"root2":{"rotation":{"0.0833":[0,"v.rotation2",-19],"0.2083":[-18.64784,"-7.3613+v.rotation2",-20.78979],"0.3333":[-2.49083,"-0.6833+v.rotation2",-1.87993],"0.4583":[0,"v.rotation2","v.rotation2 / 32"]},"position":{"0.0":[0,10.7,0],"0.0833":[0,0.1,0],"0.1667":[0,3.428,0],"0.2083":[0,3.652,0],"0.25":[0,3.386,0],"0.2917":[0,2.826,0],"0.3333":[0,"v.depth",0],"0.375":[0,"0.4 + v.depth",0],"0.4583":[0,"v.depth",0]}}}}}}
